Date,Time,close CE,volume CE,oi CE,COI CE,COP CE,Conclusion CE,close PE,volume PE,oi PE,COI PE,COP PE,Conclusion PE,Bullishness CE,Bullishness PE,Over All Bullishness,Cumulative Bullishness,LB CE,SB CE,LC CE,SC CE,LB PE,SB PE,LC PE,SC PE,Net_SB_call,Net_SB_put,Cumulative SB call,Cumulative SB put
2024-02-09,09:15,125.75,256500,702900,-1350,-24.25,LC,234.4,60250,413850,-3750,22.25,SC,-0.0,-3750.0,-3750.0,-3750,0.0,0.0,-1350.0,0.0,0.0,0.0,0.0,-3750.0,0.0,-3750.0,0,-3750
2024-02-09,09:16,121.0,134000,755500,52600,-4.75,SB,235.65,54550,437250,23400,1.25,LB,-52600.0,0.0,-52600.0,-56350,0.0,52600.0,0.0,0.0,23400.0,0.0,0.0,0.0,52600.0,0.0,52600,-3750
2024-02-09,09:19,119.9,155000,881000,125500,-1.0999999999999943,SB,241.9,38750,467250,30000,6.25,LB,-125500.0,0.0,-125500.0,-181850,0.0,125500.0,0.0,0.0,30000.0,0.0,0.0,0.0,125500.0,0.0,178100,-3750
2024-02-09,09:22,138.1,185400,939600,58600,18.19999999999999,LB,213.65,82600,502900,35650,-28.25,SB,0.0,35650.0,35650.0,-146200,58600.0,0.0,0.0,0.0,0.0,35650.0,0.0,0.0,0.0,35650.0,178100,31900
2024-02-09,09:25,138.6,192850,946350,6750,0.5,LB,216.6,58150,520650,17750,2.9499999999999886,LB,0.0,0.0,0.0,-146200,6750.0,0.0,0.0,0.0,17750.0,0.0,0.0,0.0,0.0,0.0,178100,31900
2024-02-09,09:28,150.15,369450,1014400,68050,11.550000000000011,LB,200.6,66450,532350,11700,-16.0,SB,0.0,11700.0,11700.0,-134500,68050.0,0.0,0.0,0.0,0.0,11700.0,0.0,0.0,0.0,11700.0,178100,43600
2024-02-09,09:31,141.05,138900,1025400,11000,-9.099999999999994,SB,208.35,103600,546950,14600,7.75,LB,-11000.0,0.0,-11000.0,-145500,0.0,11000.0,0.0,0.0,14600.0,0.0,0.0,0.0,11000.0,0.0,189100,43600
2024-02-09,09:34,140.0,82650,1040950,15550,-1.0500000000000114,SB,208.45,70500,548050,1100,0.0999999999999943,LB,-15550.0,0.0,-15550.0,-161050,0.0,15550.0,0.0,0.0,1100.0,0.0,0.0,0.0,15550.0,0.0,204650,43600
2024-02-09,09:37,135.55,155700,1073300,32350,-4.449999999999989,SB,215.0,65250,578000,29950,6.550000000000011,LB,-32350.0,0.0,-32350.0,-193400,0.0,32350.0,0.0,0.0,29950.0,0.0,0.0,0.0,32350.0,0.0,237000,43600
2024-02-09,09:40,130.6,229950,1110450,37150,-4.950000000000017,SB,223.85,110200,596150,18150,8.849999999999994,LB,-37150.0,0.0,-37150.0,-230550,0.0,37150.0,0.0,0.0,18150.0,0.0,0.0,0.0,37150.0,0.0,274150,43600
2024-02-09,09:43,135.55,79500,1113550,3100,4.950000000000017,LB,217.15,27500,601550,5400,-6.699999999999989,SB,0.0,5400.0,5400.0,-225150,3100.0,0.0,0.0,0.0,0.0,5400.0,0.0,0.0,0.0,5400.0,274150,49000
2024-02-09,09:46,133.15,87850,1135850,22300,-2.4000000000000057,SB,216.2,51750,624650,23100,-0.950000000000017,SB,-22300.0,23100.0,800.0,-224350,0.0,22300.0,0.0,0.0,0.0,23100.0,0.0,0.0,22300.0,23100.0,296450,72100
2024-02-09,09:49,125.75,82800,1150500,14650,-7.400000000000006,SB,229.6,37050,624700,50,13.400000000000006,LB,-14650.0,0.0,-14650.0,-239000,0.0,14650.0,0.0,0.0,50.0,0.0,0.0,0.0,14650.0,0.0,311100,72100
2024-02-09,09:52,121.3,115800,1152700,2200,-4.450000000000003,SB,238.9,54050,615000,-9700,9.300000000000011,SC,-2200.0,-9700.0,-11900.0,-250900,0.0,2200.0,0.0,0.0,0.0,0.0,0.0,-9700.0,2200.0,-9700.0,313300,62400
2024-02-09,09:55,115.95,122600,1166850,14150,-5.349999999999994,SB,251.6,62200,607150,-7850,12.699999999999989,SC,-14150.0,-7850.0,-22000.0,-272900,0.0,14150.0,0.0,0.0,0.0,0.0,0.0,-7850.0,14150.0,-7850.0,327450,54550
2024-02-09,09:58,114.75,86600,1194550,27700,-1.2000000000000028,SB,255.55,26400,607550,400,3.950000000000017,LB,-27700.0,0.0,-27700.0,-300600,0.0,27700.0,0.0,0.0,400.0,0.0,0.0,0.0,27700.0,0.0,355150,54550
2024-02-09,10:01,110.05,240500,1177250,-17300,-4.700000000000003,LC,269.65,63250,626650,19100,14.099999999999966,LB,-0.0,0.0,0.0,-300600,0.0,0.0,-17300.0,0.0,19100.0,0.0,0.0,0.0,0.0,0.0,355150,54550
2024-02-09,10:04,120.4,120950,1199400,22150,10.350000000000009,LB,238.2,30900,639850,13200,-31.44999999999999,SB,0.0,13200.0,13200.0,-287400,22150.0,0.0,0.0,0.0,0.0,13200.0,0.0,0.0,0.0,13200.0,355150,67750
2024-02-09,10:07,123.65,121100,1236100,36700,3.25,LB,233.95,20900,643350,3500,-4.25,SB,0.0,3500.0,3500.0,-283900,36700.0,0.0,0.0,0.0,0.0,3500.0,0.0,0.0,0.0,3500.0,355150,71250
2024-02-09,10:10,128.9,138100,1230900,-5200,5.25,SC,220.3,55950,636600,-6750,-13.649999999999975,LC,5200.0,-0.0,5200.0,-278700,0.0,0.0,0.0,-5200.0,0.0,0.0,-6750.0,0.0,-5200.0,0.0,349950,71250
2024-02-09,10:13,130.8,52250,1225850,-5050,1.9000000000000057,SC,218.55,22600,638900,2300,-1.75,SB,5050.0,2300.0,7350.0,-271350,0.0,0.0,0.0,-5050.0,0.0,2300.0,0.0,0.0,-5050.0,2300.0,344900,73550
2024-02-09,10:16,126.5,145400,1223150,-2700,-4.300000000000011,LC,224.65,131700,626550,-12350,6.099999999999994,SC,-0.0,-12350.0,-12350.0,-283700,0.0,0.0,-2700.0,0.0,0.0,0.0,0.0,-12350.0,0.0,-12350.0,344900,61200
2024-02-09,10:19,134.2,100800,1247300,24150,7.699999999999989,LB,213.9,63700,649700,23150,-10.75,SB,0.0,23150.0,23150.0,-260550,24150.0,0.0,0.0,0.0,0.0,23150.0,0.0,0.0,0.0,23150.0,344900,84350
2024-02-09,10:22,130.45,51850,1283750,36450,-3.75,SB,217.45,15850,661850,12150,3.549999999999983,LB,-36450.0,0.0,-36450.0,-297000,0.0,36450.0,0.0,0.0,12150.0,0.0,0.0,0.0,36450.0,0.0,381350,84350
2024-02-09,10:25,124.2,120250,1295650,11900,-6.249999999999986,SB,228.85,97750,659500,-2350,11.400000000000006,SC,-11900.0,-2350.0,-14250.0,-311250,0.0,11900.0,0.0,0.0,0.0,0.0,0.0,-2350.0,11900.0,-2350.0,393250,82000
2024-02-09,10:28,123.7,52150,1301200,5550,-0.5,SB,228.15,18550,665850,6350,-0.6999999999999886,SB,-5550.0,6350.0,800.0,-310450,0.0,5550.0,0.0,0.0,0.0,6350.0,0.0,0.0,5550.0,6350.0,398800,88350
2024-02-09,10:31,118.75,60050,1321500,20300,-4.950000000000003,SB,237.55,30700,681850,16000,9.400000000000006,LB,-20300.0,0.0,-20300.0,-330750,0.0,20300.0,0.0,0.0,16000.0,0.0,0.0,0.0,20300.0,0.0,419100,88350
2024-02-09,10:34,123.35,101750,1328900,7400,4.599999999999994,LB,225.75,35950,680050,-1800,-11.800000000000011,LC,0.0,-0.0,0.0,-330750,7400.0,0.0,0.0,0.0,0.0,0.0,-1800.0,0.0,0.0,0.0,419100,88350
2024-02-09,10:37,117.85,28850,1344450,15550,-5.5,SB,236.3,11300,684050,4000,10.550000000000011,LB,-15550.0,0.0,-15550.0,-346300,0.0,15550.0,0.0,0.0,4000.0,0.0,0.0,0.0,15550.0,0.0,434650,88350
2024-02-09,10:40,118.35,48850,1340850,-3600,0.5,SC,232.55,17900,688900,4850,-3.75,SB,3600.0,4850.0,8450.0,-337850,0.0,0.0,0.0,-3600.0,0.0,4850.0,0.0,0.0,-3600.0,4850.0,431050,93200
2024-02-09,10:43,114.5,28850,1337200,-3650,-3.8499999999999934,LC,238.4,12200,688350,-550,5.849999999999994,SC,-0.0,-550.0,-550.0,-338400,0.0,0.0,-3650.0,0.0,0.0,0.0,0.0,-550.0,0.0,-550.0,431050,92650
2024-02-09,10:46,112.65,107100,1337150,-50,-1.8499999999999943,LC,245.9,34800,681350,-7000,7.5,SC,-0.0,-7000.0,-7000.0,-345400,0.0,0.0,-50.0,0.0,0.0,0.0,0.0,-7000.0,0.0,-7000.0,431050,85650
2024-02-09,10:49,111.75,65200,1326200,-10950,-0.9000000000000057,LC,244.8,21650,672200,-9150,-1.0999999999999943,LC,-0.0,-0.0,-0.0,-345400,0.0,0.0,-10950.0,0.0,0.0,0.0,-9150.0,0.0,0.0,0.0,431050,85650
2024-02-09,10:52,105.55,80800,1310100,-16100,-6.200000000000003,LC,257.2,17650,655950,-16250,12.399999999999975,SC,-0.0,-16250.0,-16250.0,-361650,0.0,0.0,-16100.0,0.0,0.0,0.0,0.0,-16250.0,0.0,-16250.0,431050,69400
2024-02-09,10:55,101.15,150700,1330450,20350,-4.399999999999992,SB,271.3,108600,661950,6000,14.100000000000025,LB,-20350.0,0.0,-20350.0,-382000,0.0,20350.0,0.0,0.0,6000.0,0.0,0.0,0.0,20350.0,0.0,451400,69400
2024-02-09,10:58,103.35,85100,1318700,-11750,2.1999999999999886,SC,265.0,20600,626300,-35650,-6.300000000000011,LC,11750.0,-0.0,11750.0,-370250,0.0,0.0,0.0,-11750.0,0.0,0.0,-35650.0,0.0,-11750.0,0.0,439650,69400
2024-02-09,11:01,104.0,94900,1346650,27950,0.6500000000000057,LB,267.75,24600,626400,100,2.75,LB,0.0,0.0,0.0,-370250,27950.0,0.0,0.0,0.0,100.0,0.0,0.0,0.0,0.0,0.0,439650,69400
2024-02-09,11:04,95.4,149250,1377850,31200,-8.599999999999994,SB,300.0,45950,621850,-4550,32.25,SC,-31200.0,-4550.0,-35750.0,-406000,0.0,31200.0,0.0,0.0,0.0,0.0,0.0,-4550.0,31200.0,-4550.0,470850,64850
2024-02-09,11:07,93.3,85900,1408100,30250,-2.1000000000000085,SB,297.05,17850,611350,-10500,-2.9499999999999886,LC,-30250.0,-0.0,-30250.0,-436250,0.0,30250.0,0.0,0.0,0.0,0.0,-10500.0,0.0,30250.0,0.0,501100,64850
2024-02-09,11:10,99.8,68750,1436100,28000,6.5,LB,275.0,14700,608650,-2700,-22.05000000000001,LC,0.0,-0.0,0.0,-436250,28000.0,0.0,0.0,0.0,0.0,0.0,-2700.0,0.0,0.0,0.0,501100,64850
2024-02-09,11:13,102.1,75550,1392150,-43950,2.299999999999997,SC,266.15,21500,588750,-19900,-8.850000000000023,LC,43950.0,-0.0,43950.0,-392300,0.0,0.0,0.0,-43950.0,0.0,0.0,-19900.0,0.0,-43950.0,0.0,457150,64850
2024-02-09,11:16,98.8,103100,1395750,3600,-3.299999999999997,SB,272.1,28300,590550,1800,5.9500000000000455,LB,-3600.0,0.0,-3600.0,-395900,0.0,3600.0,0.0,0.0,1800.0,0.0,0.0,0.0,3600.0,0.0,460750,64850
2024-02-09,11:19,102.25,61150,1402550,6800,3.450000000000003,LB,261.2,7100,596100,5550,-10.900000000000034,SB,0.0,5550.0,5550.0,-390350,6800.0,0.0,0.0,0.0,0.0,5550.0,0.0,0.0,0.0,5550.0,460750,70400
2024-02-09,11:22,96.15,56200,1417000,14450,-6.099999999999994,SB,277.4,10400,594450,-1650,16.19999999999999,SC,-14450.0,-1650.0,-16100.0,-406450,0.0,14450.0,0.0,0.0,0.0,0.0,0.0,-1650.0,14450.0,-1650.0,475200,68750
2024-02-09,11:25,95.95,49450,1410150,-6850,-0.2000000000000028,LC,280.35,13850,595650,1200,2.950000000000045,LB,-0.0,0.0,0.0,-406450,0.0,0.0,-6850.0,0.0,1200.0,0.0,0.0,0.0,0.0,0.0,475200,68750
2024-02-09,11:28,96.3,103000,1419350,9200,0.3499999999999943,LB,277.95,15250,590050,-5600,-2.400000000000034,LC,0.0,-0.0,0.0,-406450,9200.0,0.0,0.0,0.0,0.0,0.0,-5600.0,0.0,0.0,0.0,475200,68750
2024-02-09,11:31,98.95,72100,1387700,-31650,2.6500000000000057,SC,267.8,15700,585300,-4750,-10.149999999999975,LC,31650.0,-0.0,31650.0,-374800,0.0,0.0,0.0,-31650.0,0.0,0.0,-4750.0,0.0,-31650.0,0.0,443550,68750
2024-02-09,11:34,103.05,59300,1403400,15700,4.099999999999994,LB,256.8,16400,591050,5750,-11.0,SB,0.0,5750.0,5750.0,-369050,15700.0,0.0,0.0,0.0,0.0,5750.0,0.0,0.0,0.0,5750.0,443550,74500
2024-02-09,11:37,104.0,85800,1391950,-11450,0.9500000000000028,SC,253.1,12450,591700,650,-3.700000000000017,SB,11450.0,650.0,12100.0,-356950,0.0,0.0,0.0,-11450.0,0.0,650.0,0.0,0.0,-11450.0,650.0,432100,75150
2024-02-09,11:40,117.85,211650,1365650,-26300,13.849999999999994,SC,232.3,25150,595150,3450,-20.799999999999983,SB,26300.0,3450.0,29750.0,-327200,0.0,0.0,0.0,-26300.0,0.0,3450.0,0.0,0.0,-26300.0,3450.0,405800,78600
2024-02-09,11:43,114.2,97000,1351000,-14650,-3.649999999999992,LC,236.15,19050,604950,9800,3.8499999999999934,LB,-0.0,0.0,0.0,-327200,0.0,0.0,-14650.0,0.0,9800.0,0.0,0.0,0.0,0.0,0.0,405800,78600
2024-02-09,11:46,115.0,68150,1355750,4750,0.7999999999999972,LB,237.0,15400,592750,-12200,0.8499999999999943,SC,0.0,-12200.0,-12200.0,-339400,4750.0,0.0,0.0,0.0,0.0,0.0,0.0,-12200.0,0.0,-12200.0,405800,66400
2024-02-09,11:49,122.55,143700,1331300,-24450,7.549999999999997,SC,225.25,25350,594700,1950,-11.75,SB,24450.0,1950.0,26400.0,-313000,0.0,0.0,0.0,-24450.0,0.0,1950.0,0.0,0.0,-24450.0,1950.0,381350,68350
2024-02-09,11:52,120.9,55150,1286050,-45250,-1.6499999999999917,LC,226.75,9700,609600,14900,1.5,LB,-0.0,0.0,0.0,-313000,0.0,0.0,-45250.0,0.0,14900.0,0.0,0.0,0.0,0.0,0.0,381350,68350
2024-02-09,11:55,118.85,49450,1269050,-17000,-2.050000000000012,LC,230.75,8000,608050,-1550,4.0,SC,-0.0,-1550.0,-1550.0,-314550,0.0,0.0,-17000.0,0.0,0.0,0.0,0.0,-1550.0,0.0,-1550.0,381350,66800
2024-02-09,11:58,118.4,43350,1275500,6450,-0.4499999999999886,SB,230.05,11600,615900,7850,-0.6999999999999886,SB,-6450.0,7850.0,1400.0,-313150,0.0,6450.0,0.0,0.0,0.0,7850.0,0.0,0.0,6450.0,7850.0,387800,74650
2024-02-09,12:01,123.55,191050,1281650,6150,5.149999999999992,LB,223.0,44800,618150,2250,-7.050000000000011,SB,0.0,2250.0,2250.0,-310900,6150.0,0.0,0.0,0.0,0.0,2250.0,0.0,0.0,0.0,2250.0,387800,76900
2024-02-09,12:04,120.0,70250,1283550,1900,-3.549999999999997,SB,227.45,16900,616800,-1350,4.449999999999989,SC,-1900.0,-1350.0,-3250.0,-314150,0.0,1900.0,0.0,0.0,0.0,0.0,0.0,-1350.0,1900.0,-1350.0,389700,75550
2024-02-09,12:07,122.3,34400,1278950,-4600,2.299999999999997,SC,224.8,9050,612200,-4600,-2.6499999999999773,LC,4600.0,-0.0,4600.0,-309550,0.0,0.0,0.0,-4600.0,0.0,0.0,-4600.0,0.0,-4600.0,0.0,385100,75550
2024-02-09,12:10,127.25,116050,1268650,-10300,4.950000000000003,SC,216.1,22750,611000,-1200,-8.700000000000017,LC,10300.0,-0.0,10300.0,-299250,0.0,0.0,0.0,-10300.0,0.0,0.0,-1200.0,0.0,-10300.0,0.0,374800,75550
2024-02-09,12:13,119.8,67500,1269200,550,-7.450000000000003,SB,225.2,21300,609200,-1800,9.099999999999994,SC,-550.0,-1800.0,-2350.0,-301600,0.0,550.0,0.0,0.0,0.0,0.0,0.0,-1800.0,550.0,-1800.0,375350,73750
2024-02-09,12:16,117.65,34450,1271950,2750,-2.1499999999999915,SB,229.5,7850,611100,1900,4.300000000000011,LB,-2750.0,0.0,-2750.0,-304350,0.0,2750.0,0.0,0.0,1900.0,0.0,0.0,0.0,2750.0,0.0,378100,73750
2024-02-09,12:19,125.55,78250,1278300,6350,7.899999999999991,LB,218.05,16000,610800,-300,-11.449999999999989,LC,0.0,-0.0,0.0,-304350,6350.0,0.0,0.0,0.0,0.0,0.0,-300.0,0.0,0.0,0.0,378100,73750
2024-02-09,12:22,126.35,33950,1263450,-14850,0.7999999999999972,SC,215.75,11100,620200,9400,-2.300000000000012,SB,14850.0,9400.0,24250.0,-280100,0.0,0.0,0.0,-14850.0,0.0,9400.0,0.0,0.0,-14850.0,9400.0,363250,83150
2024-02-09,12:25,126.65,46850,1250850,-12600,0.3000000000000113,SC,215.65,11650,627400,7200,-0.0999999999999943,SB,12600.0,7200.0,19800.0,-260300,0.0,0.0,0.0,-12600.0,0.0,7200.0,0.0,0.0,-12600.0,7200.0,350650,90350
2024-02-09,12:28,124.25,38300,1255950,5100,-2.4000000000000057,SB,217.0,7650,629500,2100,1.3499999999999943,LB,-5100.0,0.0,-5100.0,-265400,0.0,5100.0,0.0,0.0,2100.0,0.0,0.0,0.0,5100.0,0.0,355750,90350
2024-02-09,12:31,123.7,177050,1260950,5000,-0.5499999999999972,SB,214.65,37600,639800,10300,-2.3499999999999943,SB,-5000.0,10300.0,5300.0,-260100,0.0,5000.0,0.0,0.0,0.0,10300.0,0.0,0.0,5000.0,10300.0,360750,100650
2024-02-09,12:34,128.5,103800,1248900,-12050,4.799999999999997,SC,205.1,23900,640600,800,-9.550000000000011,SB,12050.0,800.0,12850.0,-247250,0.0,0.0,0.0,-12050.0,0.0,800.0,0.0,0.0,-12050.0,800.0,348700,101450
2024-02-09,12:37,122.55,56750,1228600,-20300,-5.950000000000003,LC,213.55,19100,641400,800,8.450000000000017,LB,-0.0,0.0,0.0,-247250,0.0,0.0,-20300.0,0.0,800.0,0.0,0.0,0.0,0.0,0.0,348700,101450
2024-02-09,12:40,123.35,38350,1226800,-1800,0.7999999999999972,SC,214.3,14250,645400,4000,0.75,LB,1800.0,0.0,1800.0,-245450,0.0,0.0,0.0,-1800.0,4000.0,0.0,0.0,0.0,-1800.0,0.0,346900,101450
2024-02-09,12:43,127.3,42900,1218450,-8350,3.950000000000003,SC,209.15,15450,651400,6000,-5.150000000000006,SB,8350.0,6000.0,14350.0,-231100,0.0,0.0,0.0,-8350.0,0.0,6000.0,0.0,0.0,-8350.0,6000.0,338550,107450
2024-02-09,12:46,128.5,56250,1222950,4500,1.2000000000000028,LB,207.15,18200,659900,8500,-2.0,SB,0.0,8500.0,8500.0,-222600,4500.0,0.0,0.0,0.0,0.0,8500.0,0.0,0.0,0.0,8500.0,338550,115950
2024-02-09,12:49,129.65,103200,1231200,8250,1.1500000000000057,LB,204.0,20500,675050,15150,-3.1500000000000057,SB,0.0,15150.0,15150.0,-207450,8250.0,0.0,0.0,0.0,0.0,15150.0,0.0,0.0,0.0,15150.0,338550,131100
2024-02-09,12:52,124.35,50950,1231550,350,-5.300000000000011,SB,209.2,11350,673700,-1350,5.199999999999989,SC,-350.0,-1350.0,-1700.0,-209150,0.0,350.0,0.0,0.0,0.0,0.0,0.0,-1350.0,350.0,-1350.0,338900,129750
2024-02-09,12:55,118.6,86750,1221800,-9750,-5.75,LC,217.0,38700,685050,11350,7.800000000000011,LB,-0.0,0.0,0.0,-209150,0.0,0.0,-9750.0,0.0,11350.0,0.0,0.0,0.0,0.0,0.0,338900,129750
2024-02-09,12:58,123.3,74000,1237150,15350,4.700000000000003,LB,209.5,22600,686450,1400,-7.5,SB,0.0,1400.0,1400.0,-207750,15350.0,0.0,0.0,0.0,0.0,1400.0,0.0,0.0,0.0,1400.0,338900,131150
2024-02-09,13:01,126.45,51550,1251450,14300,3.1500000000000057,LB,204.05,16200,696800,10350,-5.449999999999989,SB,0.0,10350.0,10350.0,-197400,14300.0,0.0,0.0,0.0,0.0,10350.0,0.0,0.0,0.0,10350.0,338900,141500
2024-02-09,13:04,125.25,33100,1257750,6300,-1.2000000000000028,SB,204.3,18850,700700,3900,0.25,LB,-6300.0,0.0,-6300.0,-203700,0.0,6300.0,0.0,0.0,3900.0,0.0,0.0,0.0,6300.0,0.0,345200,141500
2024-02-09,13:07,123.75,28850,1261850,4100,-1.5,SB,208.55,25050,693900,-6800,4.25,SC,-4100.0,-6800.0,-10900.0,-214600,0.0,4100.0,0.0,0.0,0.0,0.0,0.0,-6800.0,4100.0,-6800.0,349300,134700
2024-02-09,13:10,122.15,49900,1245400,-16450,-1.5999999999999943,LC,208.5,15800,692050,-1850,-0.0500000000000113,LC,-0.0,-0.0,-0.0,-214600,0.0,0.0,-16450.0,0.0,0.0,0.0,-1850.0,0.0,0.0,0.0,349300,134700
2024-02-09,13:13,124.7,39750,1254700,9300,2.549999999999997,LB,204.7,15650,687100,-4950,-3.8000000000000114,LC,0.0,-0.0,0.0,-214600,9300.0,0.0,0.0,0.0,0.0,0.0,-4950.0,0.0,0.0,0.0,349300,134700
2024-02-09,13:16,121.65,39000,1243800,-10900,-3.049999999999997,LC,209.0,51450,708650,21550,4.300000000000011,LB,-0.0,0.0,0.0,-214600,0.0,0.0,-10900.0,0.0,21550.0,0.0,0.0,0.0,0.0,0.0,349300,134700
2024-02-09,13:19,114.7,73900,1247350,3550,-6.950000000000003,SB,217.45,20050,705200,-3450,8.449999999999989,SC,-3550.0,-3450.0,-7000.0,-221600,0.0,3550.0,0.0,0.0,0.0,0.0,0.0,-3450.0,3550.0,-3450.0,352850,131250
2024-02-09,13:22,115.8,39300,1251800,4450,1.0999999999999943,LB,218.0,26050,704750,-450,0.5500000000000114,SC,0.0,-450.0,-450.0,-222050,4450.0,0.0,0.0,0.0,0.0,0.0,0.0,-450.0,0.0,-450.0,352850,130800
2024-02-09,13:25,118.0,41900,1242000,-9800,2.200000000000003,SC,215.9,13100,700350,-4400,-2.0999999999999943,LC,9800.0,-0.0,9800.0,-212250,0.0,0.0,0.0,-9800.0,0.0,0.0,-4400.0,0.0,-9800.0,0.0,343050,130800
2024-02-09,13:28,119.7,29450,1241800,-200,1.7000000000000028,SC,210.9,12350,699600,-750,-5.0,LC,200.0,-0.0,200.0,-212050,0.0,0.0,0.0,-200.0,0.0,0.0,-750.0,0.0,-200.0,0.0,342850,130800
2024-02-09,13:31,115.25,65950,1245300,3500,-4.450000000000003,SB,216.05,26550,699650,50,5.150000000000006,LB,-3500.0,0.0,-3500.0,-215550,0.0,3500.0,0.0,0.0,50.0,0.0,0.0,0.0,3500.0,0.0,346350,130800
2024-02-09,13:34,112.45,75650,1224150,-21150,-2.799999999999997,LC,220.9,52850,686150,-13500,4.849999999999994,SC,-0.0,-13500.0,-13500.0,-229050,0.0,0.0,-21150.0,0.0,0.0,0.0,0.0,-13500.0,0.0,-13500.0,346350,117300
2024-02-09,13:37,108.45,77700,1227850,3700,-4.0,SB,229.3,37400,681300,-4850,8.400000000000006,SC,-3700.0,-4850.0,-8550.0,-237600,0.0,3700.0,0.0,0.0,0.0,0.0,0.0,-4850.0,3700.0,-4850.0,350050,112450
2024-02-09,13:40,107.15,51600,1253350,25500,-1.2999999999999972,SB,231.9,25350,677450,-3850,2.5999999999999943,SC,-25500.0,-3850.0,-29350.0,-266950,0.0,25500.0,0.0,0.0,0.0,0.0,0.0,-3850.0,25500.0,-3850.0,375550,108600
2024-02-09,13:43,114.95,148000,1264950,11600,7.799999999999997,LB,215.5,60900,666000,-11450,-16.400000000000006,LC,0.0,-0.0,0.0,-266950,11600.0,0.0,0.0,0.0,0.0,0.0,-11450.0,0.0,0.0,0.0,375550,108600
2024-02-09,13:46,112.55,45950,1261050,-3900,-2.4000000000000057,LC,217.35,57650,699850,33850,1.8499999999999943,LB,-0.0,0.0,0.0,-266950,0.0,0.0,-3900.0,0.0,33850.0,0.0,0.0,0.0,0.0,0.0,375550,108600
2024-02-09,13:49,114.45,36300,1259650,-1400,1.9000000000000057,SC,214.15,9850,699500,-350,-3.1999999999999886,LC,1400.0,-0.0,1400.0,-265550,0.0,0.0,0.0,-1400.0,0.0,0.0,-350.0,0.0,-1400.0,0.0,374150,108600
2024-02-09,13:52,116.0,40900,1253950,-5700,1.5499999999999972,SC,211.75,17350,698550,-950,-2.4000000000000057,LC,5700.0,-0.0,5700.0,-259850,0.0,0.0,0.0,-5700.0,0.0,0.0,-950.0,0.0,-5700.0,0.0,368450,108600
2024-02-09,13:55,117.0,59550,1240650,-13300,1.0,SC,209.35,22850,696150,-2400,-2.4000000000000057,LC,13300.0,-0.0,13300.0,-246550,0.0,0.0,0.0,-13300.0,0.0,0.0,-2400.0,0.0,-13300.0,0.0,355150,108600
2024-02-09,13:58,120.3,95950,1236550,-4100,3.299999999999997,SC,204.85,44100,683650,-12500,-4.5,LC,4100.0,-0.0,4100.0,-242450,0.0,0.0,0.0,-4100.0,0.0,0.0,-12500.0,0.0,-4100.0,0.0,351050,108600
2024-02-09,14:01,116.8,52250,1232750,-3800,-3.5,LC,209.9,54000,657800,-25850,5.050000000000011,SC,-0.0,-25850.0,-25850.0,-268300,0.0,0.0,-3800.0,0.0,0.0,0.0,0.0,-25850.0,0.0,-25850.0,351050,82750
2024-02-09,14:04,120.6,42300,1229400,-3350,3.799999999999997,SC,205.65,12450,657750,-50,-4.25,LC,3350.0,-0.0,3350.0,-264950,0.0,0.0,0.0,-3350.0,0.0,0.0,-50.0,0.0,-3350.0,0.0,347700,82750
2024-02-09,14:07,120.6,47000,1231950,2550,0.0,0,207.3,10800,650600,-7150,1.6500000000000057,SC,0.0,-7150.0,-7150.0,-272100,0.0,0.0,0.0,0.0,0.0,0.0,0.0,-7150.0,0.0,-7150.0,347700,75600
2024-02-09,14:10,120.35,41550,1217750,-14200,-0.25,LC,205.95,12050,649650,-950,-1.3500000000000227,LC,-0.0,-0.0,-0.0,-272100,0.0,0.0,-14200.0,0.0,0.0,0.0,-950.0,0.0,0.0,0.0,347700,75600
2024-02-09,14:13,130.35,190400,1222000,4250,10.0,LB,188.85,52400,645950,-3700,-17.099999999999994,LC,0.0,-0.0,0.0,-272100,4250.0,0.0,0.0,0.0,0.0,0.0,-3700.0,0.0,0.0,0.0,347700,75600
2024-02-09,14:16,121.65,110900,1232500,10500,-8.699999999999989,SB,198.6,38400,645950,0,9.75,0,-10500.0,0.0,-10500.0,-282600,0.0,10500.0,0.0,0.0,0.0,0.0,0.0,0.0,10500.0,0.0,358200,75600
2024-02-09,14:17,122.0,55800,1232500,0,0.3499999999999943,0,198.25,18700,653200,7250,-0.3499999999999943,SB,0.0,7250.0,7250.0,-275350,0.0,0.0,0.0,0.0,0.0,7250.0,0.0,0.0,0.0,7250.0,358200,82850
2024-02-09,14:20,130.3,151650,1230850,-1650,8.300000000000011,SC,187.75,45550,668800,15600,-10.5,SB,1650.0,15600.0,17250.0,-258100,0.0,0.0,0.0,-1650.0,0.0,15600.0,0.0,0.0,-1650.0,15600.0,356550,98450
2024-02-09,14:23,131.75,81400,1239850,9000,1.4499999999999886,LB,189.3,20050,663850,-4950,1.5500000000000114,SC,0.0,-4950.0,-4950.0,-263050,9000.0,0.0,0.0,0.0,0.0,0.0,0.0,-4950.0,0.0,-4950.0,356550,93500
2024-02-09,14:26,123.9,51800,1255600,15750,-7.849999999999994,SB,197.45,22350,657600,-6250,8.149999999999977,SC,-15750.0,-6250.0,-22000.0,-285050,0.0,15750.0,0.0,0.0,0.0,0.0,0.0,-6250.0,15750.0,-6250.0,372300,87250
2024-02-09,14:29,128.35,61400,1246350,-9250,4.449999999999989,SC,193.2,24750,645050,-12550,-4.25,LC,9250.0,-0.0,9250.0,-275800,0.0,0.0,0.0,-9250.0,0.0,0.0,-12550.0,0.0,-9250.0,0.0,363050,87250
2024-02-09,14:32,129.55,92300,1261850,15500,1.200000000000017,LB,188.4,27750,636800,-8250,-4.799999999999983,LC,0.0,-0.0,0.0,-275800,15500.0,0.0,0.0,0.0,0.0,0.0,-8250.0,0.0,0.0,0.0,363050,87250
2024-02-09,14:35,125.25,124550,1258500,-3350,-4.300000000000011,LC,194.05,49750,627550,-9250,5.650000000000006,SC,-0.0,-9250.0,-9250.0,-285050,0.0,0.0,-3350.0,0.0,0.0,0.0,0.0,-9250.0,0.0,-9250.0,363050,78000
2024-02-09,14:38,129.65,141450,1274100,15600,4.400000000000006,LB,186.65,29600,607200,-20350,-7.400000000000006,LC,0.0,-0.0,0.0,-285050,15600.0,0.0,0.0,0.0,0.0,0.0,-20350.0,0.0,0.0,0.0,363050,78000
2024-02-09,14:41,131.0,77150,1282950,8850,1.3499999999999943,LB,183.65,31100,610200,3000,-3.0,SB,0.0,3000.0,3000.0,-282050,8850.0,0.0,0.0,0.0,0.0,3000.0,0.0,0.0,0.0,3000.0,363050,81000
2024-02-09,14:44,124.45,50050,1281000,-1950,-6.549999999999997,LC,193.2,20900,614100,3900,9.549999999999985,LB,-0.0,0.0,0.0,-282050,0.0,0.0,-1950.0,0.0,3900.0,0.0,0.0,0.0,0.0,0.0,363050,81000
2024-02-09,14:47,125.7,66200,1263700,-17300,1.25,SC,192.6,19400,592200,-21900,-0.5999999999999943,LC,17300.0,-0.0,17300.0,-264750,0.0,0.0,0.0,-17300.0,0.0,0.0,-21900.0,0.0,-17300.0,0.0,345750,81000
2024-02-09,14:50,128.25,34100,1279050,15350,2.549999999999997,LB,190.35,22100,591250,-950,-2.25,LC,0.0,-0.0,0.0,-264750,15350.0,0.0,0.0,0.0,0.0,0.0,-950.0,0.0,0.0,0.0,345750,81000
2024-02-09,14:53,127.65,52100,1263100,-15950,-0.5999999999999943,LC,189.55,17100,585850,-5400,-0.799999999999983,LC,-0.0,-0.0,-0.0,-264750,0.0,0.0,-15950.0,0.0,0.0,0.0,-5400.0,0.0,0.0,0.0,345750,81000
2024-02-09,14:56,126.0,74050,1263200,100,-1.6500000000000057,SB,191.65,21850,586950,1100,2.0999999999999943,LB,-100.0,0.0,-100.0,-264850,0.0,100.0,0.0,0.0,1100.0,0.0,0.0,0.0,100.0,0.0,345850,81000
2024-02-09,14:59,123.65,61000,1249500,-13700,-2.3499999999999943,LC,195.1,36500,582150,-4800,3.4499999999999886,SC,-0.0,-4800.0,-4800.0,-269650,0.0,0.0,-13700.0,0.0,0.0,0.0,0.0,-4800.0,0.0,-4800.0,345850,76200
2024-02-09,15:02,121.9,100300,1239300,-10200,-1.75,LC,193.55,39400,565750,-16400,-1.549999999999983,LC,-0.0,-0.0,-0.0,-269650,0.0,0.0,-10200.0,0.0,0.0,0.0,-16400.0,0.0,0.0,0.0,345850,76200
2024-02-09,15:05,126.7,76150,1244550,5250,4.799999999999997,LB,185.1,34800,569000,3250,-8.450000000000017,SB,0.0,3250.0,3250.0,-266400,5250.0,0.0,0.0,0.0,0.0,3250.0,0.0,0.0,0.0,3250.0,345850,79450
2024-02-09,15:08,130.95,135050,1214550,-30000,4.249999999999986,SC,176.8,44850,569100,100,-8.299999999999983,SB,30000.0,100.0,30100.0,-236300,0.0,0.0,0.0,-30000.0,0.0,100.0,0.0,0.0,-30000.0,100.0,315850,79550
2024-02-09,15:11,130.4,185600,1175950,-38600,-0.549999999999983,LC,176.2,73250,578250,9150,-0.6000000000000227,SB,-0.0,9150.0,9150.0,-227150,0.0,0.0,-38600.0,0.0,0.0,9150.0,0.0,0.0,0.0,9150.0,315850,88700
2024-02-09,15:14,125.5,95050,1156550,-19400,-4.900000000000006,LC,182.0,43550,577450,-800,5.800000000000011,SC,-0.0,-800.0,-800.0,-227950,0.0,0.0,-19400.0,0.0,0.0,0.0,0.0,-800.0,0.0,-800.0,315850,87900
2024-02-09,15:17,124.7,81050,1111750,-44800,-0.7999999999999972,LC,181.9,44750,549750,-27700,-0.0999999999999943,LC,-0.0,-0.0,-0.0,-227950,0.0,0.0,-44800.0,0.0,0.0,0.0,-27700.0,0.0,0.0,0.0,315850,87900
2024-02-09,15:20,121.9,93100,1084600,-27150,-2.799999999999997,LC,185.6,52700,538050,-11700,3.6999999999999886,SC,-0.0,-11700.0,-11700.0,-239650,0.0,0.0,-27150.0,0.0,0.0,0.0,0.0,-11700.0,0.0,-11700.0,315850,76200
2024-02-09,15:23,120.85,66200,1085650,1050,-1.0500000000000114,SB,182.95,26700,513200,-24850,-2.6500000000000057,LC,-1050.0,-0.0,-1050.0,-240700,0.0,1050.0,0.0,0.0,0.0,0.0,-24850.0,0.0,1050.0,0.0,316900,76200
2024-02-09,15:26,122.8,40650,1066050,-19600,1.9500000000000028,SC,176.7,40500,502050,-11150,-6.25,LC,19600.0,-0.0,19600.0,-221100,0.0,0.0,0.0,-19600.0,0.0,0.0,-11150.0,0.0,-19600.0,0.0,297300,76200
2024-02-09,15:29,122.75,108350,1022700,-43350,-0.0499999999999971,LC,174.0,50050,504550,2500,-2.6999999999999886,SB,-0.0,2500.0,2500.0,-218600,0.0,0.0,-43350.0,0.0,0.0,2500.0,0.0,0.0,0.0,2500.0,297300,78700
