Date,Nifty Current Price,Change In Nifty Price(%),FII Future Net Buying(Cr),FII Index Future OI(K),FII Index OI Change(K),FII Cash Buying(Cr),Cumulative Cash Buying FII(Cr)
25-Sep-23,19674.55,0.0,-1466.0,-3.5,-15.6,-2333.0,-321170
22-Sep-23,19674.25,-0.34,-1124.0,12.1,-10.5,-1327.0,-318837
21-Sep-23,19742.35,-0.8,-880.0,22.6,-11.3,-3007.0,-317510
20-Sep-23,19901.4,-1.15,-2182.0,33.9,-25.1,-3111.0,-314503
18-Sep-23,20133.3,-0.29,-331.0,59.0,-3,-1237.0,-311392
15-Sep-23,20192.35,0.44,280.0,62.0,+3.2,164.0,-310155
14-Sep-23,20103.1,0.16,-186.0,58.8,-1.7,295.0,-310319
13-Sep-23,20070.0,0.38,1269.0,60.6,+14.4,-1632.0,-310614
12-Sep-23,19993.2,-0.02,1106.0,46.1,+11.1,-1047.0,-308982
11-Sep-23,19996.35,0.89,788.0,35.1,+8.5,1473.0,-307935
08-Sep-23,19819.95,0.47,407.0,26.5,+4.6,-224.0,-309408
07-Sep-23,19727.05,0.59,1367.0,21.9,+17.5,-759.0,-309184
06-Sep-23,19611.05,0.18,-33.0,4.5,-2.9,-3246.0,-308425
05-Sep-23,19574.9,0.24,269.0,7.4,+1.8,-1725.0,-305179
04-Sep-23,19528.8,0.48,150.0,5.6,+2.4,-3368.0,-303454
01-Sep-23,19435.3,0.94,99.0,3.2,+1.5,488.0,-300086
31-Aug-23,19253.8,-0.48,-2490.0,1.7,+25.8,-2973.0,-300574
30-Aug-23,19347.45,0.02,-13.0,-24.1,-1.3,-495.0,-297601
29-Aug-23,19342.65,0.19,559.0,-22.8,+8.1,62.0,-297106
28-Aug-23,19306.05,0.21,674.0,-31.0,+8.1,-1393.0,-297168
25-Aug-23,19265.8,-0.62,-1264.0,-39.1,-14.9,-4638.0,-295775
24-Aug-23,19386.7,-0.29,-439.0,-24.2,-5.7,1525.0,-291137
23-Aug-23,19444.0,0.25,505.0,-18.5,+9.6,614.0,-292662
22-Aug-23,19396.45,0.01,-49.0,-28.1,-0.6,-495.0,-293276
21-Aug-23,19393.6,0.43,212.0,-27.5,+2.8,-1901.0,-292781
18-Aug-23,19310.15,-0.28,1071.0,-30.3,+11.5,-267.0,-290880
17-Aug-23,19365.25,-0.51,-216.0,-41.8,-0.5,-1511.0,-290613
16-Aug-23,19465.0,0.16,221.0,-41.2,+0.9,723.0,-289102
14-Aug-23,19434.55,0.03,-440.0,-42.1,-5.8,-2324.0,-289825
11-Aug-23,19428.3,-0.59,-100.0,-36.3,-2.7,-3073.0,-287501
10-Aug-23,19543.1,-0.46,-1162.0,-33.6,-15,331.0,-284428
09-Aug-23,19632.55,0.32,-323.0,-18.6,-6.1,644.0,-284759
08-Aug-23,19570.85,-0.13,424.0,-12.6,+6.2,-711.0,-285403
07-Aug-23,19597.3,0.41,636.0,-18.7,+6.9,-1893.0,-284692
04-Aug-23,19517.0,0.7,1105.0,-25.6,+15,-556.0,-282799
03-Aug-23,19381.65,-0.74,-3442.0,-40.6,-36.3,-317.0,-282243
02-Aug-23,19526.55,-1.05,-860.0,-4.3,-9.8,-1878.0,-281926
01-Aug-23,19733.55,-0.1,-45.0,5.4,-0.2,-93.0,-280048
31-Jul-23,19753.8,0.55,-731.0,5.7,-8.1,-701.0,-279955
28-Jul-23,19646.05,-0.07,-1802.0,13.8,-19.4,-1024.0,-279254
27-Jul-23,19659.9,-0.6,-3090.0,33.2,-51.7,-3979.0,-278230
26-Jul-23,19778.3,0.5,381.0,84.9,+4.7,923.0,-274251
25-Jul-23,19680.6,0.04,-1060.0,80.2,-11,1089.0,-275174
24-Jul-23,19672.35,-0.37,316.0,91.2,+2.4,-83.0,-276263
21-Jul-23,19745.0,-1.17,-1415.0,88.7,-15.6,-1999.0,-276180
20-Jul-23,19979.15,0.74,996.0,104.3,+11.1,3371.0,-274181
19-Jul-23,19833.15,0.42,-460.0,93.2,-3.5,1165.0,-277552
18-Jul-23,19749.25,0.19,501.0,96.7,+5.6,2116.0,-278717
17-Jul-23,19711.45,0.75,218.0,91.1,+2.5,73.0,-280833
14-Jul-23,19564.5,0.78,252.0,88.6,+2.1,2636.0,-280906
13-Jul-23,19413.75,0.15,-907.0,86.5,-9.6,2238.0,-283542
12-Jul-23,19384.3,-0.28,75.0,96.0,+1.4,-1242.0,-285780
11-Jul-23,19439.4,0.43,153.0,94.6,0,1197.0,-284538
10-Jul-23,19355.9,0.12,321.0,94.6,+3,588.0,-285735
07-Jul-23,19331.8,-0.85,-975.0,91.6,-11.2,790.0,-286323
06-Jul-23,19497.3,0.51,780.0,102.8,+8.5,2641.0,-287113
05-Jul-23,19398.5,0.05,463.0,94.4,+4.6,1603.0,-289754
04-Jul-23,19389.0,0.34,1173.0,89.8,+12.4,2134.0,-291357
03-Jul-23,19322.55,0.7,434.0,77.4,+5,1996.0,-293491
30-Jun-23,19189.05,1.14,1540.0,72.4,+16.3,6397.0,-295487
28-Jun-23,18972.1,0.82,-848.0,56.1,+9.2,12350.0,-301884
27-Jun-23,18817.4,0.68,2861.0,46.9,+35.5,2024.0,-314234
26-Jun-23,18691.2,0.14,263.0,11.4,+2,-409.0,-316258
23-Jun-23,18665.5,-0.56,-248.0,9.4,-2.8,-345.0,-315849
22-Jun-23,18771.25,-0.45,325.0,12.2,+3.2,-693.0,-315504
21-Jun-23,18856.85,0.21,212.0,9.0,+2,4013.0,-314811
20-Jun-23,18816.7,0.33,370.0,7.0,+2.8,-1943.0,-318824
19-Jun-23,18755.45,-0.37,-1325.0,4.2,-14.2,-1031.0,-316881
16-Jun-23,18826.0,0.74,1181.0,18.4,+12.6,795.0,-315850
15-Jun-23,18688.1,-0.36,-746.0,5.8,-6.7,3086.0,-316645
14-Jun-23,18755.9,0.21,758.0,12.5,+8.2,1715.0,-319731
13-Jun-23,18716.15,0.62,615.0,4.3,+6.4,1678.0,-321446
12-Jun-23,18601.5,0.21,969.0,-2.1,+10.5,-627.0,-323124
09-Jun-23,18563.4,-0.38,-618.0,-12.6,-6.5,-309.0,-322497
08-Jun-23,18634.55,-0.49,-442.0,-6.0,-4.5,212.0,-322188
07-Jun-23,18726.4,0.68,806.0,-1.5,+8.6,1383.0,-322400
06-Jun-23,18599.0,0.03,-920.0,-10.1,-10.5,386.0,-323783
05-Jun-23,18593.85,0.32,746.0,0.4,+7.4,-701.0,-324169
02-Jun-23,18534.1,0.25,476.0,-7.1,+5,-659.0,-323468
01-Jun-23,18487.75,-0.25,-2183.0,-12.1,-22.7,-71.0,-322809
31-May-23,18534.4,-0.53,-2027.0,10.6,-21.8,3406.0,-322738
30-May-23,18633.85,0.19,241.0,32.4,+2.8,2086.0,-326144
29-May-23,18598.65,0.54,-162.0,29.6,-2.3,1758.0,-328230
26-May-23,18499.35,0.97,1185.0,31.9,+13.1,350.0,-329988
25-May-23,18321.15,0.2,-988.0,18.8,+23,589.0,-330338
24-May-23,18285.4,-0.34,-458.0,-4.2,-4.4,1186.0,-330927
23-May-23,18348.0,0.18,820.0,0.2,+8.4,183.0,-332113
22-May-23,18314.4,0.61,39.0,-8.3,+1.6,923.0,-332296
19-May-23,18203.4,0.41,-565.0,-9.9,-6,-113.0,-333219
18-May-23,18129.95,-0.28,656.0,-3.9,+6.6,970.0,-333106
17-May-23,18181.75,-0.57,-530.0,-10.5,-6.2,149.0,-334076
16-May-23,18286.5,-0.61,-347.0,-4.3,-3.9,1407.0,-334225
15-May-23,18398.85,0.46,1290.0,-0.4,+14,1685.0,-335632
12-May-23,18314.8,0.1,-245.0,-14.4,-3.4,1014.0,-337317
11-May-23,18297.0,-0.1,-669.0,-11.0,-6.8,837.0,-338331
10-May-23,18315.1,0.27,321.0,-4.2,+3.5,1833.0,-339168
09-May-23,18265.95,0.01,-516.0,-7.7,-5.2,1942.0,-341001
08-May-23,18264.4,1.08,1307.0,-2.5,+13.3,2124.0,-342943
05-May-23,18069.0,-1.02,-804.0,-15.8,-7.7,778.0,-345067
04-May-23,18255.8,0.92,415.0,-8.1,+4.4,1415.0,-345845
03-May-23,18089.85,-0.32,-1452.0,-12.5,-16,1338.0,-347260
02-May-23,18147.65,0.46,1983.0,3.5,+21.7,1997.0,-348598
28-Apr-23,18065.0,0.84,184.0,-18.3,+1.8,3304.0,-350595
27-Apr-23,17915.05,0.57,-305.0,-20.0,-7.2,1653.0,-353899
26-Apr-23,17813.6,0.25,54.0,-12.8,+0.6,1257.0,-355552
25-Apr-23,17769.25,0.15,527.0,-13.4,+5.9,-407.0,-356809
24-Apr-23,17743.4,0.68,1113.0,-19.3,+12.2,-412.0,-356402
21-Apr-23,17624.05,0.0,105.0,-31.5,+2.3,-2117.0,-355990
20-Apr-23,17624.45,0.03,476.0,-33.8,+4.9,-1169.0,-353873
19-Apr-23,17618.75,-0.23,-292.0,-38.7,-3.1,-13.0,-352704
18-Apr-23,17660.15,-0.26,72.0,-35.7,+0.4,-811.0,-352691
17-Apr-23,17706.85,-0.68,-747.0,-36.1,-7.4,-533.0,-351880
13-Apr-23,17828.0,0.09,1250.0,-28.7,+13.3,222.0,-351347
12-Apr-23,17812.4,0.51,1674.0,-42.0,+18.7,1908.0,-351569
11-Apr-23,17722.3,0.56,2193.0,-60.7,+24.4,343.0,-353477
10-Apr-23,17624.05,0.14,1849.0,-85.1,+21.1,883.0,-353820
06-Apr-23,17599.15,0.24,291.0,-106.3,+3,476.0,-354703
05-Apr-23,17557.05,0.91,2789.0,-109.3,+31.3,807.0,-355179
03-Apr-23,17398.05,0.22,-512.0,-140.6,-5.6,322.0,-355986
31-Mar-23,17359.75,1.63,267.0,-135.1,+3.6,358.0,-356308
29-Mar-23,17080.7,0.76,2027.0,-138.7,+17.7,1245.0,-356666
28-Mar-23,16951.7,-0.2,-931.0,-156.4,-10.1,1531.0,-357911
27-Mar-23,16985.7,0.24,3249.0,-146.3,+36.9,-891.0,-359442
24-Mar-23,16945.05,-0.77,214.0,-183.2,+2,-1720.0,-358551
23-Mar-23,17076.9,-0.44,1015.0,-185.2,+11.2,-995.0,-356831
22-Mar-23,17151.9,0.26,-101.0,-196.4,-0.9,62.0,-355836
21-Mar-23,17107.5,0.7,-129.0,-195.5,-0.9,-1455.0,-355898
20-Mar-23,16988.4,-0.65,-1996.0,-194.6,-22.9,-2546.0,-354443
17-Mar-23,17100.05,0.67,-692.0,-171.7,-8.1,-1767.0,-351897
16-Mar-23,16985.6,0.08,-1815.0,-163.5,-19.8,-282.0,-350130
15-Mar-23,16972.15,-0.42,82.0,-143.8,+0.9,-1271.0,-349848
14-Mar-23,17043.3,-0.65,-1480.0,-144.6,-16.2,-3087.0,-348577
13-Mar-23,17154.3,-1.49,-620.0,-128.4,-7.5,-1547.0,-345490
10-Mar-23,17412.9,-1.0,-1603.0,-120.9,-17.8,-2061.0,-343943
09-Mar-23,17589.6,-0.93,-2253.0,-103.1,-24.4,-562.0,-341882
08-Mar-23,17754.4,0.24,-577.0,-78.7,-6.2,3672.0,-341320
06-Mar-23,17711.45,0.67,1447.0,-72.5,+16.5,721.0,-344992
03-Mar-23,17594.35,1.57,3938.0,-89.0,+42.3,246.0,-345713
02-Mar-23,17321.9,-0.74,-532.0,-131.2,-5.6,12771.0,-345959
01-Mar-23,17450.9,0.85,638.0,-125.6,+6.2,-425.0,-358730
28-Feb-23,17303.95,-0.51,-1358.0,-131.8,-15.5,-4559.0,-358305
27-Feb-23,17392.7,-0.42,-683.0,-116.2,-8.5,-2023.0,-353746
24-Feb-23,17465.8,-0.26,-260.0,-107.8,-2.9,-1470.0,-351723
23-Feb-23,17511.25,-0.25,-1246.0,-104.9,+3.7,-1417.0,-350253
22-Feb-23,17554.3,-1.53,-2732.0,-108.5,-30.3,-580.0,-348836
21-Feb-23,17826.7,-0.1,966.0,-78.3,+10.3,526.0,-348256
20-Feb-23,17844.6,-0.56,-689.0,-88.6,-7.9,-159.0,-348782
17-Feb-23,17944.2,-0.51,-1079.0,-80.7,-11.3,-625.0,-348623
16-Feb-23,18035.85,0.11,-351.0,-69.3,-3.1,1571.0,-347998
15-Feb-23,18015.85,0.48,-262.0,-66.3,-2.6,432.0,-349569
14-Feb-23,17929.85,0.89,3774.0,-63.7,+40.8,1305.0,-350001
13-Feb-23,17770.9,-0.48,89.0,-104.5,+1,1322.0,-351306
10-Feb-23,17856.5,-0.21,-921.0,-105.5,-10.5,1458.0,-352628
09-Feb-23,17893.45,0.12,104.0,-95.1,+1.6,-145.0,-354086
08-Feb-23,17871.7,0.85,1266.0,-96.7,+14,-737.0,-353941
07-Feb-23,17721.5,-0.24,89.0,-110.7,+0.7,-2560.0,-353204
06-Feb-23,17764.6,-0.5,-2192.0,-111.4,-23.6,-1218.0,-350644
03-Feb-23,17854.05,1.38,2344.0,-87.8,+24.9,-932.0,-349426
02-Feb-23,17610.4,-0.03,-2464.0,-112.7,-26.9,-3065.0,-348494
01-Feb-23,17616.3,-0.26,797.0,-85.8,+7.8,1785.0,-345429
31-Jan-23,17662.15,0.07,-1616.0,-93.6,-18,-5440.0,-347214
30-Jan-23,17648.95,0.25,-1607.0,-75.6,-17,-6793.0,-341774
27-Jan-23,17604.35,-1.61,-3073.0,-58.6,-34.6,-5978.0,-334981
25-Jan-23,17891.95,-1.25,-3616.0,-24.1,-47.6,-2394.0,-329003
24-Jan-23,18118.3,0.0,475.0,23.5,+5.7,-761.0,-326609
23-Jan-23,18118.55,0.5,859.0,17.8,+9.1,-220.0,-325848
20-Jan-23,18027.65,-0.44,1027.0,8.6,+9.7,-2002.0,-325628
19-Jan-23,18107.85,-0.32,-383.0,-1.1,-4.5,400.0,-323626
18-Jan-23,18165.35,0.62,1927.0,3.4,+20,-319.0,-324026
17-Jan-23,18053.3,0.89,1488.0,-16.5,+16.2,211.0,-323707
16-Jan-23,17894.85,-0.34,-1165.0,-32.7,-12.6,-751.0,-323918
13-Jan-23,17956.6,0.55,1508.0,-20.1,+16.4,-2422.0,-323167
12-Jan-23,17858.2,-0.21,-556.0,-36.5,-5.7,-1663.0,-320745
11-Jan-23,17895.7,-0.1,-102.0,-30.7,-1.9,-3208.0,-319082
10-Jan-23,17914.15,-1.03,-2454.0,-28.8,-26.4,-2109.0,-315874
09-Jan-23,18101.2,1.35,2179.0,-2.4,+23.4,-203.0,-313765
06-Jan-23,17859.45,-0.74,-72.0,-25.9,-0.8,-2902.0,-313562
05-Jan-23,17992.15,-0.28,1479.0,-25.1,+16.5,-1449.0,-310660
04-Jan-23,18042.95,-1.04,-2605.0,-41.6,-27.5,-2621.0,-309211
03-Jan-23,18232.55,0.19,-666.0,-14.1,-7.4,-628.0,-306590
02-Jan-23,18197.45,0.51,-717.0,-6.7,-7.6,-213.0,-305962
30-Dec-22,18105.3,-0.47,-1310.0,0.9,-13.6,-2951.0,-305749
29-Dec-22,18191.0,0.38,-14.0,14.6,+20,-573.0,-302798
28-Dec-22,18122.5,-0.05,385.0,-5.4,+3.4,-873.0,-302225
27-Dec-22,18132.3,0.65,43.0,-8.9,+1.5,-868.0,-301352
26-Dec-22,18014.6,1.17,1032.0,-10.3,+9.9,-498.0,-300484
23-Dec-22,17806.8,-1.77,-551.0,-20.3,-6.6,-707.0,-299986
22-Dec-22,18127.35,-0.39,-651.0,-13.7,-6.3,929.0,-299279
21-Dec-22,18199.1,-1.01,-585.0,-7.4,-5.5,-1119.0,-300208
20-Dec-22,18385.3,-0.19,-2986.0,-1.9,-30.5,456.0,-299089
19-Dec-22,18420.45,0.83,1156.0,28.6,+11.5,-538.0,-299545
16-Dec-22,18269.0,-0.79,514.0,17.1,+4.5,-1975.0,-299007
15-Dec-22,18414.9,-1.32,-1935.0,12.6,-19.8,-711.0,-297032
14-Dec-22,18660.3,0.28,-636.0,32.4,-5.6,372.0,-296321
13-Dec-22,18608.0,0.6,557.0,38.0,+5.4,620.0,-296693
12-Dec-22,18497.15,0.0,658.0,32.6,+6.1,-139.0,-297313
09-Dec-22,18496.6,-0.61,-980.0,26.5,-9.9,-158.0,-297174
08-Dec-22,18609.35,0.26,770.0,36.4,+7.2,-1132.0,-297016
07-Dec-22,18560.5,-0.44,-1218.0,29.2,-12.5,-1242.0,-295884
06-Dec-22,18642.75,-0.31,-1533.0,41.8,-15.5,-635.0,-294642
05-Dec-22,18701.05,0.03,240.0,57.2,+1.3,-1139.0,-294007
02-Dec-22,18696.1,-0.62,-3918.0,55.9,-41,215.0,-292868
01-Dec-22,18812.5,0.29,-526.0,96.9,-5.7,-1566.0,-293083
30-Nov-22,18758.35,0.75,1109.0,102.7,+11.7,9010.0,-291517
29-Nov-22,18618.05,0.3,340.0,90.9,+3.6,1242.0,-300527
28-Nov-22,18562.75,0.27,1414.0,87.3,+15.1,936.0,-301769
25-Nov-22,18512.75,0.15,-1657.0,72.2,-15.7,369.0,-302705
24-Nov-22,18484.1,1.19,3226.0,88.0,+25.6,1232.0,-303074
23-Nov-22,18267.25,0.13,283.0,62.3,+2.8,-790.0,-304306
22-Nov-22,18244.2,0.46,1521.0,59.5,+16.1,-698.0,-303516
21-Nov-22,18159.95,-0.81,-761.0,43.4,-8.6,-1594.0,-302818
18-Nov-22,18307.65,-0.2,85.0,52.0,+1,-751.0,-301224
17-Nov-22,18343.9,-0.36,-408.0,51.0,-4,618.0,-300473
16-Nov-22,18409.65,0.03,1845.0,54.9,+18.5,-386.0,-301091
15-Nov-22,18403.4,0.41,110.0,36.5,+0.6,-221.0,-300705
14-Nov-22,18329.15,-0.11,-696.0,35.9,-6.9,1089.0,-300484
11-Nov-22,18349.7,1.78,2982.0,42.8,+30.9,3958.0,-301573
10-Nov-22,18028.2,-0.71,-1520.0,11.9,-15.5,36.0,-305531
09-Nov-22,18157.0,-0.25,405.0,27.4,+4.2,387.0,-305567
07-Nov-22,18202.8,0.47,-108.0,23.2,-1.6,1949.0,-305954
04-Nov-22,18117.15,0.36,-246.0,24.8,-2,1436.0,-307903
03-Nov-22,18052.7,-0.17,-1008.0,26.8,-11.4,678.0,-309339
02-Nov-22,18082.85,-0.34,-629.0,38.1,-7,1436.0,-310017
01-Nov-22,18145.4,0.74,949.0,45.2,+11.4,2610.0,-311453
31-Oct-22,18012.2,1.27,1553.0,33.8,+16.4,4179.0,-314063
28-Oct-22,17786.8,0.28,-624.0,17.4,-5.9,1569.0,-318242
27-Oct-22,17736.95,0.46,4104.0,23.3,+80.9,2818.0,-319811
25-Oct-22,17656.35,-0.42,53.0,-57.6,+1.7,-247.0,-322629
24-Oct-22,17730.75,0.88,1709.0,-59.3,+17.6,-154.0,-322382
21-Oct-22,17576.3,0.07,494.0,-76.8,+5,439.0,-322228
20-Oct-22,17563.95,0.3,-1785.0,-81.9,-19.1,1865.0,-322667
19-Oct-22,17512.25,0.14,-141.0,-62.8,-2.4,-454.0,-324532
18-Oct-22,17486.95,1.01,2421.0,-60.4,+27.4,-153.0,-324078
17-Oct-22,17311.8,0.73,416.0,-87.8,+3.8,-372.0,-323925
14-Oct-22,17185.7,1.01,2022.0,-91.6,+23.1,-1011.0,-323553
13-Oct-22,17014.35,-0.64,-558.0,-114.7,-6.4,-1636.0,-322542
12-Oct-22,17123.6,0.82,1064.0,-108.3,+12.6,-542.0,-320906
11-Oct-22,16983.55,-1.49,-1015.0,-120.9,-10.9,-4613.0,-320364
10-Oct-22,17241.0,-0.43,-1316.0,-110.0,-15.4,-2139.0,-315751
07-Oct-22,17314.65,-0.1,-47.0,-94.6,-0.8,-2251.0,-313612
06-Oct-22,17331.8,0.33,-175.0,-93.8,-2,279.0,-311361
04-Oct-22,17274.3,2.29,3091.0,-91.8,+35.7,1345.0,-311640
03-Oct-22,16887.35,-1.21,-1170.0,-127.4,-13,591.0,-312985
30-Sep-22,17094.35,1.64,756.0,-114.4,+7.5,-1565.0,-313576
29-Sep-22,16818.1,-0.24,-1007.0,-121.9,-22.5,-3599.0,-312011
28-Sep-22,16858.6,-0.87,104.0,-99.4,+1.1,-2772.0,-308412
27-Sep-22,17007.4,-0.05,-990.0,-100.6,-11,-2824.0,-305640
26-Sep-22,17016.3,-1.8,941.0,-89.6,+10.4,-5101.0,-302816
23-Sep-22,17327.35,-1.72,-3373.0,-99.9,-36.3,-2900.0,-297715
22-Sep-22,17629.8,-0.5,-2438.0,-63.6,-26.6,-2510.0,-294815
21-Sep-22,17718.35,-0.55,-1092.0,-37.1,-12,-461.0,-292305
20-Sep-22,17816.25,1.1,1844.0,-25.0,+20.4,1196.0,-291844
19-Sep-22,17622.25,0.52,1173.0,-45.4,+12.9,312.0,-293040
16-Sep-22,17530.85,-1.94,838.0,-58.3,+9.1,-3260.0,-293352
15-Sep-22,17877.4,-0.7,-944.0,-67.4,-10.4,-1271.0,-290092
14-Sep-22,18003.75,-0.37,-2030.0,-57.0,-22.3,-1398.0,-288821
13-Sep-22,18070.05,0.75,2936.0,-34.6,+31.4,1957.0,-287423
12-Sep-22,17936.35,0.58,929.0,-66.0,+9.9,2050.0,-289380
09-Sep-22,17833.35,0.19,-125.0,-75.9,-0.9,2132.0,-291430
08-Sep-22,17798.75,0.99,853.0,-75.0,+9.2,2913.0,-293562
07-Sep-22,17624.4,-0.18,-71.0,-84.2,-1,758.0,-296475
06-Sep-22,17655.6,-0.06,-1005.0,-83.1,-11.1,1145.0,-297233
05-Sep-22,17665.8,0.72,1112.0,-72.0,+12.6,-812.0,-298378
02-Sep-22,17539.45,-0.02,-2065.0,-84.7,-24.2,-9.0,-297566
01-Sep-22,17542.8,-1.22,-4189.0,-60.5,-47,-2290.0,-297557
30-Aug-22,17759.3,2.58,1782.0,-13.5,+19.4,4166.0,-295267
29-Aug-22,17312.9,-1.4,-1122.0,-32.9,-13,-561.0,-299433
26-Aug-22,17558.9,0.21,1020.0,-19.9,+11,-51.0,-298872
25-Aug-22,17522.45,-0.47,-2011.0,-30.8,-14.3,369.0,-298821
24-Aug-22,17604.95,0.16,-1329.0,-16.6,-14.5,23.0,-299190
23-Aug-22,17577.5,0.5,-110.0,-2.0,-1.4,563.0,-299213
22-Aug-22,17490.7,-1.51,542.0,-0.6,+5.4,-454.0,-299776
19-Aug-22,17758.45,-1.1,-1647.0,-6.0,-17,1111.0,-299322
18-Aug-22,17956.5,0.07,-1652.0,10.9,-18.2,-1706.0,-300433
17-Aug-22,17944.25,0.67,7.0,29.1,-0.1,2347.0,-298727
16-Aug-22,17825.25,0.72,225.0,29.2,+2.6,1377.0,-301074
12-Aug-22,17698.15,0.22,921.0,26.7,+10.1,3040.0,-302451
11-Aug-22,17659.0,0.71,922.0,16.5,+9.6,2298.0,-305491
10-Aug-22,17534.75,0.06,-877.0,6.9,-9.8,1062.0,-307789
08-Aug-22,17525.1,0.73,138.0,16.7,+1.7,1450.0,-308851
05-Aug-22,17397.5,0.09,902.0,15.0,+10.3,1606.0,-310301
04-Aug-22,17382.0,-0.04,-830.0,4.7,-9.3,1475.0,-311907
03-Aug-22,17388.15,0.25,-575.0,14.0,-6,765.0,-313382
02-Aug-22,17345.45,0.03,-2727.0,20.0,-31.5,825.0,-314147
01-Aug-22,17340.05,1.06,2095.0,51.5,+24.3,2321.0,-314972
29-Jul-22,17158.25,1.35,806.0,27.2,+10.1,1046.0,-317293
28-Jul-22,16929.6,1.73,1797.0,17.1,+32,1638.0,-318339
27-Jul-22,16641.8,0.96,1643.0,-14.9,+19.3,-437.0,-319977
26-Jul-22,16483.85,-0.88,-924.0,-34.2,-10.4,-1548.0,-319540
25-Jul-22,16631.0,-0.53,-987.0,-23.8,-11.5,-845.0,-317992
22-Jul-22,16719.45,0.69,1182.0,-12.3,+13.9,-675.0,-317147
21-Jul-22,16605.25,0.51,2449.0,-26.2,+28.7,1799.0,-316472
20-Jul-22,16520.85,1.1,2823.0,-54.9,+33.2,1781.0,-318271
19-Jul-22,16340.55,0.38,310.0,-88.1,+3.4,976.0,-320052
18-Jul-22,16278.5,1.43,1395.0,-91.5,+16.9,156.0,-321028
15-Jul-22,16049.2,0.69,-457.0,-108.5,-5,-1649.0,-321184
14-Jul-22,15938.65,-0.18,-602.0,-103.4,-7.2,309.0,-319535
13-Jul-22,15966.65,-0.57,566.0,-96.3,+6.9,-2840.0,-319844
12-Jul-22,16058.3,-0.97,-2815.0,-103.2,-33.8,-1566.0,-317004
11-Jul-22,16216.0,-0.03,-525.0,-69.3,-6.6,-171.0,-315438
08-Jul-22,16220.6,0.54,743.0,-62.7,+9,-109.0,-315267
07-Jul-22,16132.9,0.89,1263.0,-71.7,+15.9,-925.0,-315158
06-Jul-22,15989.8,1.13,1738.0,-87.6,+21,-330.0,-314233
05-Jul-22,15810.85,-0.15,922.0,-108.5,+11.2,1296.0,-313903
04-Jul-22,15835.35,0.53,-615.0,-119.7,-7.8,-2150.0,-315199
01-Jul-22,15752.05,-0.18,-543.0,-111.9,-7.2,-2325.0,-313049
30-Jun-22,15780.25,-0.12,-1297.0,-104.7,+27.6,-1138.0,-310724
29-Jun-22,15799.1,-0.32,-2413.0,-132.3,-30.4,-851.0,-309586
28-Jun-22,15850.2,0.11,84.0,-102.0,+1.3,-1244.0,-308735
27-Jun-22,15832.05,0.85,205.0,-103.2,+2.9,-1278.0,-307491
24-Jun-22,15699.25,0.92,668.0,-106.1,+8.1,-2354.0,-306213
23-Jun-22,15556.65,0.93,853.0,-114.2,+10.6,-2319.0,-303859
22-Jun-22,15413.3,-1.44,-761.0,-124.7,-10,-2921.0,-301540
21-Jun-22,15638.8,1.88,2148.0,-114.7,+27,-2701.0,-298619
20-Jun-22,15350.15,0.37,-18.0,-141.7,-0.3,-1217.0,-295918
17-Jun-22,15293.5,-0.44,412.0,-141.4,+5.2,-7819.0,-294701
16-Jun-22,15360.6,-2.11,-1529.0,-146.6,-19.6,-3258.0,-286882
15-Jun-22,15692.15,-0.25,12.0,-127.0,-0.1,-3531.0,-283624
14-Jun-22,15732.1,-0.27,-342.0,-126.9,-4.4,-4502.0,-280093
13-Jun-22,15774.4,-2.64,-1799.0,-122.5,-22.5,-4164.0,-275591
10-Jun-22,16201.8,-1.68,-1729.0,-100.0,-20.8,-3974.0,-271427
09-Jun-22,16478.1,0.74,-872.0,-79.2,-10.6,-1513.0,-267453
08-Jun-22,16356.25,-0.37,-735.0,-68.6,-8.7,-2484.0,-265940
07-Jun-22,16416.35,-0.92,-2407.0,-59.9,-28.7,-2294.0,-263456
06-Jun-22,16569.55,-0.09,-418.0,-31.2,-4.9,-2398.0,-261162
03-Jun-22,16584.3,-0.26,187.0,-26.3,+2.5,-3771.0,-258764
02-Jun-22,16628.0,0.64,-1350.0,-28.8,-15.9,-452.0,-254993
01-Jun-22,16522.75,-0.37,-1276.0,-12.8,-16,-1930.0,-254541
31-May-22,16584.55,-0.46,-1174.0,3.1,-14.1,-1004.0,-252611
30-May-22,16661.4,1.89,1806.0,17.3,+22.3,502.0,-251607
27-May-22,16352.45,1.13,873.0,-5.0,+10.4,-1943.0,-252109
26-May-22,16170.15,0.9,-626.0,-15.4,+17.5,-1598.0,-250166
25-May-22,16025.8,-0.62,1158.0,-32.9,+14.4,-1803.0,-248568
24-May-22,16125.15,-0.55,-644.0,-47.3,-8.2,-2393.0,-246765
23-May-22,16214.7,-0.32,-42.0,-39.1,-0.7,-1951.0,-244372
20-May-22,16266.15,2.89,3012.0,-38.4,+37,-1265.0,-242421
19-May-22,15809.4,-2.65,-921.0,-75.4,-11.7,-4900.0,-241156
18-May-22,16240.3,-0.12,62.0,-63.7,+1,-1255.0,-236256
17-May-22,16259.3,2.63,1064.0,-64.6,+12.6,-2192.0,-235001
16-May-22,15842.3,0.38,980.0,-77.2,+11.7,-1789.0,-232809
13-May-22,15782.15,-0.16,2859.0,-89.0,+35.7,-3780.0,-231020
12-May-22,15808.0,-2.22,-1361.0,-124.6,-16.4,-5256.0,-227240
11-May-22,16167.1,-0.45,-966.0,-108.2,-11.9,-3609.0,-221984
10-May-22,16240.05,-0.38,345.0,-96.3,+4.3,-3961.0,-218375
09-May-22,16301.85,-0.67,-687.0,-100.6,-8.4,-3362.0,-214414
06-May-22,16411.25,-1.63,-2490.0,-92.2,-29.9,-5517.0,-211052
05-May-22,16682.65,0.03,1054.0,-62.4,+12.2,-2075.0,-205535
04-May-22,16677.6,-2.29,-3233.0,-74.6,-37.8,-3288.0,-203460
02-May-22,17069.1,-0.2,-790.0,-36.8,-9.4,-1853.0,-200172
29-Apr-22,17102.55,-0.83,441.0,-27.4,+5,-3648.0,-198319
28-Apr-22,17245.05,1.21,704.0,-32.4,+28.3,743.0,-194671
27-Apr-22,17038.4,-0.94,-3387.0,-60.6,-39.5,-4065.0,-195414
26-Apr-22,17200.8,1.46,232.0,-21.1,+3.1,-1174.0,-191349
25-Apr-22,16953.95,-1.27,-1258.0,-24.2,-14.8,-3303.0,-190175
22-Apr-22,17171.95,-1.27,-941.0,-9.5,-10.6,-2462.0,-186872
21-Apr-22,17392.6,1.49,60.0,1.1,+0.8,-714.0,-184410
20-Apr-22,17136.55,1.05,122.0,0.4,+1.2,-3009.0,-183696
19-Apr-22,16958.65,-1.25,1387.0,-0.9,+16.3,-5872.0,-180687
18-Apr-22,17173.65,-1.73,-403.0,-17.2,-4.8,-6387.0,-174815
13-Apr-22,17475.65,-0.31,-2005.0,-12.4,-21.9,-2061.0,-168428
12-Apr-22,17530.3,-0.82,-1528.0,9.5,-17.5,-3128.0,-166367
11-Apr-22,17674.95,-0.62,-2166.0,27.0,-24.3,-1145.0,-163239
08-Apr-22,17784.35,0.82,163.0,51.3,+1.5,-575.0,-162094
07-Apr-22,17639.55,-0.94,-1999.0,49.8,-22.3,-5010.0,-161519
06-Apr-22,17807.65,-0.83,-126.0,72.1,-1.4,-2280.0,-156509
05-Apr-22,17957.4,-0.53,-358.0,73.4,-3.8,375.0,-154229
04-Apr-22,18053.4,2.17,1442.0,77.2,+16,1152.0,-154604
01-Apr-22,17670.45,1.18,-278.0,61.2,-3.3,1910.0,-155756
31-Mar-22,17464.75,-0.19,1114.0,64.5,+17.7,3089.0,-157666
30-Mar-22,17498.25,1.0,1083.0,46.7,+11.8,1357.0,-160755
29-Mar-22,17325.3,0.6,680.0,35.0,+7.8,35.0,-162112
28-Mar-22,17222.0,0.4,1353.0,27.2,+15.4,-801.0,-162147
25-Mar-22,17153.0,-0.4,-225.0,11.8,-2.6,-1507.0,-161346
24-Mar-22,17222.75,-0.13,-859.0,14.4,-9.6,-1741.0,-159839
23-Mar-22,17245.65,-0.4,-1146.0,24.0,-12.6,481.0,-158098
22-Mar-22,17315.5,1.16,901.0,36.7,+10.4,384.0,-158579
21-Mar-22,17117.6,-0.98,-551.0,26.2,-6.2,-2962.0,-158963
17-Mar-22,17287.05,1.84,4304.0,32.4,+49.7,2800.0,-156001
16-Mar-22,16975.35,1.87,1823.0,-17.3,+21.5,312.0,-158801
15-Mar-22,16663.0,-1.23,-1229.0,-38.8,-14.5,-1250.0,-159113
14-Mar-22,16871.3,1.45,569.0,-24.3,+6.6,-177.0,-157863
11-Mar-22,16630.45,0.21,428.0,-30.9,+5,-2264.0,-157686
10-Mar-22,16594.9,1.53,1570.0,-35.9,+18.6,-1981.0,-155422
09-Mar-22,16345.35,2.07,678.0,-54.5,+8.3,-4819.0,-153441
08-Mar-22,16013.45,0.95,-1008.0,-62.8,-12.7,-8143.0,-148622
07-Mar-22,15863.15,-2.35,-1762.0,-50.1,-22,-7482.0,-140479
04-Mar-22,16245.35,-1.53,-550.0,-28.0,-7.1,-7631.0,-132997
03-Mar-22,16498.05,-0.65,-712.0,-21.0,-8.5,-6645.0,-125366
02-Mar-22,16605.95,-1.12,-3245.0,-12.5,-38.9,-4339.0,-118721
28-Feb-22,16793.9,0.81,-733.0,26.4,-8.5,-3948.0,-114382
25-Feb-22,16658.4,2.53,3555.0,34.9,+42.5,-4471.0,-110434
24-Feb-22,16247.95,-4.78,-3452.0,-7.6,-27.7,-6448.0,-105963
23-Feb-22,17063.25,-0.17,79.0,20.1,+1.2,-3417.0,-99515
22-Feb-22,17092.2,-0.67,-1368.0,18.8,-16,-3246.0,-96098
21-Feb-22,17206.65,-0.4,-217.0,34.9,-2.6,-2262.0,-92852
18-Feb-22,17276.3,-0.16,729.0,37.5,+8.3,-2530.0,-90590
17-Feb-22,17304.6,-0.1,890.0,29.2,+10.7,-1242.0,-88060
16-Feb-22,17322.2,-0.17,555.0,18.4,+6.3,-1891.0,-86818
15-Feb-22,17352.45,3.03,1749.0,12.1,+20.4,-2299.0,-84927
14-Feb-22,16842.8,-3.06,-253.0,-8.3,-2.9,-4254.0,-82628
11-Feb-22,17374.75,-1.31,-1053.0,-5.4,-12,109.0,-78374
10-Feb-22,17605.85,0.81,2276.0,6.6,+25.2,-1733.0,-78483
09-Feb-22,17463.8,1.14,1457.0,-18.5,+16,-893.0,-76750
08-Feb-22,17266.75,0.31,427.0,-34.5,+5,-1968.0,-75857
07-Feb-22,17213.6,-1.73,-1067.0,-39.5,-12.4,-1157.0,-73889
04-Feb-22,17516.3,-0.25,1829.0,-27.2,+20.3,-2268.0,-72732
03-Feb-22,17560.2,-1.24,-1185.0,-47.5,-12.9,-1598.0,-70464
02-Feb-22,17780.0,1.16,1697.0,-34.6,+18.8,-184.0,-68866
01-Feb-22,17576.85,1.37,-415.0,-53.4,-4.8,-22.0,-68682
31-Jan-22,17339.85,1.39,1295.0,-48.6,+15.1,-3624.0,-68660
28-Jan-22,17101.95,-0.05,-1728.0,-63.7,-20.2,-5045.0,-65036
27-Jan-22,17110.15,-0.97,-3009.0,-43.5,-22.7,-6267.0,-59991
25-Jan-22,17277.95,0.75,-156.0,-20.8,-2.6,-7094.0,-53724
24-Jan-22,17149.1,-2.66,-1573.0,-18.2,-17.8,-3752.0,-46630
21-Jan-22,17617.15,-0.79,-616.0,-0.4,-7.2,-3149.0,-42878
20-Jan-22,17757.0,-1.01,-2103.0,6.8,-23.3,-4680.0,-39729
19-Jan-22,17938.4,-0.96,-1262.0,30.1,-14.1,-2705.0,-35049
18-Jan-22,18113.05,-1.07,-205.0,44.2,-2.3,-1255.0,-32344
17-Jan-22,18308.1,0.29,-828.0,46.4,-8.9,-855.0,-31089
14-Jan-22,18255.75,-0.01,-626.0,55.4,-6.8,-1598.0,-30234
13-Jan-22,18257.8,0.25,1473.0,62.2,+16.1,-1391.0,-28636
12-Jan-22,18212.35,0.87,-142.0,46.1,-1.4,-1002.0,-27245
11-Jan-22,18055.75,0.29,-347.0,47.5,-3.9,112.0,-26243
10-Jan-22,18003.3,1.07,-539.0,51.4,-5.8,-124.0,-26355
07-Jan-22,17812.7,0.38,579.0,57.2,+6.2,496.0,-26231
06-Jan-22,17745.9,-1.0,-3013.0,51.1,-33.6,-1927.0,-26727
05-Jan-22,17925.25,0.67,476.0,84.7,+5.1,337.0,-24800
04-Jan-22,17805.25,1.02,703.0,79.6,+7.7,1274.0,-25137
03-Jan-22,17625.7,1.57,662.0,72.0,+7.5,903.0,-26411
31-Dec-21,17354.05,0.87,884.0,64.4,+10.2,575.0,-27314
30-Dec-21,17203.95,-0.06,425.0,54.3,+5.2,-986.0,-27889
29-Dec-21,17213.6,-0.11,-162.0,49.1,-1.9,-975.0,-26903
28-Dec-21,17233.25,0.86,-34.0,51.0,-0.4,207.0,-25928
27-Dec-21,17086.25,0.49,55.0,51.4,+0.7,-1038.0,-26135
24-Dec-21,17003.75,-0.4,70.0,50.7,+0.8,-715.0,-25097
23-Dec-21,17072.6,0.69,989.0,49.9,+11.5,-272.0,-24382
22-Dec-21,16955.45,1.1,-810.0,38.4,-9.4,-827.0,-24110
21-Dec-21,16770.85,0.94,3068.0,47.8,+36.2,-1210.0,-23283
20-Dec-21,16614.2,-2.18,-1163.0,11.6,-14,-3565.0,-22073
17-Dec-21,16985.2,-1.53,-471.0,25.6,-5.3,-2070.0,-18508
16-Dec-21,17248.4,0.16,828.0,30.9,+9.5,-1469.0,-16438
15-Dec-21,17221.4,-0.6,-416.0,21.4,-4.7,-3407.0,-14969
14-Dec-21,17324.9,-0.25,-1657.0,26.1,-19.1,-763.0,-11562
13-Dec-21,17368.25,-0.82,-946.0,45.3,-10.6,-2743.0,-10799
10-Dec-21,17511.3,-0.03,-1323.0,55.8,-15,-1092.0,-8056
09-Dec-21,17516.85,0.27,-749.0,70.8,-8.1,-1586.0,-6964
08-Dec-21,17469.75,1.71,594.0,78.9,+6.7,-579.0,-5378
07-Dec-21,17176.7,1.56,2300.0,72.2,+26.4,-2585.0,-4799
06-Dec-21,16912.25,-1.65,-1155.0,45.9,-13.6,-3361.0,-2214
03-Dec-21,17196.7,-1.18,-2364.0,59.4,-26.9,-3356.0,1147
02-Dec-21,17401.65,1.37,153.0,86.3,+1.9,-910.0,4503
01-Dec-21,17166.9,1.08,930.0,84.4,+10.7,-2766.0,5413
30-Nov-21,16983.2,-0.41,1589.0,73.8,+18.7,-5445.0,8179
29-Nov-21,17053.95,0.16,2152.0,55.1,+25,-3332.0,13624
26-Nov-21,17026.45,-2.91,-3271.0,30.1,-37.4,-5786.0,16956
25-Nov-21,17536.25,0.7,598.0,67.5,+50.9,-2301.0,22742
24-Nov-21,17415.05,-0.5,-167.0,16.6,-1.9,-5123.0,25043
23-Nov-21,17503.35,0.5,297.0,18.5,+3.3,-4477.0,30166
22-Nov-21,17416.55,-1.96,134.0,15.2,+1.4,-3439.0,34643
18-Nov-21,17764.8,-0.75,-180.0,13.8,-2,-3931.0,38082
17-Nov-21,17898.65,-0.56,112.0,15.9,+1.2,-344.0,42013
16-Nov-21,17999.2,-0.61,-578.0,14.7,-6.2,-561.0,42357
15-Nov-21,18109.45,0.04,-291.0,20.9,-3.2,425.0,42918
12-Nov-21,18102.75,1.28,2103.0,24.0,+23.4,511.0,42493
11-Nov-21,17873.6,-0.8,193.0,0.7,+2.3,-1637.0,41982
10-Nov-21,18017.2,-0.15,-512.0,-1.6,-5.8,-470.0,43619
09-Nov-21,18044.25,-0.13,-2622.0,4.2,-28.6,-2445.0,44089
08-Nov-21,18068.55,0.85,2322.0,32.8,+24.9,-861.0,46534
04-Nov-21,17916.8,0.49,4.0,7.9,+0.1,-328.0,47395
03-Nov-21,17829.2,-0.33,547.0,7.8,+6.1,-401.0,47723
02-Nov-21,17888.95,-0.23,-1528.0,1.8,-16.8,245.0,48124
01-Nov-21,17929.65,1.46,58.0,18.5,+0.6,-202.0,47879
29-Oct-21,17671.65,-1.04,690.0,17.9,+7.5,-5143.0,48081
28-Oct-21,17857.25,-1.94,-1129.0,10.4,+11.3,-3819.0,53224
27-Oct-21,18210.95,-0.31,-2552.0,-0.9,-27,-1913.0,57043
26-Oct-21,18268.4,0.79,-340.0,26.1,-3.6,-2369.0,58956
25-Oct-21,18125.4,0.06,-808.0,29.7,-8.3,-2459.0,61325
22-Oct-21,18114.9,-0.35,-610.0,38.0,-6.8,-2698.0,63784
21-Oct-21,18178.1,-0.48,-1539.0,44.8,-17.1,-2819.0,66482
20-Oct-21,18266.6,-0.83,-298.0,61.8,-3.2,-1843.0,69301
19-Oct-21,18418.75,-0.32,1771.0,65.1,+19.1,-506.0,71144
18-Oct-21,18477.05,0.76,-506.0,46.0,-5.7,512.0,71650
14-Oct-21,18338.55,0.97,1327.0,51.7,+14.3,1682.0,71138
13-Oct-21,18161.75,0.94,1205.0,37.4,+13.4,937.0,69456
12-Oct-21,17991.95,0.26,-1199.0,24.1,-13.2,-278.0,68519
11-Oct-21,17945.95,0.28,1373.0,37.2,+14.8,-1303.0,68797
08-Oct-21,17895.2,0.59,22.0,22.5,+0.1,-64.0,70100
07-Oct-21,17790.35,0.82,1195.0,22.4,+13.4,-1764.0,70164
06-Oct-21,17646.0,-0.99,-244.0,9.0,-2.9,-803.0,71928
05-Oct-21,17822.3,0.74,-580.0,11.9,-6.4,-1915.0,72731
04-Oct-21,17691.25,0.91,-737.0,18.2,-8.6,861.0,74646
01-Oct-21,17532.05,-0.49,416.0,26.8,+4.4,131.0,73785
30-Sep-21,17618.15,-0.53,-2468.0,22.4,+25.9,-2226.0,73654
29-Sep-21,17711.3,-0.21,-1572.0,-3.5,-17.3,-1446.0,75880
28-Sep-21,17748.6,-0.6,-2205.0,13.8,-24.6,-1958.0,77326
27-Sep-21,17855.1,0.01,572.0,38.5,+6.3,-595.0,79284
24-Sep-21,17853.2,0.17,-315.0,32.2,-3.5,442.0,79879
23-Sep-21,17822.95,1.57,742.0,35.7,+8.1,358.0,79437
22-Sep-21,17546.65,-0.09,-958.0,27.7,-10.8,-1943.0,79079
21-Sep-21,17562.0,0.95,283.0,38.5,+3.6,1042.0,81022
20-Sep-21,17396.9,-1.07,-2560.0,34.8,-28.4,93.0,79980
17-Sep-21,17585.15,-0.25,2067.0,63.2,+23.4,1553.0,79887
16-Sep-21,17629.5,0.63,235.0,39.9,+2.1,1622.0,78334
15-Sep-21,17519.45,0.8,171.0,37.7,+2,233.0,76712
14-Sep-21,17380.0,0.14,-197.0,35.7,-2.3,1650.0,76479
13-Sep-21,17355.3,-0.08,-647.0,38.0,-7.2,1419.0,74829
09-Sep-21,17369.25,0.09,-1517.0,45.2,-17.1,423.0,73410
08-Sep-21,17353.5,-0.05,44.0,62.3,+0.4,-803.0,72987
07-Sep-21,17362.1,-0.09,433.0,61.9,+4.6,-145.0,73790
06-Sep-21,17377.8,0.31,347.0,57.3,+4,-589.0,73935
03-Sep-21,17323.6,0.52,-742.0,53.3,-8.1,769.0,74524
02-Sep-21,17234.15,0.92,1228.0,61.4,+13.8,349.0,73755
01-Sep-21,17076.25,-0.33,-873.0,47.6,-9.9,667.0,73406
31-Aug-21,17132.2,1.19,-330.0,57.6,-3.6,3881.0,72739
30-Aug-21,16931.05,1.35,558.0,61.2,+6.5,1203.0,68858
27-Aug-21,16705.2,0.41,415.0,54.8,+4.9,-779.0,67655
26-Aug-21,16636.9,0.01,-208.0,49.9,-13.2,-1974.0,68434
25-Aug-21,16634.65,0.06,78.0,63.0,+1.4,-1072.0,70408
24-Aug-21,16624.6,0.78,1103.0,61.6,+13.2,-1645.0,71480
23-Aug-21,16496.45,0.28,310.0,48.5,+3.6,-1363.0,73125
20-Aug-21,16450.5,-0.71,-913.0,44.8,-11.5,-2287.0,74488
18-Aug-21,16568.85,-0.28,-41.0,56.3,+0.1,-595.0,76775
17-Aug-21,16614.6,0.31,-459.0,56.3,-5.5,-344.0,77370
16-Aug-21,16563.05,0.21,-332.0,61.7,-3.8,-1088.0,77714
13-Aug-21,16529.1,1.01,631.0,65.6,+7.9,820.0,78802
12-Aug-21,16364.4,0.5,889.0,57.6,+10.4,-212.0,77982
11-Aug-21,16282.25,0.01,-905.0,47.2,-11.1,238.0,78194
10-Aug-21,16280.1,0.13,-288.0,58.3,-3,-179.0,77956
09-Aug-21,16258.25,0.12,257.0,61.2,+2.6,212.0,78135
06-Aug-21,16238.2,-0.35,-589.0,58.6,-6.9,-69.0,77923
05-Aug-21,16294.6,0.22,-365.0,65.5,-4.1,-720.0,77992
04-Aug-21,16258.8,0.79,213.0,69.6,+2.4,2829.0,78712
03-Aug-21,16130.75,1.55,2537.0,67.2,+31.2,2117.0,75883
02-Aug-21,15885.15,0.77,6.0,36.0,+0.7,-1540.0,73766
30-Jul-21,15763.05,-0.1,-1884.0,35.4,-23.7,-3848.0,75306
29-Jul-21,15778.45,0.44,1054.0,59.1,+42.3,-866.0,79154
28-Jul-21,15709.4,-0.24,-356.0,16.7,-4.4,-2275.0,80020
27-Jul-21,15746.45,-0.49,-608.0,21.2,-7.8,-1459.0,82295
26-Jul-21,15824.45,-0.2,74.0,28.9,+0.4,-2377.0,83754
23-Jul-21,15856.05,0.2,697.0,28.5,+9.1,-163.0,86131
22-Jul-21,15824.05,1.23,1152.0,19.5,+14.6,-248.0,86294
20-Jul-21,15632.1,-0.76,-1785.0,4.9,-22.3,-2835.0,86542
19-Jul-21,15752.4,-1.07,-2069.0,27.2,-26.3,-2199.0,89377
16-Jul-21,15923.4,-0.01,-1109.0,53.5,-12.9,-466.0,91576
15-Jul-21,15924.2,0.44,706.0,66.4,+8.8,-265.0,92042
14-Jul-21,15853.95,0.26,278.0,57.6,+3.4,-1304.0,92307
13-Jul-21,15812.35,0.76,2573.0,54.2,+31.3,114.0,93611
12-Jul-21,15692.6,0.02,719.0,22.9,+9.1,-746.0,93497
09-Jul-21,15689.8,-0.24,-450.0,13.9,-5.2,-1125.0,94243
08-Jul-21,15727.9,-0.96,-2938.0,19.1,-36.1,-555.0,95368
07-Jul-21,15879.65,0.39,-319.0,55.1,-4.5,533.0,95923
06-Jul-21,15818.25,-0.1,224.0,59.6,+2.9,-543.0,95390
05-Jul-21,15834.35,0.71,-133.0,56.7,-1.2,-338.0,95933
02-Jul-21,15722.2,0.27,99.0,57.9,+1.1,-983.0,96271
01-Jul-21,15680.0,-0.26,-294.0,56.8,-3.7,-1245.0,97254
30-Jun-21,15721.5,-0.17,447.0,60.5,+5.7,-1647.0,98499
29-Jun-21,15748.45,-0.42,-1301.0,54.7,-16.1,117.0,100146
28-Jun-21,15814.7,-0.29,-729.0,70.8,-8.7,-1659.0,100029
25-Jun-21,15860.35,0.44,-858.0,79.5,-10.7,-679.0,101688
24-Jun-21,15790.45,0.66,1780.0,90.2,+32.7,-2891.0,102367
23-Jun-21,15686.95,-0.54,372.0,57.5,+8.8,3157.0,105258
22-Jun-21,15772.75,0.17,669.0,48.7,+11.6,-1028.0,102101
21-Jun-21,15746.5,0.4,-478.0,37.1,-4.3,-1245.0,103129
18-Jun-21,15683.35,-0.05,-101.0,41.4,-1.9,2681.0,104374
17-Jun-21,15691.4,-0.48,-378.0,43.2,-2.4,-880.0,101693
16-Jun-21,15767.55,-0.64,-586.0,45.6,-5.6,-870.0,102573
15-Jun-21,15869.25,0.36,-11.0,51.2,0,634.0,103443
14-Jun-21,15811.85,0.08,-2638.0,51.2,-24.4,-504.0,102809
11-Jun-21,15799.35,0.39,-122.0,75.6,-1.7,19.0,103313
10-Jun-21,15737.75,0.65,-944.0,77.2,-8.4,1330.0,103294
09-Jun-21,15635.35,-0.67,537.0,85.6,+4.7,-846.0,101964
08-Jun-21,15740.1,-0.07,-67.0,80.9,-1,1423.0,102810
07-Jun-21,15751.65,0.52,515.0,81.9,+4.3,-186.0,101387
04-Jun-21,15670.25,-0.13,-614.0,77.6,-5.9,1499.0,101573
03-Jun-21,15690.35,0.73,560.0,83.5,+4.6,1079.0,100074
02-Jun-21,15576.2,0.01,-1107.0,78.9,-9.4,921.0,98995
01-Jun-21,15574.85,-0.05,414.0,88.3,+2.4,-450.0,98074
31-May-21,15582.8,0.95,-690.0,85.8,-6.3,2412.0,98524
28-May-21,15435.65,0.64,438.0,92.2,+4.2,914.0,96112
27-May-21,15337.85,0.24,2637.0,88.0,+40.1,-661.0,95198
26-May-21,15301.45,0.61,1290.0,47.8,+12.4,242.0,95859
25-May-21,15208.45,0.07,1477.0,35.4,+12.5,960.0,95617
24-May-21,15197.7,0.15,-370.0,22.9,-3.6,585.0,94657
21-May-21,15175.3,1.81,1481.0,26.6,+13.7,510.0,94072
20-May-21,14906.05,-0.83,-961.0,12.9,-9.1,71.0,93562
19-May-21,15030.15,-0.52,142.0,21.9,+2.1,-698.0,93491
18-May-21,15108.1,1.24,3076.0,19.9,+29.2,618.0,94189
17-May-21,14923.15,1.67,886.0,-9.4,+9.6,-2256.0,93571
14-May-21,14677.8,-0.13,625.0,-19.0,+4.2,-2608.0,95827
12-May-21,14696.5,-1.04,-556.0,-23.1,-4.8,-1261.0,98435
11-May-21,14850.75,-0.61,-2220.0,-18.3,-20.9,-336.0,99696
10-May-21,14942.35,0.8,-322.0,2.6,-3,584.0,100032
07-May-21,14823.15,0.67,402.0,5.5,+3.6,-1143.0,99448
06-May-21,14724.8,0.73,-251.0,1.9,-2.5,1223.0,100591
05-May-21,14617.85,0.84,10.0,4.5,0,-1111.0,99368
04-May-21,14496.5,-0.94,-288.0,4.5,-2.5,-1772.0,100479
03-May-21,14634.15,0.02,-1916.0,6.9,-17.3,-2289.0,102251
30-Apr-21,14631.1,-1.77,-2963.0,24.3,-28.7,-3465.0,104540
29-Apr-21,14894.9,0.2,-648.0,52.9,+5.6,809.0,108005
28-Apr-21,14864.55,1.44,167.0,47.3,+3.1,766.0,107196
27-Apr-21,14653.05,1.16,-64.0,44.3,-0.5,-1455.0,106430
26-Apr-21,14485.0,1.0,1218.0,44.7,+11.5,-1112.0,107885
23-Apr-21,14341.35,-0.45,-233.0,33.2,-2.5,-1361.0,108997
22-Apr-21,14406.15,0.77,438.0,35.7,+4.5,-910.0,110358
20-Apr-21,14296.4,-0.44,307.0,31.2,+4,-1082.0,111268
19-Apr-21,14359.45,-1.77,-310.0,27.2,-3.9,-1634.0,112350
16-Apr-21,14617.85,0.25,55.0,31.2,-1.2,438.0,113984
15-Apr-21,14581.45,0.53,1309.0,32.4,+13.2,980.0,113546
13-Apr-21,14504.8,1.36,1995.0,19.2,+19.4,-731.0,112566
12-Apr-21,14310.8,-3.53,-1740.0,-0.2,-16.9,-1746.0,113297
09-Apr-21,14834.85,-0.26,-639.0,16.7,-5.6,-654.0,115043
08-Apr-21,14873.8,0.37,262.0,22.3,+2.4,111.0,115697
07-Apr-21,14819.05,0.92,762.0,19.9,+6.3,227.0,115586
06-Apr-21,14683.5,0.31,298.0,13.5,+2.9,-1093.0,115359
05-Apr-21,14637.8,-1.54,-1803.0,10.7,-17.4,-932.0,116452
01-Apr-21,14867.35,1.2,445.0,28.1,+4.5,149.0,117384
31-Mar-21,14690.7,-1.04,-2449.0,23.6,-32.7,-1686.0,117235
30-Mar-21,14845.1,2.33,1275.0,56.3,+10.2,769.0,118921
26-Mar-21,14507.3,1.27,1880.0,46.0,+19.4,-50.0,118152
25-Mar-21,14324.9,-1.54,960.0,26.6,+4.7,-3384.0,118202
24-Mar-21,14549.4,-1.79,-1677.0,21.9,-16.7,-1952.0,121586
23-Mar-21,14814.75,0.53,440.0,38.6,+5.8,-108.0,123538
22-Mar-21,14736.4,-0.05,-18.0,32.8,-0.9,-787.0,123646
19-Mar-21,14744.0,1.28,1507.0,33.7,+12.4,1418.0,124433
18-Mar-21,14557.85,-1.11,361.0,21.3,+2.7,1258.0,123015
17-Mar-21,14721.3,-1.27,-6.0,18.6,-0.4,2626.0,121757
16-Mar-21,14910.45,-0.13,275.0,19.0,+2.2,1692.0,119131
15-Mar-21,14929.5,-0.67,-497.0,16.8,-5.2,-1101.0,117439
12-Mar-21,15030.95,-0.95,-586.0,22.0,-6.2,-943.0,118540
10-Mar-21,15174.8,0.51,88.0,28.2,+0.6,-16.0,119483
09-Mar-21,15098.4,0.95,1735.0,27.5,+16.6,2802.0,119499
08-Mar-21,14956.2,0.12,-858.0,10.9,-7.1,-1494.0,116697
05-Mar-21,14938.1,-0.95,68.0,18.1,+1.2,-2014.0,118191
04-Mar-21,15080.75,-1.08,-2265.0,16.9,-20.5,-223.0,120205
03-Mar-21,15245.6,2.19,1372.0,37.4,+13,2089.0,120428
02-Mar-21,14919.1,1.07,-1894.0,24.4,-17.9,2053.0,118339
01-Mar-21,14761.55,1.6,1498.0,42.3,+13.1,125.0,116286
26-Feb-21,14529.15,-3.76,-3806.0,29.2,-34.9,-8295.0,116161
25-Feb-21,15097.35,0.77,382.0,64.1,+23.3,188.0,124456
24-Feb-21,14982.0,1.86,443.0,40.7,+4.9,28739.0,124268
23-Feb-21,14707.8,0.22,-160.0,35.8,-1.5,-1569.0,95529
22-Feb-21,14675.7,-2.04,749.0,37.3,+9.1,-893.0,97098
19-Feb-21,14981.75,-0.91,281.0,28.2,+0.2,119.0,97991
18-Feb-21,15118.95,-0.59,-18.0,28.0,-1,903.0,97872
17-Feb-21,15208.9,-0.68,-182.0,29.0,-1,1008.0,96969
16-Feb-21,15313.45,-0.01,-608.0,30.0,-6,1144.0,95961
15-Feb-21,15314.7,1.0,523.0,36.0,+5.5,1234.0,94817
12-Feb-21,15163.3,-0.07,-733.0,30.5,-7.3,-37.0,93583
11-Feb-21,15173.3,0.44,2.0,37.9,+0.5,944.0,93620
10-Feb-21,15106.5,-0.02,141.0,37.4,+0.7,1787.0,92676
09-Feb-21,15109.3,-0.04,371.0,36.7,+3.5,1301.0,90889
08-Feb-21,15115.8,1.28,491.0,33.2,+5,1877.0,89588
05-Feb-21,14924.25,0.19,-461.0,28.2,-4.7,1462.0,87711
04-Feb-21,14895.65,0.71,-1555.0,32.9,-14.2,1937.0,86249
03-Feb-21,14789.95,0.97,-69.0,47.2,-0.2,2521.0,84312
02-Feb-21,14647.85,2.57,-975.0,47.4,-8.8,6182.0,81791
01-Feb-21,14281.2,4.74,2135.0,56.2,+26.5,1494.0,75609
29-Jan-21,13634.6,-1.32,-5.0,29.6,+0.1,-5931.0,74115
28-Jan-21,13817.55,-1.07,-1389.0,29.5,-2.3,-3713.0,80046
27-Jan-21,13967.5,-1.91,-1328.0,31.8,-12.8,-1688.0,83759
25-Jan-21,14238.9,-0.93,1861.0,44.5,+17.6,-765.0,85447
22-Jan-21,14371.9,-1.5,-1471.0,26.9,-18.1,-636.0,86212
21-Jan-21,14590.35,-0.37,1102.0,45.0,+11.2,1615.0,86848
20-Jan-21,14644.7,0.85,-1313.0,33.9,-10.5,2289.0,85233
19-Jan-21,14521.15,1.68,509.0,44.3,+4.1,258.0,82944
18-Jan-21,14281.3,-1.06,-267.0,40.2,-3.2,651.0,82686
15-Jan-21,14433.7,-1.11,-1063.0,43.4,-11,971.0,82035
14-Jan-21,14595.6,0.21,9.0,54.4,+1,1077.0,81064
13-Jan-21,14564.85,0.01,-976.0,53.4,-10.1,1879.0,79987
12-Jan-21,14563.45,0.54,-1206.0,63.5,-11.5,571.0,78108
11-Jan-21,14484.75,0.96,-1357.0,75.1,-13.3,3139.0,77537
08-Jan-21,14347.25,1.48,1133.0,88.4,+10.9,6030.0,74398
07-Jan-21,14137.35,-0.06,217.0,77.5,+3.1,382.0,68368
06-Jan-21,14146.25,-0.38,-295.0,74.4,-2.9,-484.0,67986
05-Jan-21,14199.5,0.47,-176.0,77.3,-1.5,986.0,68470
04-Jan-21,14132.9,0.82,943.0,78.8,+11.9,1843.0,67484
01-Jan-21,14018.5,0.26,-265.0,66.9,-2.6,506.0,65641
31-Dec-20,13981.75,0.0,19.0,69.5,+14.2,1136.0,65135
30-Dec-20,13981.95,0.35,-468.0,55.3,-4.9,1825.0,63999
29-Dec-20,13932.6,0.43,-287.0,60.2,-3,2350.0,62174
28-Dec-20,13873.2,0.9,432.0,63.2,+4.6,1589.0,59824
24-Dec-20,13749.25,1.09,1102.0,58.6,+10.7,1226.0,58235
23-Dec-20,13601.1,1.0,-1379.0,47.8,-13.9,536.0,57009
22-Dec-20,13466.3,1.03,589.0,61.7,+8.1,1153.0,56473
21-Dec-20,13328.4,-3.14,-265.0,53.6,-3.1,-324.0,55320
18-Dec-20,13760.55,0.14,-197.0,56.7,-1.2,2721.0,55644
17-Dec-20,13740.7,0.42,-375.0,57.9,-4.5,2355.0,52923
16-Dec-20,13682.7,0.85,553.0,62.4,+4.7,1982.0,50568
15-Dec-20,13567.85,0.07,-95.0,57.7,-0.2,2484.0,48586
14-Dec-20,13558.15,0.33,-812.0,57.9,-8.8,2264.0,46102
11-Dec-20,13513.85,0.26,291.0,66.7,+3.7,4195.0,43838
10-Dec-20,13478.3,-0.38,-1311.0,62.9,-13.7,2260.0,39643
09-Dec-20,13529.1,1.02,598.0,76.7,+5.9,3564.0,37383
08-Dec-20,13392.95,0.28,-324.0,70.7,-3.2,2910.0,33819
07-Dec-20,13355.75,0.73,-1130.0,74.0,-11.8,3792.0,30909
04-Dec-20,13258.55,0.95,897.0,85.7,+10,2970.0,27117
03-Dec-20,13133.9,0.15,176.0,75.7,+0.7,3637.0,24147
02-Dec-20,13113.75,0.04,-1082.0,75.0,-11.5,357.0,20510
01-Dec-20,13109.05,1.08,-482.0,86.5,-4.9,3242.0,20153
27-Nov-20,12968.95,-0.14,1770.0,91.4,+19.6,7713.0,16911
26-Nov-20,12987.0,1.0,-117.0,71.8,+21.7,2027.0,9198
25-Nov-20,12858.4,-1.51,-1803.0,50.1,-18.1,24.0,7171
24-Nov-20,13055.15,1.0,-29.0,68.2,+0.6,4563.0,7147
23-Nov-20,12926.45,0.52,73.0,67.6,+0.4,4738.0,2584
20-Nov-20,12859.05,0.68,649.0,67.2,+7.3,3861.0,-2154
19-Nov-20,12771.7,-1.29,-738.0,59.9,-8.3,1181.0,-6015
18-Nov-20,12938.25,0.5,447.0,68.2,+5.3,3072.0,-7196
17-Nov-20,12874.2,0.74,1015.0,62.8,+10.3,4905.0,-10268
14-Nov-20,12780.25,0.47,152.0,52.5,+1.6,-79.0,-15173
13-Nov-20,12719.95,0.23,-473.0,50.9,-6.2,1936.0,-15094
12-Nov-20,12690.8,-0.46,-1654.0,57.1,-20.9,1514.0,-17030
11-Nov-20,12749.15,0.93,239.0,78.0,+2.8,6207.0,-18544
10-Nov-20,12631.1,1.36,2017.0,75.1,+21.5,5627.0,-24751
09-Nov-20,12461.05,1.61,905.0,53.7,+10.6,4548.0,-30378
06-Nov-20,12263.55,1.18,521.0,43.0,+7.2,4870.0,-34926
05-Nov-20,12120.3,1.78,3441.0,35.8,+40.9,5368.0,-39796
04-Nov-20,11908.5,0.8,-290.0,-5.1,-4.1,146.0,-45164
03-Nov-20,11813.5,1.24,480.0,-1.0,+5.8,2274.0,-45310
02-Nov-20,11669.15,0.23,1227.0,-6.8,+18.6,741.0,-47584
30-Oct-20,11642.4,-0.24,-966.0,-25.4,-13.1,-871.0,-48325
29-Oct-20,11670.8,-0.5,-1659.0,-12.2,-2.9,-421.0,-47454
28-Oct-20,11729.6,-1.34,-1905.0,-9.4,-22.8,-1131.0,-47033
27-Oct-20,11889.4,1.03,-1116.0,13.4,-11.9,3515.0,-45902
26-Oct-20,11767.75,-1.36,-600.0,25.2,-8.7,-119.0,-49417
23-Oct-20,11930.35,0.28,-601.0,34.0,-7.8,907.0,-49298
22-Oct-20,11896.45,-0.35,-319.0,41.8,-4,1118.0,-50205
21-Oct-20,11937.65,0.34,151.0,45.8,+2.3,2108.0,-51323
20-Oct-20,11896.8,0.2,-285.0,43.4,-3.6,1585.0,-53431
19-Oct-20,11873.05,0.94,141.0,47.1,+1.9,1657.0,-55016
16-Oct-20,11762.45,0.7,-42.0,45.1,+0.1,-480.0,-56673
15-Oct-20,11680.35,-2.43,-107.0,45.0,-1.9,-604.0,-56193
14-Oct-20,11971.05,0.31,-714.0,46.9,-8.2,822.0,-55589
13-Oct-20,11934.5,0.03,-59.0,55.1,-1,832.0,-56411
12-Oct-20,11930.95,0.14,-701.0,56.0,-9.5,615.0,-57243
09-Oct-20,11914.2,0.67,739.0,65.6,+10.1,-39.0,-57858
08-Oct-20,11834.6,0.82,1399.0,55.5,+16.1,978.0,-57819
07-Oct-20,11738.85,0.66,781.0,39.4,+8.7,1094.0,-58797
06-Oct-20,11662.4,1.38,-514.0,30.7,-5.3,1102.0,-59891
05-Oct-20,11503.35,0.76,-45.0,36.0,-1,237.0,-60993
01-Oct-20,11416.95,1.51,1476.0,37.0,+23,1632.0,-61230
30-Sep-20,11247.55,0.22,725.0,13.9,+9,-712.0,-62862
29-Sep-20,11222.4,-0.05,-644.0,5.0,-11.1,-1457.0,-62150
28-Sep-20,11227.55,1.6,709.0,16.1,+9,-27.0,-60693
25-Sep-20,11050.25,2.26,1285.0,7.0,+16.8,-2080.0,-60666
24-Sep-20,10805.55,-2.93,-1799.0,-9.7,-10.4,-1886.0,-58586
23-Sep-20,11131.85,-0.2,-587.0,0.7,-8.2,-3912.0,-56700
22-Sep-20,11153.65,-0.86,-696.0,8.8,-7.6,-2073.0,-52788
21-Sep-20,11250.55,-2.21,432.0,16.5,+2.9,-540.0,-50715
18-Sep-20,11504.95,-0.1,1900.0,13.5,+22.7,205.0,-50175
17-Sep-20,11516.1,-0.76,-673.0,-9.2,-7.9,-250.0,-50380
16-Sep-20,11604.55,0.72,-414.0,-1.3,-5.9,265.0,-50130
15-Sep-20,11521.8,0.71,84.0,4.6,+1.5,1171.0,-50395
14-Sep-20,11440.05,-0.21,-829.0,3.2,-11,298.0,-51566
11-Sep-20,11464.45,0.13,-467.0,14.1,-5.2,1176.0,-51864
10-Sep-20,11449.25,1.52,609.0,19.3,+7.5,838.0,-53040
09-Sep-20,11278.0,-0.35,-726.0,11.9,-10.1,-959.0,-53878
08-Sep-20,11317.35,-0.33,211.0,22.0,+2.6,-1057.0,-52919
07-Sep-20,11355.05,0.19,653.0,19.4,+10.3,-7.0,-51862
04-Sep-20,11333.85,-1.68,-696.0,9.1,-8.7,-1889.0,-51855
03-Sep-20,11527.45,-0.07,-772.0,17.8,-9.4,8.0,-49966
02-Sep-20,11535.0,0.56,-820.0,27.2,-9.7,991.0,-49974
01-Sep-20,11470.25,0.73,1035.0,36.9,+14.6,486.0,-50965
31-Aug-20,11387.5,-2.23,-4068.0,22.4,-51.9,-3395.0,-51451
28-Aug-20,11647.6,0.76,351.0,74.3,+4.2,1004.0,-48056
27-Aug-20,11559.25,0.08,600.0,70.1,+29.7,1164.0,-49060
26-Aug-20,11549.6,0.67,360.0,40.4,+3.6,1581.0,-50224
25-Aug-20,11472.25,0.05,-144.0,36.9,0,1481.0,-51805
24-Aug-20,11466.45,0.83,786.0,36.9,+10.3,219.0,-53286
21-Aug-20,11371.6,0.53,1236.0,26.5,+15.9,410.0,-53505
20-Aug-20,11312.2,-0.84,-1697.0,10.7,-23.9,-268.0,-53915
19-Aug-20,11408.4,0.2,-250.0,34.5,-2,459.0,-53647
18-Aug-20,11385.35,1.23,-161.0,36.5,-1.9,1135.0,-54106
17-Aug-20,11247.1,0.61,1558.0,38.5,+19.2,333.0,-55241
14-Aug-20,11178.4,-1.08,413.0,19.3,+6.6,46.0,-55574
13-Aug-20,11300.45,-0.07,767.0,12.6,+7.9,416.0,-55620
12-Aug-20,11308.4,-0.12,-1163.0,4.7,-15.9,351.0,-56036
11-Aug-20,11322.5,0.46,106.0,20.7,+1.5,1014.0,-56387
10-Aug-20,11270.15,0.5,24.0,19.1,+0.6,303.0,-57401
07-Aug-20,11214.05,0.12,-63.0,18.6,-0.7,397.0,-57704
06-Aug-20,11200.15,0.89,494.0,19.3,+3.5,637.0,-58101
05-Aug-20,11101.65,0.06,-528.0,15.7,-6.8,-60.0,-58738
04-Aug-20,11095.25,1.87,1228.0,22.6,+19.2,704.0,-58678
03-Aug-20,10891.6,-1.64,-2615.0,3.4,-35.3,7818.0,-59382
31-Jul-20,11073.45,-0.26,30.0,38.7,+1,-959.0,-67200
30-Jul-20,11102.15,-0.9,539.0,37.7,+26.2,207.0,-66241
29-Jul-20,11202.85,-0.86,-819.0,11.6,-9.8,-353.0,-66448
28-Jul-20,11300.55,1.52,993.0,21.4,+11.6,246.0,-66095
27-Jul-20,11131.8,-0.56,500.0,9.8,+7.1,-453.0,-66341
24-Jul-20,11194.15,-0.19,-1196.0,2.6,-18.8,410.0,-65888
23-Jul-20,11215.45,0.74,220.0,21.4,+2.3,1741.0,-66298
22-Jul-20,11132.6,-0.27,337.0,19.2,+3.7,1666.0,-68039
21-Jul-20,11162.25,1.27,857.0,15.5,+10,2266.0,-69705
20-Jul-20,11022.2,1.11,-68.0,5.5,-1.6,1710.0,-71971
17-Jul-20,10901.7,1.51,652.0,7.1,+9.2,697.0,-73681
16-Jul-20,10739.95,1.15,-644.0,-2.0,-9.3,-1091.0,-74378
15-Jul-20,10618.2,0.1,1590.0,7.3,+19.8,-222.0,-73287
14-Jul-20,10607.35,-1.81,-1645.0,-12.6,-21.3,-1566.0,-73065
13-Jul-20,10802.7,0.32,-498.0,8.8,-7.6,222.0,-71499
10-Jul-20,10768.05,-0.42,-1610.0,16.3,-21.2,-1031.0,-71721
09-Jul-20,10813.45,1.01,1331.0,37.5,+16.1,213.0,-70690
08-Jul-20,10705.75,-0.87,1002.0,21.4,+14.3,-995.0,-70903
07-Jul-20,10799.65,0.33,-409.0,7.0,-4.8,830.0,-69908
06-Jul-20,10763.65,1.47,704.0,11.9,+8.2,348.0,-70738
03-Jul-20,10607.35,0.53,504.0,3.7,+6.8,857.0,-71086
02-Jul-20,10551.7,1.17,706.0,-3.1,+11.3,-557.0,-71943
01-Jul-20,10430.05,1.24,1115.0,-14.4,+15.9,-1696.0,-71386
30-Jun-20,10302.1,-0.1,367.0,-30.4,+5.6,-2000.0,-69690
29-Jun-20,10312.4,-0.68,-1242.0,-35.9,-18.2,-1937.0,-67690
26-Jun-20,10383.0,0.91,-190.0,-17.7,-3.8,-753.0,-65753
25-Jun-20,10288.9,-0.16,-1002.0,-13.9,-12.5,-1051.0,-65000
24-Jun-20,10305.3,-1.58,-1051.0,-1.4,-15.9,1767.0,-63949
23-Jun-20,10471.0,1.55,-115.0,14.5,-3.1,169.0,-65716
22-Jun-20,10311.2,0.65,76.0,17.6,+2.6,424.0,-65885
19-Jun-20,10244.4,1.51,511.0,15.1,+11,1237.0,-66309
18-Jun-20,10091.65,2.13,172.0,4.1,+4.6,367.0,-67546
17-Jun-20,9881.15,-0.33,266.0,-0.5,+5,-487.0,-67913
16-Jun-20,9914.0,1.02,114.0,-5.5,+2.3,-1479.0,-67426
15-Jun-20,9813.7,-1.6,-355.0,-7.8,-5.4,-2960.0,-65947
12-Jun-20,9972.9,0.72,-502.0,-2.4,-4.3,-1311.0,-62987
11-Jun-20,9902.0,-2.12,-923.0,1.9,-13.9,-805.0,-61676
10-Jun-20,10116.15,0.69,294.0,15.8,+6.3,-919.0,-60871
09-Jun-20,10046.65,-1.19,226.0,9.5,+5.1,491.0,-59952
08-Jun-20,10167.45,0.25,-439.0,4.4,-5.9,813.0,-60443
05-Jun-20,10142.15,1.13,-345.0,10.3,-5.5,98.0,-61256
04-Jun-20,10029.1,-0.32,-1266.0,15.8,-16.8,2905.0,-61354
03-Jun-20,10061.55,0.83,532.0,32.6,+7.7,1851.0,-64259
02-Jun-20,9979.1,1.56,357.0,24.9,+5.6,7498.0,-66110
01-Jun-20,9826.15,2.57,136.0,19.3,-2.4,1575.0,-73608
29-May-20,9580.3,0.95,-631.0,21.7,-10.3,1461.0,-75183
28-May-20,9490.1,1.88,-354.0,32.0,+22.7,2354.0,-76644
27-May-20,9314.95,3.17,1664.0,9.3,+30.9,-335.0,-78998
26-May-20,9029.05,-0.11,189.0,-21.6,+6.8,4716.0,-78663
22-May-20,9039.25,-0.74,-671.0,-28.4,-17.5,-1354.0,-83379
21-May-20,9106.25,0.44,-471.0,-10.9,-9.1,-259.0,-82025
20-May-20,9066.55,2.11,216.0,-1.8,+3.2,-1467.0,-81766
19-May-20,8879.1,0.63,2332.0,-5.0,+40.5,-1328.0,-80299
18-May-20,8823.25,-3.43,-803.0,-45.5,-17,-2513.0,-78971
15-May-20,9136.85,-0.06,-620.0,-28.5,-10.9,-2388.0,-76458
14-May-20,9142.75,-2.57,-1328.0,-17.5,-19.5,-2153.0,-74070
13-May-20,9383.55,2.03,-49.0,2.0,+1.6,-283.0,-71917
12-May-20,9196.55,-0.46,-872.0,0.4,-14.2,-1662.0,-71634
11-May-20,9239.2,-0.13,806.0,14.6,+11.8,535.0,-69972
08-May-20,9251.5,0.57,329.0,2.9,+3.3,1725.0,-70507
07-May-20,9199.05,-0.78,-1628.0,-0.4,-23.7,19056.0,-72232
06-May-20,9270.9,0.71,511.0,23.3,+9.7,-494.0,-91288
05-May-20,9205.6,-0.95,179.0,13.5,+1.9,-1059.0,-90794
04-May-20,9293.5,-5.74,-1606.0,11.6,-19.5,-1374.0,-89735
30-Apr-20,9859.9,3.21,-294.0,31.1,+8.4,1969.0,-88361
29-Apr-20,9553.35,1.84,-66.0,22.8,-1.8,722.0,-90330
28-Apr-20,9380.9,1.06,692.0,24.5,+10.8,-122.0,-91052
27-Apr-20,9282.3,1.4,1548.0,13.7,+27.7,-916.0,-90930
24-Apr-20,9154.4,-1.71,-456.0,-13.9,-6,-207.0,-90014
23-Apr-20,9313.9,1.38,139.0,-7.9,-0.4,-115.0,-89807
22-Apr-20,9187.3,2.29,417.0,-7.5,+6.3,-1326.0,-89692
21-Apr-20,8981.45,-3.03,-1071.0,-13.8,-17.7,-2095.0,-88366
20-Apr-20,9261.85,-0.05,245.0,3.9,+3.9,-266.0,-86271
17-Apr-20,9266.75,3.05,-7.0,0.0,-0.1,-1392.0,-86005
16-Apr-20,8992.8,0.76,361.0,0.1,+6.6,-2920.0,-84613
15-Apr-20,8925.3,-0.76,1283.0,-6.5,+19.2,1359.0,-81693
13-Apr-20,8993.85,-1.3,-475.0,-25.8,-8.5,-1244.0,-83052
09-Apr-20,9111.9,4.15,755.0,-17.3,+10.3,1738.0,-81808
08-Apr-20,8748.75,-0.49,-413.0,-27.6,-7.7,1943.0,-83546
07-Apr-20,8792.2,8.76,2368.0,-19.9,+38.6,742.0,-85489
03-Apr-20,8083.8,-2.06,279.0,-58.5,+4.5,-1961.0,-86231
01-Apr-20,8253.8,-4.0,-1197.0,-63.0,-20.8,-1117.0,-84270
31-Mar-20,8597.75,3.82,1506.0,-42.2,+23.4,-3045.0,-83153
30-Mar-20,8281.1,-4.38,-967.0,-65.7,-13.7,-4364.0,-80108
27-Mar-20,8660.25,0.22,-29.0,-52.0,-2.5,356.0,-75744
26-Mar-20,8641.45,3.89,-360.0,-49.5,-63.2,-485.0,-76100
25-Mar-20,8317.85,6.62,-45.0,13.8,+0.3,-1893.0,-75615
24-Mar-20,7801.05,2.51,3197.0,13.5,+54,-2153.0,-73722
23-Mar-20,7610.25,-12.98,737.0,-40.5,+11.6,-2989.0,-71569
20-Mar-20,8745.45,5.83,2428.0,-52.0,+37.1,-3346.0,-68580
19-Mar-20,8263.45,-2.42,45.0,-89.1,+0.8,-4623.0,-65234
18-Mar-20,8468.8,-5.56,300.0,-89.9,+4.6,-5085.0,-60611
17-Mar-20,8967.05,-2.5,859.0,-94.5,+12.3,-4045.0,-55526
16-Mar-20,9197.4,-7.61,654.0,-106.8,+12,-3810.0,-51481
13-Mar-20,9955.2,3.81,2498.0,-118.8,+33.9,-6028.0,-47671
12-Mar-20,9590.15,-8.3,-14.0,-152.7,-1.9,-3475.0,-41643
11-Mar-20,10458.4,0.07,1216.0,-150.8,+18.9,-3515.0,-38168
09-Mar-20,10451.45,-4.9,222.0,-169.7,+3.4,-6596.0,-34653
06-Mar-20,10989.45,-2.48,-2982.0,-173.1,-36.4,-3595.0,-28057
05-Mar-20,11269.0,0.16,-342.0,-136.8,-5.3,-2477.0,-24462
04-Mar-20,11251.0,-0.46,-1554.0,-131.5,-20.5,-878.0,-21985
03-Mar-20,11303.3,1.53,241.0,-111.0,+4,-2416.0,-21107
02-Mar-20,11132.75,-0.62,3159.0,-115.0,+41.2,-1355.0,-18691
28-Feb-20,11201.75,-3.71,-1631.0,-156.3,-20.2,-1429.0,-17336
27-Feb-20,11633.3,-0.39,-2201.0,-136.0,-32.5,-3127.0,-15907
26-Feb-20,11678.5,-1.01,-1262.0,-103.5,-13.8,-3337.0,-12780
25-Feb-20,11797.9,-0.27,1470.0,-89.7,+18.1,-2315.0,-9443
24-Feb-20,11829.4,-2.08,-1238.0,-107.8,-11.9,-1161.0,-7128
20-Feb-20,12080.85,-0.37,-753.0,-95.9,-7.1,1495.0,-5967
19-Feb-20,12125.9,1.11,994.0,-88.8,+10.2,-191.0,-7462
18-Feb-20,11992.5,-0.44,-460.0,-99.0,-2.7,-74.0,-7271
17-Feb-20,12045.8,-0.56,520.0,-96.3,+7.2,-374.0,-7197
14-Feb-20,12113.45,-0.5,109.0,-103.5,+2,-705.0,-6823
13-Feb-20,12174.65,-0.22,-1235.0,-105.5,-17.1,1061.0,-6118
12-Feb-20,12201.2,0.77,1145.0,-88.4,+12.9,49.0,-7179
11-Feb-20,12107.9,0.63,1404.0,-101.3,+15.6,-209.0,-7228
10-Feb-20,12031.5,-0.55,-410.0,-116.9,-4.4,-185.0,-7019
07-Feb-20,12098.35,-0.33,-428.0,-112.5,-4.2,162.0,-6834
06-Feb-20,12137.95,0.4,219.0,-108.3,+1.2,-560.0,-6996
05-Feb-20,12089.15,0.91,-320.0,-109.5,-5.5,249.0,-6436
04-Feb-20,11979.65,2.32,680.0,-104.0,+3.4,366.0,-6685
03-Feb-20,11707.9,0.39,406.0,-107.4,+6.4,-1200.0,-7051
01-Feb-20,11661.85,-2.51,-1410.0,-113.8,-12.5,-1200.0,-5851
31-Jan-20,11962.1,-0.61,-2283.0,-101.4,-25.9,-4179.0,-4651
30-Jan-20,12035.8,-0.77,-1534.0,-75.4,-26.9,-962.0,-472
29-Jan-20,12129.5,0.61,440.0,-48.6,+5.1,-1014.0,490
28-Jan-20,12055.8,-0.52,-541.0,-53.7,-7.8,-1358.0,1504
27-Jan-20,12119.0,-1.06,-2269.0,-45.8,-24.2,-439.0,2862
24-Jan-20,12248.25,0.56,-581.0,-21.7,-7.1,659.0,3301
23-Jan-20,12180.35,0.61,-417.0,-14.5,-6.4,1352.0,2642
22-Jan-20,12106.9,-0.52,-927.0,-8.1,-9,-176.0,1290
21-Jan-20,12169.85,-0.45,-552.0,0.9,-4.8,-50.0,1466
20-Jan-20,12224.55,-1.03,134.0,5.7,+4.7,6.0,1516
17-Jan-20,12352.35,-0.03,130.0,1.0,+2.9,264.0,1510
16-Jan-20,12355.5,0.1,-586.0,-1.9,-6.6,-395.0,1246
15-Jan-20,12343.3,-0.15,-910.0,4.7,-8.8,280.0,1641
14-Jan-20,12362.3,0.27,-73.0,13.5,-0.8,-206.0,1361
13-Jan-20,12329.55,0.59,208.0,14.2,+3,68.0,1567
10-Jan-20,12256.8,0.33,308.0,11.2,+3.2,578.0,1499
09-Jan-20,12215.9,1.58,1445.0,8.0,+12.2,-431.0,921
08-Jan-20,12025.35,-0.23,-1214.0,-4.2,-13.9,-516.0,1352
07-Jan-20,12052.95,0.5,1392.0,9.7,+13.7,-682.0,1868
06-Jan-20,11993.05,-1.91,-977.0,-4.0,-6.8,-104.0,2550
03-Jan-20,12226.65,-0.45,-846.0,2.8,-8.5,1263.0,2654
02-Jan-20,12282.2,0.82,-235.0,11.2,-3.6,689.0,1391
01-Jan-20,12182.5,0.12,292.0,14.8,+3.8,-59.0,702
31-Dec-19,12168.45,-0.71,-692.0,11.1,-7.4,-1265.0,761
30-Dec-19,12255.85,0.08,-337.0,18.5,-5.2,-131.0,2026
27-Dec-19,12245.8,0.98,74.0,23.7,+0.3,81.0,2157
26-Dec-19,12126.55,-0.72,-1083.0,23.4,-0.1,-504.0,2076
24-Dec-19,12214.55,-0.39,-469.0,23.5,-4.7,-114.0,2580
23-Dec-19,12262.75,-0.07,612.0,28.2,+6.3,1463.0,2694
20-Dec-19,12271.8,0.1,708.0,21.9,+7.5,339.0,1231
19-Dec-19,12259.7,0.31,819.0,14.4,+8.5,739.0,892
18-Dec-19,12221.65,0.47,667.0,5.9,+7,1837.0,153
17-Dec-19,12165.0,0.92,-44.0,-1.1,-1,1248.0,-1684
16-Dec-19,12053.95,-0.27,-597.0,-0.1,-7.4,728.0,-2932
13-Dec-19,12086.7,0.96,1044.0,7.3,+11.6,116.0,-3660
12-Dec-19,11971.8,0.52,720.0,-4.3,+7,-684.0,-3776
11-Dec-19,11910.15,0.45,-20.0,-11.3,-0.5,605.0,-3092
10-Dec-19,11856.8,-0.68,-142.0,-10.8,-0.2,-367.0,-3697
09-Dec-19,11937.5,0.13,15.0,-10.6,+1.2,459.0,-3330
06-Dec-19,11921.5,-0.81,240.0,-11.8,+3.8,-868.0,-3789
05-Dec-19,12018.4,-0.21,-665.0,-15.6,-7.6,653.0,-2921
04-Dec-19,12043.2,0.41,-736.0,-8.0,-8.6,-781.0,-3574
03-Dec-19,11994.2,-0.45,-368.0,0.6,-3.5,-1131.0,-2793
02-Dec-19,12048.2,-0.07,-307.0,4.2,-3.8,-1731.0,-1662
29-Nov-19,12056.05,-0.78,-2002.0,7.9,-23.7,-1892.0,69
28-Nov-19,12151.15,0.42,-759.0,31.6,+36.5,1009.0,1961
27-Nov-19,12100.7,0.52,-371.0,-4.9,-3.9,43.0,952
26-Nov-19,12037.7,-0.3,3934.0,-0.9,+42.4,4678.0,909
25-Nov-19,12073.75,1.34,1953.0,-43.3,+23.8,961.0,-3769
22-Nov-19,11914.4,-0.45,-833.0,-67.1,-8.8,306.0,-4730
21-Nov-19,11968.4,-0.26,-162.0,-58.3,-1.7,5024.0,-5036
20-Nov-19,11999.1,0.49,-818.0,-56.6,-9.2,567.0,-10060
19-Nov-19,11940.1,0.47,-63.0,-47.4,-0.4,-915.0,-10627
18-Nov-19,11884.5,-0.09,-299.0,-47.0,-4.8,-271.0,-9712
15-Nov-19,11895.45,0.2,-656.0,-42.2,-9.6,-1008.0,-9441
14-Nov-19,11872.1,0.27,-442.0,-32.6,-4.6,-562.0,-8433
13-Nov-19,11840.45,-0.61,-172.0,-28.0,-2.8,585.0,-7871
11-Nov-19,11913.45,0.04,-491.0,-25.2,-5.9,664.0,-8456
08-Nov-19,11908.15,-0.86,-250.0,-19.3,-3.6,932.0,-9120
07-Nov-19,12012.05,0.38,328.0,-15.7,+2.6,927.0,-10052
06-Nov-19,11966.05,0.41,296.0,-18.2,+2.2,1011.0,-10979
05-Nov-19,11917.2,-0.2,-114.0,-20.4,-2.3,473.0,-11990
04-Nov-19,11941.3,0.43,199.0,-18.1,-1.4,-139.0,-12463
01-Nov-19,11890.6,0.11,428.0,-16.7,+5.7,533.0,-12324
31-Oct-19,11877.45,0.28,-344.0,-22.4,+10.4,1871.0,-12857
30-Oct-19,11844.1,0.49,-997.0,-32.8,-12,7192.0,-14728
29-Oct-19,11786.85,1.75,1243.0,-20.7,+13.8,877.0,-21920
25-Oct-19,11583.9,0.01,-996.0,-34.6,-13,-73.0,-22797
24-Oct-19,11582.6,-0.19,-327.0,-21.6,-5,-73.0,-22724
23-Oct-19,11604.1,0.14,-346.0,-16.6,-4.8,-213.0,-22651
22-Oct-19,11588.35,-0.63,1328.0,-11.8,+13.1,-558.0,-22438
18-Oct-19,11661.85,0.65,-560.0,-24.9,-7.3,37.0,-21880
17-Oct-19,11586.35,1.07,794.0,-17.5,+11.2,1159.0,-21917
16-Oct-19,11464.0,0.31,408.0,-28.7,+3.4,686.0,-23076
15-Oct-19,11428.3,0.77,744.0,-32.1,+9.3,436.0,-23762
14-Oct-19,11341.15,0.32,975.0,-41.4,+12.3,896.0,-24198
11-Oct-19,11305.05,0.63,661.0,-53.7,+8.2,750.0,-25094
10-Oct-19,11234.55,-0.7,-685.0,-61.9,-7,-263.0,-25844
09-Oct-19,11313.3,1.68,-167.0,-54.9,-4,-485.0,-25581
07-Oct-19,11126.4,-0.43,611.0,-50.8,+9.7,-494.0,-25096
04-Oct-19,11174.75,-1.23,-725.0,-60.6,-7.2,-683.0,-24602
03-Oct-19,11314.0,-0.4,-1063.0,-53.4,-12.8,-811.0,-23919
01-Oct-19,11359.9,-1.0,164.0,-40.6,-0.1,-1299.0,-23108
30-Sep-19,11474.45,-0.33,701.0,-40.5,+10.8,-469.0,-21809
27-Sep-19,11512.4,-0.51,-260.0,-51.3,-1.9,-214.0,-21340
26-Sep-19,11571.2,1.15,1080.0,-49.3,-13.9,737.0,-21126
25-Sep-19,11440.2,-1.28,-166.0,-35.5,-3.4,-342.0,-21863
24-Sep-19,11588.2,-0.1,886.0,-32.1,+10.3,-828.0,-21521
23-Sep-19,11600.2,2.89,1693.0,-42.4,+22.3,2684.0,-20693
20-Sep-19,11274.2,5.32,5079.0,-64.7,+58.8,36.0,-23377
19-Sep-19,10704.8,-1.25,-1700.0,-123.5,-18.5,-893.0,-23413
18-Sep-19,10840.65,0.21,542.0,-104.9,+6,-959.0,-22520
17-Sep-19,10817.6,-1.69,592.0,-110.9,+12.8,-808.0,-21561
16-Sep-19,11003.5,-0.65,-1633.0,-123.7,-21.6,-751.0,-20753
13-Sep-19,11075.9,0.85,300.0,-102.1,+3,-405.0,-20002
12-Sep-19,10982.8,-0.48,-1006.0,-105.1,-12.7,784.0,-19597
11-Sep-19,11035.7,0.3,41.0,-92.4,0,267.0,-20381
09-Sep-19,11003.05,0.52,221.0,-92.4,+2.1,-188.0,-20648
06-Sep-19,10946.2,0.91,309.0,-94.6,+4.4,-957.0,-20460
05-Sep-19,10847.9,0.03,-955.0,-99.0,-13.9,-561.0,-19503
04-Sep-19,10844.65,0.43,1039.0,-85.1,+13.5,-1738.0,-18942
03-Sep-19,10797.9,-2.04,214.0,-98.6,+4.3,-2016.0,-17204
30-Aug-19,11023.25,0.68,864.0,-102.9,+39.9,1163.0,-15188
29-Aug-19,10948.3,-0.89,-1092.0,-142.8,-16.2,-987.0,-16351
28-Aug-19,11046.1,-0.53,-1420.0,-126.5,-17.9,-935.0,-15364
27-Aug-19,11105.35,0.43,655.0,-108.7,+6.8,-924.0,-14429
26-Aug-19,11057.85,2.11,622.0,-115.4,+2.5,-753.0,-13505
23-Aug-19,10829.35,0.82,428.0,-117.9,+4.9,-1737.0,-12752
22-Aug-19,10741.35,-1.62,-244.0,-122.9,+0.3,-903.0,-11015
21-Aug-19,10918.7,-0.89,-137.0,-123.1,-0.3,-771.0,-10112
20-Aug-19,11017.0,-0.33,504.0,-122.8,+8.4,373.0,-9341
19-Aug-19,11053.9,0.06,-72.0,-131.2,-1.8,-306.0,-9714
16-Aug-19,11047.8,0.17,-294.0,-129.4,-4.8,-1339.0,-9408
14-Aug-19,11029.4,0.95,914.0,-124.6,+11.3,1615.0,-8069
13-Aug-19,10925.85,-1.65,-153.0,-135.9,-0.4,-638.0,-9684
09-Aug-19,11109.65,0.7,-271.0,-135.4,-4.9,204.0,-9046
08-Aug-19,11032.45,1.63,270.0,-130.5,+4.3,-437.0,-9250
07-Aug-19,10855.5,-0.85,-981.0,-134.9,-13,-384.0,-8813
06-Aug-19,10948.25,0.79,-541.0,-121.9,-7.9,-2108.0,-8429
05-Aug-19,10862.6,-1.23,-1156.0,-114.0,-12,-2017.0,-6321
02-Aug-19,10997.35,0.16,-1015.0,-102.0,-11.3,-2888.0,-4304
01-Aug-19,10980.0,-1.24,-2049.0,-90.7,-24.6,-1057.0,-1416
31-Jul-19,11118.0,0.29,-1145.0,-66.1,-11.6,-1497.0,-359
30-Jul-19,11085.4,-0.93,939.0,-54.5,+14.4,-645.0,1138
26-Jul-19,11284.3,0.29,-1049.0,-48.5,-13.7,-1503.0,1783
25-Jul-19,11252.15,-0.17,-1178.0,-34.8,-2.9,-127.0,3286
24-Jul-19,11271.3,-0.53,-1263.0,-31.9,-15.4,-1394.0,3413
23-Jul-19,11331.05,-0.13,-599.0,-16.6,-6.1,-2608.0,4807
22-Jul-19,11346.2,-0.64,-1086.0,-10.5,-11.9,-1917.0,7415
19-Jul-19,11419.25,-1.53,-1059.0,1.4,-8.7,-950.0,9332
18-Jul-19,11596.9,-0.78,1368.0,10.1,+16.5,-1405.0,10282
17-Jul-19,11687.5,0.21,-385.0,-6.5,-4.8,-17.0,11687
16-Jul-19,11662.6,0.64,-53.0,-1.6,-0.8,-445.0,11704
15-Jul-19,11588.35,0.31,263.0,-0.8,+3.8,-216.0,12149
12-Jul-19,11552.5,-0.26,171.0,-4.5,+2.5,-850.0,12365
11-Jul-19,11582.9,0.73,572.0,-7.0,+5.9,-317.0,13215
10-Jul-19,11498.9,-0.49,141.0,-12.9,+2.9,-605.0,13532
09-Jul-19,11555.9,-0.02,-1469.0,-15.7,-17.1,-674.0,14137
08-Jul-19,11558.6,-2.14,-2902.0,1.4,-31.8,-402.0,14811
05-Jul-19,11811.15,-1.14,-673.0,33.2,-7.6,-89.0,15213
04-Jul-19,11946.75,0.25,-4.0,40.8,-1.7,-29.0,15302
03-Jul-19,11916.75,0.05,7.0,42.5,+0.4,-390.0,15331
02-Jul-19,11910.3,0.38,-125.0,42.1,-2.3,-512.0,15721
01-Jul-19,11865.6,0.65,447.0,44.4,+5.3,427.0,16233
28-Jun-19,11788.85,-0.45,-436.0,39.1,-4.8,-514.0,15806
27-Jun-19,11841.55,-0.05,2671.0,43.9,+23.2,-1.0,16320
26-Jun-19,11847.55,0.43,-839.0,20.8,-10.7,106.0,16321
25-Jun-19,11796.45,0.83,-1103.0,31.5,-14.9,1158.0,16215
24-Jun-19,11699.65,-0.21,317.0,46.4,+3.7,207.0,15057
21-Jun-19,11724.1,-0.91,-160.0,42.6,-1.5,-731.0,14850
20-Jun-19,11831.75,1.2,-237.0,44.1,-7,-438.0,15581
19-Jun-19,11691.45,0.0,354.0,51.1,+2.6,-97.0,16019
18-Jun-19,11691.5,0.17,119.0,48.5,+1.6,32.0,16116
17-Jun-19,11672.15,-1.28,58.0,47.0,+2.7,-239.0,16084
14-Jun-19,11823.3,-0.76,366.0,44.3,+6.2,-239.0,16323
13-Jun-19,11914.05,0.07,-278.0,38.0,-1.8,172.0,16562
12-Jun-19,11906.2,-0.5,-173.0,39.8,-1,-1050.0,16390
11-Jun-19,11965.6,0.36,950.0,40.8,+11.1,96.0,17440
10-Jun-19,11922.7,0.44,-76.0,29.8,-2.4,216.0,17344
07-Jun-19,11870.65,0.23,-287.0,32.2,-3.3,-479.0,17128
06-Jun-19,11843.75,-1.48,-1473.0,35.5,-14.6,-1449.0,17607
04-Jun-19,12021.65,-0.55,-1153.0,50.1,-14,-416.0,19056
03-Jun-19,12088.55,1.39,2296.0,64.1,+24.7,3069.0,19472
31-May-19,11922.8,-0.19,-405.0,39.5,-4.4,676.0,16403
30-May-19,11945.9,0.71,2221.0,43.8,+58.2,1665.0,15727
29-May-19,11861.1,-0.57,-734.0,-14.4,-7.5,-304.0,14062
28-May-19,11928.75,0.03,-947.0,-6.9,-9.9,-501.0,14366
27-May-19,11924.75,0.68,-587.0,3.0,-6.9,1215.0,14867
24-May-19,11844.1,1.6,-9.0,9.9,-3.5,2026.0,13652
23-May-19,11657.05,-0.69,-1414.0,13.4,-18.4,1352.0,11626
22-May-19,11737.9,0.25,136.0,31.8,+1.2,-965.0,10274
21-May-19,11709.1,-1.01,-86.0,30.6,-0.9,1185.0,11239
20-May-19,11828.25,3.69,1071.0,31.5,+6.5,1734.0,10054
17-May-19,11407.15,1.33,311.0,25.0,+1.8,-1058.0,8320
16-May-19,11257.1,0.9,-820.0,23.2,-10.6,-953.0,9378
15-May-19,11157.0,-0.58,276.0,33.8,+4.9,-1142.0,10331
14-May-19,11222.05,0.66,-702.0,29.0,-10.9,-2012.0,11473
13-May-19,11148.2,-1.16,-138.0,39.9,-0.7,-1056.0,13485
10-May-19,11278.9,-0.2,-1296.0,40.7,-15.4,-1245.0,14541
09-May-19,11301.8,-0.51,-2068.0,56.1,-24.6,-655.0,15786
08-May-19,11359.45,-1.2,-1129.0,80.6,-13.5,-702.0,16441
07-May-19,11497.9,-0.87,-464.0,94.1,-4.4,-645.0,17143
06-May-19,11598.25,-0.97,-913.0,98.5,-10.7,-949.0,17788
03-May-19,11712.25,-0.11,153.0,109.1,+2.5,-401.0,18737
02-May-19,11724.75,-0.2,-516.0,106.7,-2.9,598.0,19138
30-Apr-19,11748.15,-0.06,-1479.0,109.6,-17.2,115.0,18540
26-Apr-19,11754.65,0.97,304.0,126.8,+2.9,-71.0,18425
25-Apr-19,11641.8,-0.72,152.0,124.0,+11.7,3786.0,18496
24-Apr-19,11726.15,1.3,441.0,112.3,+3.2,975.0,14710
23-Apr-19,11575.95,-0.16,1794.0,109.1,+23.4,-237.0,13735
22-Apr-19,11594.45,-1.35,294.0,85.6,+5.5,73.0,13972
18-Apr-19,11752.8,-0.29,1207.0,80.1,+16.4,1038.0,13899
16-Apr-19,11787.15,0.83,741.0,63.8,+6.5,1039.0,12861
15-Apr-19,11690.35,0.4,-222.0,57.3,-2.6,713.0,11822
12-Apr-19,11643.45,0.4,-436.0,59.9,-4.3,897.0,11109
11-Apr-19,11596.7,0.11,28.0,64.2,+1,477.0,10212
10-Apr-19,11584.3,-0.75,-1170.0,63.1,-14.8,1430.0,9735
09-Apr-19,11671.95,0.58,-212.0,77.9,-5.7,1212.0,8305
08-Apr-19,11604.5,-0.53,-865.0,83.6,-10.2,330.0,7093
05-Apr-19,11665.95,0.59,632.0,93.8,+7.2,798.0,6763
04-Apr-19,11598.0,-0.39,73.0,86.6,+2.5,-226.0,5965
03-Apr-19,11643.95,-0.59,92.0,84.1,+3.5,-1040.0,6191
02-Apr-19,11713.2,0.38,-75.0,80.6,-0.7,543.0,7231
01-Apr-19,11669.15,0.39,505.0,81.3,+6.1,899.0,6688
29-Mar-19,11623.9,0.47,-667.0,75.1,-8.5,-86.0,5789
28-Mar-19,11570.0,1.09,1815.0,83.6,-15.4,3595.0,5875
27-Mar-19,11445.05,-0.33,1509.0,99.0,+21.6,1481.0,2280
26-Mar-19,11483.25,1.14,-1883.0,77.3,-27.5,999.0,799
25-Mar-19,11354.25,-0.9,-153.0,104.8,+0.6,150.0,-200
22-Mar-19,11456.9,-0.56,550.0,104.2,+9.7,1375.0,-350
20-Mar-19,11521.05,-0.1,51.0,94.5,+1.5,1772.0,-1725
19-Mar-19,11532.4,0.61,288.0,93.0,+4.1,2132.0,-3497
18-Mar-19,11462.2,0.31,828.0,88.9,+9.6,1823.0,-5629
15-Mar-19,11426.85,0.74,2362.0,79.3,+23.8,4323.0,-7452
14-Mar-19,11343.25,0.01,485.0,55.5,+5.3,1483.0,-11775
13-Mar-19,11341.7,0.36,1822.0,50.2,+23.3,2722.0,-13258
12-Mar-19,11301.2,1.19,1975.0,26.9,+18.8,2478.0,-15980
11-Mar-19,11168.05,1.2,-13.0,8.1,-1.8,3811.0,-18458
08-Mar-19,11035.4,-0.21,-251.0,9.8,-3.8,1095.0,-22269
07-Mar-19,11058.2,0.05,533.0,13.6,+4.1,1138.0,-23364
06-Mar-19,11053.0,0.6,377.0,9.5,+4,1131.0,-24502
05-Mar-19,10987.45,1.14,144.0,5.5,+0.2,752.0,-25633
01-Mar-19,10863.5,0.66,170.0,5.4,+2.5,198.0,-26385
28-Feb-19,10792.5,-0.13,1215.0,2.8,+15.9,3211.0,-26583
27-Feb-19,10806.65,-0.26,456.0,-13.1,+5.1,423.0,-29794
26-Feb-19,10835.3,-0.41,-698.0,-18.2,-8.7,1674.0,-30217
25-Feb-19,10880.1,0.82,297.0,-9.4,+2,2134.0,-31891
22-Feb-19,10791.65,0.02,76.0,-11.4,+0.9,6311.0,-34025
21-Feb-19,10789.85,0.51,-472.0,-12.3,-6,55.0,-40336
20-Feb-19,10735.45,1.24,746.0,-6.3,+8.8,713.0,-40391
19-Feb-19,10604.35,-0.34,774.0,-15.1,+11.8,-814.0,-41104
18-Feb-19,10640.95,-0.78,-434.0,-26.9,-6.2,-1240.0,-40290
15-Feb-19,10724.4,-0.2,-1055.0,-20.7,-13.2,-966.0,-39050
14-Feb-19,10746.05,-0.44,-3601.0,-7.5,-45.5,-250.0,-38084
13-Feb-19,10793.65,-0.35,397.0,38.0,+6.2,-677.0,-37834
12-Feb-19,10831.4,-0.53,401.0,31.8,+7.1,-467.0,-37157
11-Feb-19,10888.8,-0.5,275.0,24.7,+4.1,-125.0,-36690
08-Feb-19,10943.6,-1.14,-224.0,20.6,-2.6,844.0,-36565
07-Feb-19,11069.4,0.06,999.0,23.2,+12.3,418.0,-37409
06-Feb-19,11062.45,1.17,2818.0,10.9,+33,695.0,-37827
05-Feb-19,10934.35,0.2,795.0,-22.1,+8.3,421.0,-38522
04-Feb-19,10912.25,0.17,-185.0,-30.4,-2.7,-112.0,-38943
01-Feb-19,10893.65,0.58,1711.0,-27.7,+20.9,1316.0,-38831
31-Jan-19,10830.95,1.68,2765.0,-48.6,-6.3,3006.0,-40147
30-Jan-19,10651.8,0.0,-1667.0,-42.3,-23.4,130.0,-43153
29-Jan-19,10652.2,-0.09,-466.0,-18.9,-3.9,-354.0,-43283
28-Jan-19,10661.55,-1.1,417.0,-15.0,+12.8,223.0,-42929
25-Jan-19,10780.55,-0.64,1208.0,-27.8,+16,689.0,-43152
24-Jan-19,10849.8,0.17,-511.0,-43.8,-4.1,-94.0,-43841
23-Jan-19,10831.5,-0.84,-315.0,-39.7,-2.7,-776.0,-43747
22-Jan-19,10922.75,-0.36,-460.0,-37.0,-5.7,-79.0,-42971
21-Jan-19,10961.85,0.5,485.0,-31.4,+5.6,-300.0,-42892
18-Jan-19,10906.95,0.02,-398.0,-37.0,-4,-125.0,-42592
17-Jan-19,10905.2,0.14,-599.0,-33.0,-7.9,842.0,-42467
16-Jan-19,10890.3,0.03,-818.0,-25.1,-12.1,-90.0,-43309
15-Jan-19,10886.8,1.39,1153.0,-13.0,+15,160.0,-43219
14-Jan-19,10737.6,-0.53,-990.0,-28.0,-13.1,-732.0,-43379
11-Jan-19,10794.95,-0.25,-540.0,-14.8,-8.4,-687.0,-42647
10-Jan-19,10821.6,-0.31,426.0,-6.4,+4.5,-345.0,-41960
09-Jan-19,10855.15,0.49,460.0,-10.9,+3.7,276.0,-41615
08-Jan-19,10802.15,0.28,-418.0,-14.6,-6.8,-554.0,-41891
07-Jan-19,10771.8,0.41,408.0,-7.8,+4.5,-158.0,-41337
04-Jan-19,10727.35,0.52,-351.0,-12.3,-5.3,-158.0,-41179
03-Jan-19,10672.25,-1.11,-477.0,-7.1,-6.1,-973.0,-41021
02-Jan-19,10792.5,-1.08,-817.0,-1.0,-10.7,-621.0,-40048
01-Jan-19,10910.1,0.44,-476.0,9.7,-7.1,-48.0,-39427
31-Dec-18,10862.55,0.02,550.0,16.8,+6.6,-327.0,-39379
28-Dec-18,10859.9,0.74,632.0,10.2,+7.4,-120.0,-39052
27-Dec-18,10779.8,0.47,1041.0,2.8,+32.9,1732.0,-38932
26-Dec-18,10729.85,0.62,-755.0,-30.1,-8.4,80.0,-40664
24-Dec-18,10663.5,-0.84,205.0,-21.7,+3.7,-577.0,-40744
21-Dec-18,10754.0,-1.81,-316.0,-25.4,-3,134.0,-40167
20-Dec-18,10951.7,-0.14,300.0,-22.3,+4,-386.0,-40301
19-Dec-18,10967.3,0.54,502.0,-26.4,+5.3,1209.0,-39915
18-Dec-18,10908.7,0.19,-951.0,-31.7,-12.2,145.0,-41124
17-Dec-18,10888.35,0.77,-319.0,-19.5,-6.1,-61.0,-41269
14-Dec-18,10805.45,0.13,249.0,-13.3,+4.3,862.0,-41208
13-Dec-18,10791.55,0.5,2396.0,-17.6,+32.5,675.0,-42070
12-Dec-18,10737.6,1.79,-489.0,-50.1,-10.4,-1299.0,-42745
11-Dec-18,10549.15,0.58,-636.0,-39.8,-5.5,-2421.0,-41446
10-Dec-18,10488.45,-1.92,-1012.0,-34.3,-11.7,116.0,-39025
07-Dec-18,10693.7,0.87,617.0,-22.6,+7.6,-817.0,-39141
06-Dec-18,10601.15,-1.69,-1722.0,-30.1,-22.3,72.0,-38324
05-Dec-18,10782.9,-0.8,-1165.0,-7.8,-18.9,-358.0,-38396
04-Dec-18,10869.5,-0.13,37.0,11.0,-1.8,-56.0,-38038
03-Dec-18,10883.75,0.06,401.0,12.9,+4.1,293.0,-37982
30-Nov-18,10876.75,0.17,172.0,8.8,+1.4,-333.0,-38275
29-Nov-18,10858.7,1.21,3303.0,7.4,+75.7,823.0,-37942
28-Nov-18,10728.85,0.4,1067.0,-68.3,+13.7,961.0,-38765
27-Nov-18,10685.6,0.54,-705.0,-82.0,-11.2,812.0,-39726
26-Nov-18,10628.6,0.97,-168.0,-70.8,-6,63.0,-40538
22-Nov-18,10526.75,-0.69,1601.0,-64.8,+29.2,446.0,-40601
21-Nov-18,10600.05,-0.53,-705.0,-94.0,-13.6,-1652.0,-41047
20-Nov-18,10656.2,-1.0,171.0,-80.4,+2.9,-753.0,-39395
19-Nov-18,10763.4,0.76,861.0,-83.3,+9.8,1103.0,-38642
16-Nov-18,10682.2,0.62,163.0,-93.1,+2.3,845.0,-39745
15-Nov-18,10616.7,0.38,419.0,-95.5,+4.7,2043.0,-40590
14-Nov-18,10576.3,-0.06,92.0,-100.2,+0.3,277.0,-42633
13-Nov-18,10582.5,0.96,-111.0,-100.5,-6.2,-495.0,-42910
12-Nov-18,10482.2,-0.97,-169.0,-94.3,+0.3,832.0,-42415
09-Nov-18,10585.2,-0.12,647.0,-94.5,+7.2,614.0,-43247
06-Nov-18,10530.0,0.06,440.0,-103.3,+7,-500.0,-43861
05-Nov-18,10524.0,-0.27,-481.0,-110.3,-5.8,12.0,-43361
02-Nov-18,10553.0,1.66,1381.0,-104.5,+16.8,-197.0,-43373
01-Nov-18,10380.45,-0.06,-263.0,-121.3,-4.9,349.0,-43176
31-Oct-18,10386.6,1.85,737.0,-116.4,+6.4,-194.0,-43525
30-Oct-18,10198.4,-0.51,201.0,-122.8,+3.4,-1592.0,-43331
29-Oct-18,10250.85,2.2,279.0,-126.1,+1.2,-2231.0,-41739
26-Oct-18,10030.0,-0.94,-147.0,-127.3,-1.8,-1357.0,-39508
25-Oct-18,10124.9,-0.98,-2605.0,-125.5,-37.3,-1496.0,-38151
24-Oct-18,10224.75,0.77,613.0,-88.2,+8.1,-2047.0,-36655
23-Oct-18,10146.8,-0.96,-577.0,-96.3,-6.7,-340.0,-34608
22-Oct-18,10245.25,-0.57,525.0,-89.6,+6.6,-512.0,-34268
19-Oct-18,10303.55,-1.43,-438.0,-96.1,-5.3,-618.0,-33756
17-Oct-18,10453.05,-1.24,1077.0,-90.8,+12.2,140.0,-33138
16-Oct-18,10584.75,0.69,186.0,-103.0,+1.5,-1166.0,-33278
15-Oct-18,10512.5,0.38,-1208.0,-104.6,-15.6,68.0,-32112
12-Oct-18,10472.5,2.32,529.0,-88.9,+8,-1322.0,-32180
11-Oct-18,10234.65,-2.16,-1143.0,-96.9,-17,-2869.0,-30858
10-Oct-18,10460.1,1.54,-1487.0,-79.9,-16.8,-1096.0,-27989
09-Oct-18,10301.05,-0.45,80.0,-63.2,+1.4,-1242.0,-26893
08-Oct-18,10348.05,0.31,918.0,-64.6,+10.9,-1805.0,-25651
05-Oct-18,10316.45,-2.67,-1610.0,-75.5,-20.3,-3370.0,-23846
04-Oct-18,10599.25,-2.39,-3157.0,-55.2,-37.5,-2761.0,-20476
03-Oct-18,10858.25,-1.36,-700.0,-17.7,-9.3,-1550.0,-17715
01-Oct-18,11008.3,0.71,9.0,-8.4,0,-1842.0,-16165
28-Sep-18,10930.45,-0.43,702.0,-8.4,+7.7,-1700.0,-14323
27-Sep-18,10977.55,-0.69,-1536.0,-16.1,-6.2,552.0,-12623
26-Sep-18,11053.8,-0.12,279.0,-9.9,+3.8,-810.0,-13175
25-Sep-18,11067.45,0.91,-793.0,-13.7,-5.4,-1232.0,-12365
24-Sep-18,10967.4,-1.58,522.0,-8.3,+6.9,-524.0,-11133
21-Sep-18,11143.1,-0.81,1564.0,-15.2,+17.5,761.0,-10609
19-Sep-18,11234.35,-0.39,355.0,-32.7,+3.6,-2185.0,-11370
18-Sep-18,11278.9,-0.87,965.0,-36.2,+8.3,-1144.0,-9185
17-Sep-18,11377.75,-1.19,-617.0,-44.6,-8.1,-107.0,-8041
14-Sep-18,11515.2,1.28,458.0,-36.5,+6.5,1091.0,-7934
12-Sep-18,11369.9,0.73,-391.0,-43.0,-3.9,-1086.0,-9025
11-Sep-18,11287.5,-1.32,-1676.0,-39.1,-19.2,-1454.0,-7939
10-Sep-18,11438.1,-1.3,-631.0,-19.9,-9.4,-842.0,-6485
07-Sep-18,11589.1,0.45,-362.0,-10.5,-4.3,38.0,-5643
06-Sep-18,11536.9,0.52,-1155.0,-6.2,-13.2,-455.0,-5681
05-Sep-18,11476.95,-0.38,-2328.0,7.0,-27.3,-384.0,-5226
04-Sep-18,11520.3,-0.54,-336.0,34.3,-4.2,33.0,-4842
03-Sep-18,11582.35,-0.84,-394.0,38.6,-4.8,-21.0,-4875
31-Aug-18,11680.5,0.03,-1110.0,43.4,-12.8,-213.0,-4854
30-Aug-18,11676.8,-0.13,896.0,56.2,+49.8,-1416.0,-4641
29-Aug-18,11691.9,-0.4,-996.0,6.4,-11.4,-1416.0,-3225
28-Aug-18,11738.5,0.4,284.0,17.8,+2.1,-161.0,-1809
27-Aug-18,11691.95,1.17,657.0,15.7,+9.3,253.0,-1648
24-Aug-18,11557.1,-0.22,-47.0,6.4,-1.3,-76.0,-1901
23-Aug-18,11582.75,0.1,358.0,7.7,+1.6,433.0,-1825
21-Aug-18,11570.9,0.17,-368.0,6.0,-4.5,254.0,-2258
20-Aug-18,11551.75,0.71,-118.0,10.6,-1.1,-483.0,-2512
17-Aug-18,11470.75,0.75,-695.0,11.7,-7.3,147.0,-2029
16-Aug-18,11385.05,-0.44,-433.0,19.0,-6.1,-825.0,-2176
14-Aug-18,11435.1,0.7,-711.0,25.1,-7.6,-379.0,-1351
13-Aug-18,11355.75,-0.65,-722.0,32.7,-9,-972.0,-972
