Date,Time,Open,High,Low,Close
30-12-2019,14:11,12228.95,12232.55,12228.7,12231.55
30-12-2019,14:12,12230.6,12232.15,12230.5,12231.65
30-12-2019,14:13,12231.95,12232.45,12229.4,12230.15
30-12-2019,14:14,12230.0,12230.5,12227.35,12227.35
30-12-2019,14:15,12227.05,12230.45,12226.9,12230.45
30-12-2019,14:16,12230.0,12230.85,12228.9,12230.75
30-12-2019,14:17,12231.0,12236.75,12230.45,12236.0
30-12-2019,14:18,12236.0,12236.3,12234.2,12236.05
30-12-2019,14:19,12236.15,12239.3,12236.15,12238.8
30-12-2019,14:20,12238.95,12239.15,12237.15,12238.35
30-12-2019,14:21,12238.6,12238.85,12237.05,12237.65
30-12-2019,14:22,12237.5,12237.7,12235.7,12236.25
30-12-2019,14:23,12236.5,12236.5,12233.35,12233.35
30-12-2019,14:24,12233.35,12236.05,12232.6,12235.85
30-12-2019,14:25,12235.95,12238.65,12233.85,12238.4
30-12-2019,14:26,12238.45,12244.3,12238.2,12244.1
30-12-2019,14:27,12244.15,12250.25,12243.95,12249.9
30-12-2019,14:28,12249.95,12250.35,12246.8,12249.35
30-12-2019,14:29,12248.45,12249.05,12244.0,12244.05
30-12-2019,14:30,12244.55,12244.95,12243.45,12244.3
30-12-2019,14:31,12244.85,12247.25,12244.05,12244.9
30-12-2019,14:32,12245.45,12246.25,12244.1,12244.6
30-12-2019,14:33,12244.75,12245.25,12242.0,12242.15
30-12-2019,14:34,12242.0,12242.15,12236.8,12236.8
30-12-2019,14:35,12237.3,12237.75,12233.2,12233.2
30-12-2019,14:36,12232.95,12233.8,12231.5,12231.9
30-12-2019,14:37,12232.75,12233.45,12231.35,12231.6
30-12-2019,14:38,12231.85,12232.45,12228.8,12230.4
30-12-2019,14:39,12230.1,12231.5,12229.2,12231.25
30-12-2019,14:40,12231.65,12237.3,12231.25,12237.3
30-12-2019,14:41,12237.65,12239.05,12236.7,12238.6
30-12-2019,14:42,12237.65,12238.2,12235.7,12237.05
30-12-2019,14:43,12236.85,12239.3,12236.35,12238.7
30-12-2019,14:44,12238.9,12239.25,12235.6,12236.8
30-12-2019,14:45,12236.85,12240.1,12235.95,12239.35
30-12-2019,14:46,12239.3,12241.85,12239.1,12240.35
30-12-2019,14:47,12240.2,12240.75,12238.65,12238.85
30-12-2019,14:48,12238.75,12238.95,12236.9,12238.35
30-12-2019,14:49,12238.05,12240.3,12237.4,12239.1
30-12-2019,14:50,12239.65,12245.15,12239.6,12244.9
30-12-2019,14:51,12245.4,12245.4,12243.0,12243.6
30-12-2019,14:52,12243.8,12244.3,12242.5,12243.45
30-12-2019,14:53,12243.5,12243.85,12239.45,12239.45
30-12-2019,14:54,12240.2,12240.2,12234.5,12237.3
30-12-2019,14:55,12237.4,12240.0,12237.4,12239.3
30-12-2019,14:56,12239.5,12242.45,12238.5,12241.5
30-12-2019,14:57,12242.25,12243.05,12240.9,12241.15
30-12-2019,14:58,12241.3,12242.65,12240.15,12242.3
30-12-2019,14:59,12242.55,12245.0,12241.7,12243.5
30-12-2019,15:00,12245.0,12257.35,12245.0,12254.55
30-12-2019,15:01,12254.4,12254.4,12250.15,12253.05
30-12-2019,15:02,12252.95,12258.3,12252.95,12258.3
30-12-2019,15:03,12257.35,12261.4,12257.25,12260.3
30-12-2019,15:04,12261.1,12261.1,12254.85,12257.8
30-12-2019,15:05,12257.2,12261.2,12256.9,12260.75
30-12-2019,15:06,12260.5,12262.15,12258.2,12260.35
30-12-2019,15:07,12260.3,12262.2,12259.8,12261.6
30-12-2019,15:08,12261.85,12262.7,12259.75,12260.3
30-12-2019,15:09,12260.4,12260.5,12258.95,12260.15
30-12-2019,15:10,12259.7,12261.5,12256.85,12258.3
30-12-2019,15:11,12258.3,12258.3,12251.95,12252.85
30-12-2019,15:12,12253.9,12257.3,12252.95,12256.55
30-12-2019,15:13,12257.0,12257.7,12254.6,12256.2
30-12-2019,15:14,12256.05,12257.9,12255.05,12257.65
30-12-2019,15:15,12257.9,12257.9,12253.5,12256.1
30-12-2019,15:16,12256.2,12256.25,12249.9,12250.9
30-12-2019,15:17,12251.6,12254.7,12250.7,12251.65
30-12-2019,15:18,12251.65,12254.1,12249.1,12254.1
30-12-2019,15:19,12253.5,12254.7,12250.9,12251.9
30-12-2019,15:20,12252.15,12254.05,12249.85,12250.85
30-12-2019,15:21,12250.5,12252.85,12249.1,12252.0
30-12-2019,15:22,12252.05,12253.75,12251.55,12253.05
30-12-2019,15:23,12252.4,12257.3,12251.9,12256.6
30-12-2019,15:24,12256.3,12258.1,12255.35,12258.1
30-12-2019,15:25,12257.05,12258.75,12256.55,12257.45
30-12-2019,15:26,12257.05,12260.5,12257.05,12258.6
30-12-2019,15:27,12258.3,12260.75,12257.95,12260.55
30-12-2019,15:28,12260.4,12262.15,12259.4,12261.1
30-12-2019,15:29,12260.7,12261.2,12257.6,12258.75
31-12-2019,09:15,12247.1,12247.1,12232.9,12234.35
31-12-2019,09:16,12233.9,12237.55,12232.6,12234.95
31-12-2019,09:17,12234.55,12235.15,12227.85,12227.85
31-12-2019,09:18,12227.4,12227.75,12223.45,12227.4
31-12-2019,09:19,12227.65,12230.75,12226.7,12230.2
31-12-2019,09:20,12230.6,12230.95,12224.9,12225.9
31-12-2019,09:21,12225.95,12226.85,12223.4,12224.05
31-12-2019,09:22,12223.5,12226.55,12223.05,12226.15
31-12-2019,09:23,12226.4,12234.15,12226.05,12233.3
31-12-2019,09:24,12233.3,12233.3,12226.9,12227.15
31-12-2019,09:25,12227.4,12228.4,12225.9,12226.05
31-12-2019,09:26,12226.15,12226.9,12224.45,12224.65
31-12-2019,09:27,12225.65,12226.35,12223.55,12225.35
31-12-2019,09:28,12226.6,12230.8,12225.3,12230.65
31-12-2019,09:29,12231.25,12233.8,12229.65,12233.8
31-12-2019,09:30,12234.15,12234.5,12229.95,12230.3
31-12-2019,09:31,12230.4,12233.1,12230.0,12233.1
31-12-2019,09:32,12233.25,12233.25,12228.6,12229.0
31-12-2019,09:33,12229.1,12229.1,12225.8,12226.05
31-12-2019,09:34,12225.7,12226.0,12222.3,12223.1
31-12-2019,09:35,12222.9,12223.0,12219.6,12219.9
31-12-2019,09:36,12219.55,12220.45,12217.4,12220.45
31-12-2019,09:37,12220.15,12224.35,12219.7,12224.05
31-12-2019,09:38,12224.35,12226.9,12224.15,12226.7
31-12-2019,09:39,12226.8,12226.8,12223.7,12225.3
31-12-2019,09:40,12225.05,12225.2,12218.5,12218.65
31-12-2019,09:41,12219.2,12219.2,12216.55,12216.9
31-12-2019,09:42,12216.3,12217.2,12215.3,12215.95
31-12-2019,09:43,12216.1,12217.9,12215.7,12217.6
31-12-2019,09:44,12217.85,12218.55,12213.75,12214.2
31-12-2019,09:45,12213.9,12213.9,12208.3,12208.3
31-12-2019,09:46,12208.25,12208.3,12205.55,12207.35
31-12-2019,09:47,12208.05,12208.75,12206.1,12208.4
31-12-2019,09:48,12209.35,12213.0,12208.5,12212.3
31-12-2019,09:49,12212.55,12214.8,12211.65,12213.95
31-12-2019,09:50,12214.75,12216.8,12212.9,12216.1
31-12-2019,09:51,12215.7,12217.35,12214.55,12216.95
31-12-2019,09:52,12217.25,12217.25,12214.1,12214.45
31-12-2019,09:53,12214.15,12214.8,12213.55,12214.15
31-12-2019,09:54,12214.15,12214.15,12212.05,12212.75
31-12-2019,09:55,12213.0,12213.4,12211.1,12211.85
31-12-2019,09:56,12211.7,12212.85,12210.45,12210.9
31-12-2019,09:57,12211.2,12213.95,12210.0,12213.05
31-12-2019,09:58,12213.05,12215.8,12212.7,12215.8
31-12-2019,09:59,12215.5,12217.55,12215.3,12217.3
31-12-2019,10:00,12217.45,12217.45,12215.2,12217.35
31-12-2019,10:01,12217.4,12218.4,12216.5,12218.1
31-12-2019,10:02,12217.8,12221.0,12217.15,12220.9
31-12-2019,10:03,12220.85,12222.6,12220.75,12221.7
31-12-2019,10:04,12221.6,12222.1,12220.3,12221.3
31-12-2019,10:05,12220.9,12220.9,12217.35,12217.7
31-12-2019,10:06,12217.8,12218.05,12216.6,12217.35
31-12-2019,10:07,12217.3,12219.2,12216.75,12218.6
31-12-2019,10:08,12218.75,12218.85,12216.7,12217.15
31-12-2019,10:09,12216.9,12217.05,12213.95,12214.4
31-12-2019,10:10,12214.65,12214.65,12212.0,12212.25
31-12-2019,10:11,12212.0,12212.9,12212.0,12212.45
31-12-2019,10:12,12212.85,12213.85,12211.4,12211.75
31-12-2019,10:13,12211.6,12211.7,12210.6,12210.8
31-12-2019,10:14,12210.8,12211.9,12210.55,12211.35
31-12-2019,10:15,12211.4,12211.5,12210.0,12210.65
31-12-2019,10:16,12210.4,12210.7,12207.35,12208.25
31-12-2019,10:17,12208.25,12208.35,12207.0,12207.95
31-12-2019,10:18,12207.5,12211.35,12207.5,12211.05
31-12-2019,10:19,12210.55,12211.3,12210.3,12210.9
31-12-2019,10:20,12211.05,12216.95,12211.05,12216.65
31-12-2019,10:21,12216.85,12217.55,12215.95,12216.85
31-12-2019,10:22,12217.15,12217.15,12215.6,12216.6
31-12-2019,10:23,12216.2,12217.65,12215.45,12215.7
31-12-2019,10:24,12215.55,12216.45,12213.1,12213.95
31-12-2019,10:25,12213.7,12214.0,12211.15,12211.25
31-12-2019,10:26,12211.2,12214.6,12211.0,12213.65
31-12-2019,10:27,12213.85,12216.3,12213.5,12216.3
31-12-2019,10:28,12216.05,12216.75,12215.5,12215.8
31-12-2019,10:29,12216.05,12216.05,12213.2,12213.2
31-12-2019,10:30,12212.85,12212.85,12209.55,12209.85
31-12-2019,10:31,12210.45,12212.55,12209.75,12212.55
31-12-2019,10:32,12212.35,12213.5,12211.85,12212.85
31-12-2019,10:33,12212.85,12213.8,12211.8,12213.2
31-12-2019,10:34,12213.2,12214.35,12212.25,12212.75
31-12-2019,10:35,12212.5,12214.8,12212.3,12214.6
31-12-2019,10:36,12214.55,12215.2,12213.0,12213.0
31-12-2019,10:37,12213.45,12215.4,12213.05,12215.25
31-12-2019,10:38,12215.2,12215.2,12213.1,12213.4
31-12-2019,10:39,12213.45,12214.15,12209.65,12210.0
31-12-2019,10:40,12210.65,12210.65,12208.35,12210.0
31-12-2019,10:41,12209.35,12210.45,12208.95,12210.1
31-12-2019,10:42,12209.95,12210.9,12209.05,12209.05
31-12-2019,10:43,12208.4,12210.2,12208.4,12208.7
31-12-2019,10:44,12208.9,12211.8,12208.85,12210.75
31-12-2019,10:45,12210.9,12214.55,12210.7,12213.45
31-12-2019,10:46,12212.8,12213.35,12210.25,12210.65
31-12-2019,10:47,12211.0,12211.15,12209.8,12210.25
31-12-2019,10:48,12210.25,12210.25,12207.05,12207.7
31-12-2019,10:49,12207.4,12208.1,12205.9,12205.9
31-12-2019,10:50,12205.6,12205.95,12204.25,12204.9
31-12-2019,10:51,12204.75,12206.35,12204.75,12206.25
31-12-2019,10:52,12206.1,12207.5,12205.95,12206.4
31-12-2019,10:53,12206.15,12207.25,12205.65,12207.0
31-12-2019,10:54,12207.1,12207.65,12206.55,12207.65
31-12-2019,10:55,12207.55,12207.7,12205.5,12206.4
31-12-2019,10:56,12206.15,12206.85,12205.8,12206.15
31-12-2019,10:57,12206.15,12207.05,12204.95,12205.5
31-12-2019,10:58,12204.95,12205.4,12203.1,12203.55
31-12-2019,10:59,12203.5,12204.25,12202.75,12203.3
31-12-2019,11:00,12203.15,12203.35,12196.35,12196.85
31-12-2019,11:01,12196.6,12196.95,12195.5,12195.95
31-12-2019,11:02,12195.6,12198.95,12195.2,12198.65
31-12-2019,11:03,12198.7,12200.25,12197.8,12199.65
31-12-2019,11:04,12199.8,12201.6,12199.55,12201.6
31-12-2019,11:05,12201.0,12202.65,12200.7,12201.7
31-12-2019,11:06,12201.6,12204.9,12201.4,12204.2
31-12-2019,11:07,12205.1,12207.25,12204.3,12206.6
31-12-2019,11:08,12206.2,12206.65,12202.95,12203.6
31-12-2019,11:09,12203.5,12203.9,12202.8,12202.95
31-12-2019,11:10,12203.7,12206.9,12203.15,12206.6
31-12-2019,11:11,12206.35,12208.4,12205.75,12208.05
31-12-2019,11:12,12207.95,12210.85,12207.9,12207.95
31-12-2019,11:13,12208.05,12209.2,12207.55,12208.2
31-12-2019,11:14,12208.1,12208.2,12204.95,12205.25
31-12-2019,11:15,12204.6,12204.8,12199.9,12200.65
31-12-2019,11:16,12200.5,12204.65,12200.5,12202.15
31-12-2019,11:17,12201.95,12204.75,12201.85,12204.5
31-12-2019,11:18,12205.25,12208.85,12204.7,12208.15
31-12-2019,11:19,12207.9,12208.1,12205.95,12206.5
31-12-2019,11:20,12206.4,12207.65,12204.65,12206.7
31-12-2019,11:21,12205.45,12206.8,12203.75,12204.25
31-12-2019,11:22,12204.3,12205.1,12203.1,12203.6
31-12-2019,11:23,12203.75,12205.55,12202.65,12203.65
31-12-2019,11:24,12203.85,12204.3,12202.55,12203.1
31-12-2019,11:25,12203.4,12204.15,12201.1,12201.15
31-12-2019,11:26,12201.05,12201.65,12199.45,12200.95
31-12-2019,11:27,12200.65,12202.95,12200.4,12202.25
31-12-2019,11:28,12202.5,12202.8,12200.35,12201.65
31-12-2019,11:29,12201.8,12202.95,12201.5,12201.85
31-12-2019,11:30,12202.0,12203.6,12201.95,12203.25
31-12-2019,11:31,12203.35,12206.0,12203.35,12205.55
31-12-2019,11:32,12205.5,12207.45,12205.1,12206.8
31-12-2019,11:33,12206.55,12207.65,12206.35,12206.8
31-12-2019,11:34,12207.2,12207.7,12206.35,12206.35
31-12-2019,11:35,12206.3,12207.25,12205.4,12207.05
31-12-2019,11:36,12206.95,12209.3,12206.85,12208.7
31-12-2019,11:37,12208.5,12213.3,12208.5,12213.2
31-12-2019,11:38,12213.65,12214.35,12212.65,12212.85
31-12-2019,11:39,12212.5,12213.0,12210.3,12211.0
31-12-2019,11:40,12210.5,12212.0,12210.45,12211.9
31-12-2019,11:41,12211.9,12213.6,12210.7,12212.05
31-12-2019,11:42,12212.3,12213.55,12212.25,12212.25
31-12-2019,11:43,12212.15,12213.15,12211.4,12212.45
31-12-2019,11:44,12212.3,12212.75,12211.6,12211.75
31-12-2019,11:45,12211.6,12215.45,12211.3,12215.0
31-12-2019,11:46,12215.6,12216.5,12214.8,12216.35
31-12-2019,11:47,12216.75,12220.15,12216.45,12220.15
31-12-2019,11:48,12219.75,12220.65,12219.0,12220.4
31-12-2019,11:49,12220.1,12221.8,12219.05,12221.0
31-12-2019,11:50,12220.95,12221.85,12219.1,12220.25
31-12-2019,11:51,12219.7,12220.2,12218.3,12219.85
31-12-2019,11:52,12219.65,12221.05,12219.65,12220.75
31-12-2019,11:53,12220.7,12229.05,12220.7,12228.8
31-12-2019,11:54,12229.5,12234.5,12229.5,12234.5
31-12-2019,11:55,12234.35,12239.45,12234.35,12235.05
31-12-2019,11:56,12234.25,12234.25,12230.75,12230.95
31-12-2019,11:57,12230.8,12235.7,12230.35,12235.7
31-12-2019,11:58,12236.25,12236.25,12232.25,12233.0
31-12-2019,11:59,12232.1,12233.45,12231.95,12232.25
31-12-2019,12:00,12232.3,12234.75,12232.2,12232.85
31-12-2019,12:01,12233.0,12233.25,12225.5,12226.2
31-12-2019,12:02,12226.1,12227.7,12224.45,12225.5
31-12-2019,12:03,12225.6,12225.8,12222.7,12222.75
31-12-2019,12:04,12223.25,12223.25,12221.25,12222.0
31-12-2019,12:05,12222.0,12222.05,12219.9,12220.95
31-12-2019,12:06,12220.1,12222.95,12220.1,12222.6
31-12-2019,12:07,12222.6,12224.85,12221.55,12224.3
31-12-2019,12:08,12224.4,12225.55,12224.1,12225.3
31-12-2019,12:09,12224.65,12226.3,12223.95,12226.2
31-12-2019,12:10,12226.1,12226.25,12224.6,12225.45
31-12-2019,12:11,12225.25,12226.25,12224.9,12224.9
31-12-2019,12:12,12224.8,12224.8,12223.3,12223.3
31-12-2019,12:13,12223.3,12223.3,12221.95,12222.0
31-12-2019,12:14,12221.9,12223.25,12221.85,12222.75
31-12-2019,12:15,12222.6,12223.8,12222.3,12222.9
31-12-2019,12:16,12222.65,12223.3,12221.75,12222.1
31-12-2019,12:17,12221.65,12221.85,12219.45,12220.4
31-12-2019,12:18,12220.0,12220.45,12219.3,12219.7
31-12-2019,12:19,12220.05,12221.8,12219.6,12221.1
31-12-2019,12:20,12221.55,12223.75,12220.9,12223.6
31-12-2019,12:21,12223.75,12224.35,12222.05,12223.65
31-12-2019,12:22,12223.65,12224.2,12220.75,12222.3
31-12-2019,12:23,12222.2,12223.15,12221.0,12222.8
31-12-2019,12:24,12223.3,12223.35,12221.0,12222.1
31-12-2019,12:25,12221.85,12222.7,12220.3,12222.4
31-12-2019,12:26,12222.35,12222.55,12220.15,12220.15
31-12-2019,12:27,12220.3,12220.3,12217.85,12218.75
31-12-2019,12:28,12218.4,12218.4,12217.05,12217.75
31-12-2019,12:29,12217.35,12217.75,12212.9,12214.95
31-12-2019,12:30,12214.75,12216.25,12214.15,12216.0
31-12-2019,12:31,12216.0,12216.55,12215.3,12215.95
31-12-2019,12:32,12216.3,12217.15,12215.4,12216.85
31-12-2019,12:33,12216.75,12218.1,12215.6,12217.7
31-12-2019,12:34,12217.55,12218.2,12216.0,12216.0
31-12-2019,12:35,12216.25,12217.15,12215.65,12215.9
31-12-2019,12:36,12216.2,12216.8,12214.85,12215.85
31-12-2019,12:37,12215.75,12215.75,12212.65,12213.5
31-12-2019,12:38,12212.95,12214.85,12212.35,12214.2
31-12-2019,12:39,12213.9,12216.4,12213.9,12215.75
31-12-2019,12:40,12216.05,12218.0,12215.9,12217.25
31-12-2019,12:41,12217.3,12218.05,12217.1,12217.85
31-12-2019,12:42,12217.65,12218.35,12215.45,12216.3
31-12-2019,12:43,12216.65,12217.35,12215.8,12215.8
31-12-2019,12:44,12216.15,12216.65,12214.5,12215.05
31-12-2019,12:45,12215.15,12215.7,12214.95,12215.25
31-12-2019,12:46,12214.95,12216.15,12214.35,12215.7
31-12-2019,12:47,12215.7,12219.1,12215.0,12218.35
31-12-2019,12:48,12218.65,12218.95,12217.65,12217.85
31-12-2019,12:49,12217.85,12218.65,12216.85,12217.2
31-12-2019,12:50,12216.7,12217.55,12213.3,12215.05
31-12-2019,12:51,12212.2,12214.6,12212.2,12214.25
31-12-2019,12:52,12214.4,12215.9,12213.35,12215.75
31-12-2019,12:53,12215.4,12216.3,12214.4,12214.8
31-12-2019,12:54,12214.55,12216.3,12214.4,12216.3
31-12-2019,12:55,12216.9,12220.0,12216.9,12218.8
31-12-2019,12:56,12218.55,12218.9,12217.35,12217.6
31-12-2019,12:57,12217.5,12217.75,12215.65,12217.0
31-12-2019,12:58,12216.95,12218.2,12216.5,12216.85
31-12-2019,12:59,12216.3,12217.0,12215.95,12216.7
31-12-2019,13:00,12216.7,12217.65,12216.6,12217.3
31-12-2019,13:01,12217.25,12217.5,12216.35,12217.4
31-12-2019,13:02,12217.55,12223.75,12217.2,12223.55
31-12-2019,13:03,12223.8,12224.55,12222.65,12223.65
31-12-2019,13:04,12223.3,12224.7,12222.75,12223.75
31-12-2019,13:05,12223.8,12223.85,12221.65,12221.65
31-12-2019,13:06,12222.0,12223.6,12221.7,12222.7
31-12-2019,13:07,12222.9,12224.05,12222.4,12223.55
31-12-2019,13:08,12223.5,12224.3,12222.85,12224.0
31-12-2019,13:09,12223.8,12224.75,12223.5,12224.45
31-12-2019,13:10,12224.5,12226.55,12224.2,12225.15
31-12-2019,13:11,12225.45,12225.5,12224.65,12224.9
31-12-2019,13:12,12224.95,12225.55,12220.85,12220.85
31-12-2019,13:13,12219.8,12221.0,12219.2,12219.2
31-12-2019,13:14,12219.4,12220.15,12217.65,12218.75
31-12-2019,13:15,12218.35,12218.95,12217.6,12218.65
31-12-2019,13:16,12218.5,12218.5,12215.9,12217.85
31-12-2019,13:17,12218.15,12221.8,12217.95,12221.0
31-12-2019,13:18,12220.95,12221.9,12220.4,12221.8
31-12-2019,13:19,12221.7,12222.55,12220.9,12221.55
31-12-2019,13:20,12222.05,12223.25,12221.6,12221.6
31-12-2019,13:21,12222.1,12222.5,12221.25,12221.9
31-12-2019,13:22,12222.05,12222.75,12221.4,12222.4
31-12-2019,13:23,12221.85,12222.5,12219.15,12219.95
31-12-2019,13:24,12219.5,12223.25,12219.5,12222.75
31-12-2019,13:25,12223.1,12223.15,12221.05,12221.2
31-12-2019,13:26,12220.95,12222.25,12220.8,12221.2
31-12-2019,13:27,12221.3,12221.35,12220.25,12220.85
31-12-2019,13:28,12221.0,12221.3,12219.5,12219.5
31-12-2019,13:29,12219.45,12223.75,12219.45,12222.1
31-12-2019,13:30,12222.65,12224.6,12221.5,12224.6
31-12-2019,13:31,12224.0,12224.8,12221.7,12223.2
31-12-2019,13:32,12223.15,12223.6,12221.95,12222.1
31-12-2019,13:33,12222.55,12222.65,12220.85,12221.85
31-12-2019,13:34,12221.7,12222.75,12221.35,12222.15
31-12-2019,13:35,12222.0,12222.9,12220.95,12221.9
31-12-2019,13:36,12222.4,12223.65,12221.7,12223.15
31-12-2019,13:37,12223.2,12225.95,12222.6,12225.4
31-12-2019,13:38,12225.95,12227.6,12224.85,12224.85
31-12-2019,13:39,12226.5,12227.8,12226.05,12227.2
31-12-2019,13:40,12227.45,12229.85,12226.1,12228.1
31-12-2019,13:41,12228.05,12230.75,12228.05,12230.75
31-12-2019,13:42,12231.2,12235.9,12230.65,12234.4
31-12-2019,13:43,12232.95,12233.45,12229.5,12230.9
31-12-2019,13:44,12231.2,12231.6,12229.15,12229.15
31-12-2019,13:45,12229.6,12230.4,12228.1,12228.85
31-12-2019,13:46,12229.3,12230.2,12228.25,12228.85
31-12-2019,13:47,12229.4,12229.5,12228.2,12228.3
31-12-2019,13:48,12228.85,12229.25,12227.35,12228.1
31-12-2019,13:49,12228.4,12228.55,12223.55,12223.55
31-12-2019,13:50,12223.95,12226.25,12223.4,12225.45
31-12-2019,13:51,12225.6,12226.2,12222.2,12224.05
31-12-2019,13:52,12224.15,12226.5,12223.9,12225.35
31-12-2019,13:53,12226.05,12227.0,12225.2,12225.9
31-12-2019,13:54,12226.2,12227.25,12224.15,12225.05
31-12-2019,13:55,12225.25,12226.1,12224.4,12225.35
31-12-2019,13:56,12225.55,12228.3,12225.25,12228.05
31-12-2019,13:57,12228.7,12229.3,12226.85,12227.3
31-12-2019,13:58,12227.5,12228.7,12226.85,12228.25
31-12-2019,13:59,12228.45,12230.0,12228.25,12228.3
31-12-2019,14:00,12228.55,12228.55,12225.4,12225.4
31-12-2019,14:01,12225.2,12226.1,12223.2,12223.3
31-12-2019,14:02,12223.6,12224.25,12222.85,12222.85
31-12-2019,14:03,12223.45,12224.8,12222.45,12223.2
31-12-2019,14:04,12223.75,12225.45,12223.75,12225.4
31-12-2019,14:05,12225.5,12227.15,12224.85,12226.15
31-12-2019,14:06,12226.3,12227.65,12225.65,12227.2
31-12-2019,14:07,12227.25,12228.75,12226.45,12228.75
31-12-2019,14:08,12228.9,12229.15,12227.7,12228.15
31-12-2019,14:09,12228.65,12230.85,12227.4,12229.35
31-12-2019,14:10,12229.6,12229.6,12227.2,12227.7
31-12-2019,14:11,12227.75,12228.6,12227.15,12227.3
31-12-2019,14:12,12227.55,12229.35,12226.85,12227.15
31-12-2019,14:13,12227.4,12229.7,12227.0,12229.5
31-12-2019,14:14,12229.95,12231.45,12229.35,12229.35
31-12-2019,14:15,12229.25,12229.25,12222.5,12222.5
31-12-2019,14:16,12222.65,12223.1,12220.8,12221.4
31-12-2019,14:17,12221.4,12222.45,12220.85,12222.3
31-12-2019,14:18,12221.8,12221.85,12219.7,12219.7
31-12-2019,14:19,12219.9,12219.9,12206.1,12206.25
31-12-2019,14:20,12206.8,12209.85,12204.9,12209.65
31-12-2019,14:21,12209.05,12210.4,12208.2,12208.5
31-12-2019,14:22,12208.25,12210.25,12207.95,12210.1
31-12-2019,14:23,12210.0,12213.05,12210.0,12211.4
31-12-2019,14:24,12210.75,12211.2,12207.8,12207.8
31-12-2019,14:25,12208.05,12208.15,12206.6,12206.95
31-12-2019,14:26,12206.75,12207.95,12206.1,12207.6
31-12-2019,14:27,12208.1,12210.5,12206.95,12210.45
31-12-2019,14:28,12210.5,12211.7,12210.45,12210.8
31-12-2019,14:29,12211.25,12211.6,12206.55,12207.8
31-12-2019,14:30,12208.35,12211.65,12207.95,12210.75
31-12-2019,14:31,12210.65,12210.8,12208.35,12209.3
31-12-2019,14:32,12209.3,12219.05,12209.3,12216.25
31-12-2019,14:33,12216.6,12216.7,12214.75,12215.3
31-12-2019,14:34,12215.6,12216.05,12213.25,12213.25
31-12-2019,14:35,12213.55,12214.5,12212.65,12212.65
31-12-2019,14:36,12212.5,12212.6,12211.05,12211.4
31-12-2019,14:37,12211.45,12212.55,12210.9,12211.4
31-12-2019,14:38,12211.6,12211.9,12208.25,12208.25
31-12-2019,14:39,12208.75,12208.8,12207.4,12207.7
31-12-2019,14:40,12207.8,12208.85,12206.6,12208.2
31-12-2019,14:41,12208.25,12209.35,12207.05,12207.2
31-12-2019,14:42,12207.2,12208.8,12206.5,12208.75
31-12-2019,14:43,12209.15,12209.6,12208.05,12208.85
31-12-2019,14:44,12208.8,12209.55,12207.9,12209.25
31-12-2019,14:45,12209.4,12212.85,12209.25,12212.85
31-12-2019,14:46,12213.0,12213.1,12208.8,12209.7
31-12-2019,14:47,12209.8,12211.65,12209.3,12210.85
31-12-2019,14:48,12210.35,12211.45,12209.35,12209.75
31-12-2019,14:49,12209.8,12213.2,12209.7,12209.95
31-12-2019,14:50,12210.25,12211.95,12210.25,12210.6
31-12-2019,14:51,12210.55,12212.45,12209.3,12209.9
31-12-2019,14:52,12209.8,12210.4,12208.85,12208.95
31-12-2019,14:53,12208.65,12209.7,12200.8,12202.4
31-12-2019,14:54,12203.35,12203.7,12191.8,12191.85
31-12-2019,14:55,12192.5,12194.45,12189.75,12194.0
31-12-2019,14:56,12193.9,12194.35,12189.3,12190.75
31-12-2019,14:57,12190.4,12193.4,12188.9,12191.15
31-12-2019,14:58,12190.6,12191.5,12189.4,12189.6
31-12-2019,14:59,12190.35,12194.65,12189.4,12193.75
31-12-2019,15:00,12194.95,12194.95,12179.75,12179.95
31-12-2019,15:01,12180.75,12182.1,12178.75,12181.5
31-12-2019,15:02,12182.45,12182.55,12178.05,12178.05
31-12-2019,15:03,12178.25,12178.25,12174.15,12177.45
31-12-2019,15:04,12177.9,12178.95,12176.55,12177.4
31-12-2019,15:05,12177.5,12177.5,12173.75,12174.75
31-12-2019,15:06,12175.25,12175.25,12172.75,12172.75
31-12-2019,15:07,12173.1,12173.1,12170.05,12172.4
31-12-2019,15:08,12172.55,12173.05,12170.35,12172.6
31-12-2019,15:09,12173.0,12173.05,12171.15,12171.9
31-12-2019,15:10,12172.6,12172.6,12168.7,12169.05
31-12-2019,15:11,12169.55,12169.8,12161.2,12162.2
31-12-2019,15:12,12162.8,12164.1,12162.35,12162.4
31-12-2019,15:13,12162.65,12162.75,12159.45,12162.15
31-12-2019,15:14,12162.7,12164.8,12161.15,12164.6
31-12-2019,15:15,12164.4,12165.15,12158.6,12158.6
31-12-2019,15:16,12159.2,12159.3,12152.45,12152.55
31-12-2019,15:17,12153.95,12159.8,12152.25,12157.75
31-12-2019,15:18,12158.3,12166.15,12158.05,12166.1
31-12-2019,15:19,12166.4,12168.65,12165.8,12168.15
31-12-2019,15:20,12168.25,12173.25,12168.1,12172.65
31-12-2019,15:21,12173.6,12173.9,12167.95,12168.55
31-12-2019,15:22,12168.65,12169.5,12166.45,12166.85
31-12-2019,15:23,12167.85,12168.15,12166.45,12167.7
31-12-2019,15:24,12168.8,12174.65,12168.8,12173.6
31-12-2019,15:25,12174.2,12179.15,12173.65,12178.25
31-12-2019,15:26,12178.85,12178.85,12173.0,12174.65
31-12-2019,15:27,12175.75,12175.75,12173.1,12173.45
31-12-2019,15:28,12174.3,12174.55,12171.45,12173.25
31-12-2019,15:29,12173.4,12177.25,12170.8,12176.3
01-01-2020,09:15,12202.15,12215.9,12202.15,12215.1
01-01-2020,09:16,12214.55,12216.15,12205.7,12206.8
01-01-2020,09:17,12205.2,12207.4,12203.15,12203.55
01-01-2020,09:18,12202.15,12208.4,12201.45,12208.35
01-01-2020,09:19,12208.5,12213.1,12207.7,12211.3
01-01-2020,09:20,12211.85,12212.75,12210.0,12211.35
01-01-2020,09:21,12211.7,12212.0,12208.8,12210.05
01-01-2020,09:22,12210.65,12213.7,12209.85,12213.1
01-01-2020,09:23,12213.75,12218.15,12212.6,12218.15
01-01-2020,09:24,12218.1,12218.55,12214.35,12215.15
01-01-2020,09:25,12215.35,12215.7,12211.35,12213.8
01-01-2020,09:26,12213.65,12217.9,12213.65,12216.55
01-01-2020,09:27,12217.45,12218.25,12216.35,12217.55
01-01-2020,09:28,12216.8,12217.8,12215.85,12216.9
01-01-2020,09:29,12216.8,12222.05,12216.8,12221.65
01-01-2020,09:30,12221.35,12221.9,12218.6,12219.4
01-01-2020,09:31,12220.1,12220.7,12218.25,12218.9
01-01-2020,09:32,12219.1,12221.1,12218.75,12220.7
01-01-2020,09:33,12220.45,12220.9,12217.65,12218.65
01-01-2020,09:34,12217.9,12218.1,12212.8,12213.55
01-01-2020,09:35,12213.45,12213.85,12210.4,12210.45
01-01-2020,09:36,12210.4,12210.4,12205.5,12208.85
01-01-2020,09:37,12210.0,12210.0,12205.9,12207.55
01-01-2020,09:38,12208.2,12209.35,12207.1,12208.85
01-01-2020,09:39,12208.95,12209.0,12206.4,12208.2
01-01-2020,09:40,12208.0,12208.75,12207.4,12208.05
01-01-2020,09:41,12207.9,12207.9,12197.35,12201.75
01-01-2020,09:42,12201.2,12202.75,12200.8,12201.05
01-01-2020,09:43,12201.75,12202.85,12200.3,12202.55
01-01-2020,09:44,12202.6,12203.6,12202.0,12203.15
01-01-2020,09:45,12203.0,12204.2,12198.35,12198.35
01-01-2020,09:46,12198.8,12198.8,12192.3,12193.05
01-01-2020,09:47,12193.15,12194.0,12191.45,12193.8
01-01-2020,09:48,12193.65,12197.5,12192.1,12197.3
01-01-2020,09:49,12198.1,12199.15,12195.35,12195.35
01-01-2020,09:50,12195.2,12195.2,12192.5,12195.05
01-01-2020,09:51,12195.3,12198.4,12194.9,12197.3
01-01-2020,09:52,12197.7,12204.7,12197.7,12203.9
01-01-2020,09:53,12204.2,12205.0,12203.45,12203.8
01-01-2020,09:54,12203.95,12204.45,12199.5,12199.55
01-01-2020,09:55,12200.05,12200.45,12198.1,12199.0
01-01-2020,09:56,12199.0,12203.2,12198.6,12199.95
01-01-2020,09:57,12199.7,12200.8,12198.15,12198.55
01-01-2020,09:58,12199.35,12199.8,12197.75,12198.65
01-01-2020,09:59,12198.8,12201.2,12198.45,12200.5
01-01-2020,10:00,12200.65,12201.2,12198.05,12199.15
01-01-2020,10:01,12199.3,12200.35,12197.0,12197.0
01-01-2020,10:02,12197.05,12197.3,12195.15,12195.7
01-01-2020,10:03,12194.95,12196.05,12193.65,12194.35
01-01-2020,10:04,12194.15,12195.4,12192.7,12195.4
01-01-2020,10:05,12195.4,12195.9,12193.05,12193.35
01-01-2020,10:06,12194.05,12194.9,12193.25,12193.45
01-01-2020,10:07,12193.6,12195.4,12193.2,12194.9
01-01-2020,10:08,12194.85,12194.85,12191.2,12191.9
01-01-2020,10:09,12192.05,12192.7,12184.8,12186.7
01-01-2020,10:10,12187.0,12188.55,12184.9,12188.3
01-01-2020,10:11,12188.6,12191.1,12187.35,12190.05
01-01-2020,10:12,12191.6,12193.2,12189.45,12191.7
01-01-2020,10:13,12192.9,12194.05,12191.65,12191.65
01-01-2020,10:14,12192.0,12192.0,12189.85,12190.85
01-01-2020,10:15,12190.85,12191.8,12187.4,12189.05
01-01-2020,10:16,12188.8,12190.45,12188.6,12189.1
01-01-2020,10:17,12189.15,12192.45,12189.15,12191.95
01-01-2020,10:18,12191.95,12192.75,12190.65,12192.1
01-01-2020,10:19,12192.4,12193.05,12191.7,12192.75
01-01-2020,10:20,12193.1,12197.75,12193.1,12196.9
01-01-2020,10:21,12197.05,12200.0,12197.0,12200.0
01-01-2020,10:22,12199.25,12200.2,12195.8,12195.85
01-01-2020,10:23,12196.0,12196.5,12195.35,12196.15
01-01-2020,10:24,12196.0,12197.7,12195.3,12196.2
01-01-2020,10:25,12196.2,12196.55,12194.2,12195.0
01-01-2020,10:26,12195.15,12197.65,12195.15,12197.65
01-01-2020,10:27,12197.4,12198.3,12196.65,12197.4
01-01-2020,10:28,12197.3,12200.15,12197.25,12200.15
01-01-2020,10:29,12200.45,12200.45,12197.6,12197.75
01-01-2020,10:30,12198.05,12198.05,12190.2,12190.2
01-01-2020,10:31,12190.5,12193.65,12190.2,12192.9
01-01-2020,10:32,12192.55,12195.05,12192.45,12194.55
01-01-2020,10:33,12194.5,12196.85,12194.35,12196.8
01-01-2020,10:34,12197.1,12197.55,12195.45,12195.45
01-01-2020,10:35,12197.0,12197.0,12193.7,12193.8
01-01-2020,10:36,12194.4,12195.35,12193.1,12195.0
01-01-2020,10:37,12195.25,12195.45,12193.7,12194.1
01-01-2020,10:38,12194.05,12194.3,12192.55,12193.15
01-01-2020,10:39,12193.4,12194.1,12190.25,12193.3
01-01-2020,10:40,12194.05,12194.45,12192.85,12194.05
01-01-2020,10:41,12194.1,12196.35,12193.9,12195.85
01-01-2020,10:42,12195.8,12196.75,12195.2,12196.55
01-01-2020,10:43,12197.0,12197.0,12193.6,12193.9
01-01-2020,10:44,12194.25,12194.25,12190.95,12192.25
01-01-2020,10:45,12192.15,12193.65,12190.8,12193.1
01-01-2020,10:46,12192.2,12192.7,12190.6,12190.7
01-01-2020,10:47,12190.9,12190.9,12186.0,12186.5
01-01-2020,10:48,12185.85,12186.6,12183.4,12183.45
01-01-2020,10:49,12183.15,12184.05,12181.8,12182.65
01-01-2020,10:50,12182.7,12182.7,12178.95,12180.7
01-01-2020,10:51,12180.05,12180.7,12176.4,12176.4
01-01-2020,10:52,12176.8,12177.1,12170.0,12172.55
01-01-2020,10:53,12172.75,12175.0,12171.65,12174.4
01-01-2020,10:54,12174.75,12176.9,12173.85,12176.35
01-01-2020,10:55,12176.85,12177.3,12175.4,12175.95
01-01-2020,10:56,12175.8,12177.3,12175.15,12176.45
01-01-2020,10:57,12176.95,12177.85,12176.6,12177.2
01-01-2020,10:58,12176.75,12177.6,12176.35,12177.25
01-01-2020,10:59,12177.2,12177.6,12175.95,12177.35
01-01-2020,11:00,12177.6,12178.1,12176.6,12177.5
01-01-2020,11:01,12177.95,12183.05,12177.8,12183.0
01-01-2020,11:02,12182.75,12184.2,12182.35,12182.9
01-01-2020,11:03,12183.2,12183.3,12181.35,12182.4
01-01-2020,11:04,12182.35,12182.35,12179.55,12180.5
01-01-2020,11:05,12180.7,12182.05,12179.55,12181.85
01-01-2020,11:06,12182.25,12185.75,12181.3,12185.6
01-01-2020,11:07,12185.65,12186.05,12184.6,12184.6
01-01-2020,11:08,12185.15,12186.45,12183.85,12186.1
01-01-2020,11:09,12186.05,12187.1,12184.65,12184.9
01-01-2020,11:10,12184.9,12185.65,12183.85,12183.95
01-01-2020,11:11,12183.85,12184.0,12181.7,12182.0
01-01-2020,11:12,12182.3,12182.65,12181.05,12182.2
01-01-2020,11:13,12181.85,12184.65,12181.6,12184.65
01-01-2020,11:14,12184.15,12184.85,12183.15,12183.4
01-01-2020,11:15,12183.15,12186.8,12182.75,12186.8
01-01-2020,11:16,12186.75,12187.15,12185.9,12186.65
01-01-2020,11:17,12186.5,12187.1,12185.3,12186.65
01-01-2020,11:18,12186.45,12186.9,12184.0,12184.0
01-01-2020,11:19,12184.2,12184.7,12182.65,12184.05
01-01-2020,11:20,12184.35,12185.15,12181.2,12182.35
01-01-2020,11:21,12182.25,12182.5,12179.95,12180.65
01-01-2020,11:22,12180.2,12180.95,12179.3,12179.8
01-01-2020,11:23,12180.05,12180.8,12177.75,12177.9
01-01-2020,11:24,12178.15,12178.35,12176.7,12177.5
01-01-2020,11:25,12177.4,12177.85,12175.55,12176.1
01-01-2020,11:26,12176.5,12177.0,12175.65,12175.65
01-01-2020,11:27,12176.3,12178.0,12175.5,12177.7
01-01-2020,11:28,12177.75,12179.9,12177.75,12178.35
01-01-2020,11:29,12178.5,12179.45,12178.2,12178.65
01-01-2020,11:30,12178.8,12180.35,12178.4,12180.25
01-01-2020,11:31,12180.25,12181.65,12179.55,12181.2
01-01-2020,11:32,12181.55,12182.8,12181.25,12182.7
01-01-2020,11:33,12182.5,12183.2,12182.1,12183.15
01-01-2020,11:34,12183.15,12184.0,12182.8,12183.45
01-01-2020,11:35,12183.15,12183.85,12182.15,12182.9
01-01-2020,11:36,12182.9,12183.35,12181.85,12183.1
01-01-2020,11:37,12183.05,12183.35,12181.75,12182.6
01-01-2020,11:38,12182.5,12183.15,12181.7,12182.05
01-01-2020,11:39,12182.25,12182.6,12179.5,12180.8
01-01-2020,11:40,12180.65,12180.85,12179.4,12179.75
01-01-2020,11:41,12179.7,12180.2,12179.25,12179.55
01-01-2020,11:42,12179.2,12179.85,12178.15,12179.05
01-01-2020,11:43,12178.7,12178.85,12177.9,12178.7
01-01-2020,11:44,12178.85,12179.45,12178.05,12179.35
01-01-2020,11:45,12179.25,12179.25,12177.85,12177.9
01-01-2020,11:46,12178.0,12179.75,12178.0,12179.15
01-01-2020,11:47,12178.9,12179.2,12177.15,12178.2
01-01-2020,11:48,12177.75,12179.9,12177.7,12179.9
01-01-2020,11:49,12179.85,12180.45,12178.8,12179.6
01-01-2020,11:50,12179.75,12180.0,12178.2,12179.7
01-01-2020,11:51,12179.75,12179.75,12177.7,12178.45
01-01-2020,11:52,12178.15,12179.55,12177.85,12179.05
01-01-2020,11:53,12179.3,12179.3,12177.45,12177.5
01-01-2020,11:54,12177.6,12178.1,12175.55,12176.3
01-01-2020,11:55,12176.15,12176.35,12175.2,12175.8
01-01-2020,11:56,12175.8,12175.85,12173.95,12174.35
01-01-2020,11:57,12174.7,12174.9,12173.4,12174.4
01-01-2020,11:58,12174.8,12174.8,12172.55,12173.65
01-01-2020,11:59,12173.45,12176.3,12172.7,12175.95
01-01-2020,12:00,12175.4,12177.25,12174.9,12177.05
01-01-2020,12:01,12177.0,12177.55,12176.4,12177.55
01-01-2020,12:02,12177.6,12178.35,12177.05,12177.9
01-01-2020,12:03,12178.35,12178.35,12176.85,12178.05
01-01-2020,12:04,12178.2,12187.7,12177.65,12185.9
01-01-2020,12:05,12185.85,12188.7,12185.5,12188.7
01-01-2020,12:06,12188.35,12189.1,12187.3,12187.55
01-01-2020,12:07,12187.6,12187.6,12185.2,12186.05
01-01-2020,12:08,12186.25,12187.2,12185.45,12185.95
01-01-2020,12:09,12185.9,12187.0,12184.85,12185.6
01-01-2020,12:10,12185.6,12185.6,12182.75,12184.8
01-01-2020,12:11,12185.15,12186.7,12184.3,12186.6
01-01-2020,12:12,12186.65,12186.95,12185.3,12186.65
01-01-2020,12:13,12186.45,12187.45,12185.85,12186.15
01-01-2020,12:14,12186.3,12187.8,12186.0,12187.3
01-01-2020,12:15,12187.35,12188.2,12186.8,12187.9
01-01-2020,12:16,12188.1,12193.15,12187.3,12190.95
01-01-2020,12:17,12191.1,12193.05,12191.05,12192.55
01-01-2020,12:18,12192.05,12192.7,12190.45,12190.45
01-01-2020,12:19,12190.7,12191.05,12188.8,12190.15
01-01-2020,12:20,12189.5,12189.85,12187.7,12188.45
01-01-2020,12:21,12188.6,12188.65,12184.0,12184.65
01-01-2020,12:22,12184.75,12184.85,12182.3,12183.2
01-01-2020,12:23,12183.0,12183.0,12181.3,12182.15
01-01-2020,12:24,12182.05,12182.4,12178.85,12179.9
01-01-2020,12:25,12179.75,12179.75,12178.05,12178.1
01-01-2020,12:26,12178.25,12178.55,12176.35,12177.4
01-01-2020,12:27,12177.75,12177.75,12175.75,12177.15
01-01-2020,12:28,12177.2,12177.7,12174.5,12175.15
01-01-2020,12:29,12174.8,12175.6,12171.95,12171.95
01-01-2020,12:30,12172.1,12172.1,12165.4,12166.85
01-01-2020,12:31,12166.55,12167.8,12165.85,12167.7
01-01-2020,12:32,12168.1,12171.3,12167.65,12171.15
01-01-2020,12:33,12170.7,12173.6,12170.15,12173.4
01-01-2020,12:34,12173.4,12174.1,12171.8,12174.1
01-01-2020,12:35,12173.9,12177.7,12173.9,12177.7
01-01-2020,12:36,12177.4,12177.4,12175.35,12175.85
01-01-2020,12:37,12176.05,12177.25,12174.9,12175.95
01-01-2020,12:38,12175.85,12178.0,12175.55,12177.3
01-01-2020,12:39,12177.1,12178.75,12175.9,12178.15
01-01-2020,12:40,12177.55,12178.05,12174.65,12175.3
01-01-2020,12:41,12175.65,12176.1,12173.0,12174.55
01-01-2020,12:42,12174.95,12176.35,12173.9,12176.15
01-01-2020,12:43,12175.9,12177.75,12175.65,12176.5
01-01-2020,12:44,12176.95,12177.85,12175.4,12176.15
01-01-2020,12:45,12175.8,12179.0,12175.8,12178.9
01-01-2020,12:46,12178.65,12179.75,12177.65,12179.1
01-01-2020,12:47,12179.1,12181.2,12178.95,12180.4
01-01-2020,12:48,12180.95,12182.6,12179.15,12180.65
01-01-2020,12:49,12180.3,12181.75,12179.6,12181.1
01-01-2020,12:50,12181.25,12182.45,12180.9,12181.3
01-01-2020,12:51,12181.05,12182.75,12181.05,12182.15
01-01-2020,12:52,12182.3,12182.6,12180.9,12181.95
01-01-2020,12:53,12182.15,12182.9,12181.1,12181.35
01-01-2020,12:54,12181.4,12182.3,12180.2,12181.75
01-01-2020,12:55,12181.4,12181.85,12178.35,12178.45
01-01-2020,12:56,12178.8,12180.3,12178.2,12179.95
01-01-2020,12:57,12179.75,12181.9,12179.3,12181.9
01-01-2020,12:58,12181.6,12183.5,12180.15,12182.9
01-01-2020,12:59,12182.6,12183.25,12181.2,12182.8
01-01-2020,13:00,12182.85,12183.4,12181.1,12182.95
01-01-2020,13:01,12182.1,12182.85,12180.75,12181.5
01-01-2020,13:02,12181.85,12182.4,12180.8,12181.35
01-01-2020,13:03,12180.7,12181.85,12179.9,12181.8
01-01-2020,13:04,12181.65,12182.7,12181.2,12181.9
01-01-2020,13:05,12181.95,12182.8,12180.4,12181.7
01-01-2020,13:06,12181.15,12182.4,12180.0,12181.3
01-01-2020,13:07,12181.15,12181.75,12180.2,12180.9
01-01-2020,13:08,12180.85,12181.45,12179.8,12180.4
01-01-2020,13:09,12180.25,12182.05,12180.25,12181.5
01-01-2020,13:10,12181.65,12181.85,12180.0,12181.3
01-01-2020,13:11,12181.05,12181.05,12177.85,12178.6
01-01-2020,13:12,12178.8,12178.95,12177.3,12177.55
01-01-2020,13:13,12178.05,12179.15,12177.05,12177.05
01-01-2020,13:14,12177.7,12177.7,12174.3,12175.25
01-01-2020,13:15,12175.35,12175.85,12173.75,12174.5
01-01-2020,13:16,12174.4,12174.95,12171.75,12172.3
01-01-2020,13:17,12172.4,12174.75,12171.95,12174.75
01-01-2020,13:18,12174.25,12177.05,12173.9,12177.05
01-01-2020,13:19,12177.0,12177.3,12175.85,12176.6
01-01-2020,13:20,12176.9,12181.6,12176.3,12181.6
01-01-2020,13:21,12181.35,12182.75,12181.05,12182.0
01-01-2020,13:22,12181.6,12182.25,12179.9,12180.7
01-01-2020,13:23,12180.85,12181.05,12178.55,12179.3
01-01-2020,13:24,12179.65,12179.7,12176.65,12177.15
01-01-2020,13:25,12177.6,12178.8,12176.85,12177.65
01-01-2020,13:26,12177.8,12179.9,12177.75,12179.85
01-01-2020,13:27,12180.0,12180.4,12178.7,12179.3
01-01-2020,13:28,12179.2,12181.0,12178.5,12181.0
01-01-2020,13:29,12181.25,12183.55,12181.05,12183.1
01-01-2020,13:30,12183.45,12184.0,12182.15,12183.65
01-01-2020,13:31,12183.7,12186.2,12183.0,12186.0
01-01-2020,13:32,12186.15,12186.15,12184.1,12184.1
01-01-2020,13:33,12184.15,12184.45,12182.7,12183.9
01-01-2020,13:34,12183.35,12183.8,12182.15,12183.45
01-01-2020,13:35,12183.8,12183.8,12181.9,12182.5
01-01-2020,13:36,12182.65,12182.85,12181.5,12182.2
01-01-2020,13:37,12182.3,12182.35,12179.2,12180.5
01-01-2020,13:38,12180.0,12180.6,12179.1,12179.65
01-01-2020,13:39,12180.0,12180.1,12177.8,12179.0
01-01-2020,13:40,12179.1,12180.45,12178.05,12178.75
01-01-2020,13:41,12178.55,12180.25,12178.25,12180.25
01-01-2020,13:42,12180.05,12181.65,12178.3,12181.1
01-01-2020,13:43,12181.5,12182.2,12180.4,12181.15
01-01-2020,13:44,12180.45,12182.6,12180.35,12182.6
01-01-2020,13:45,12182.35,12182.7,12181.35,12182.0
01-01-2020,13:46,12181.85,12182.25,12180.75,12181.35
01-01-2020,13:47,12181.2,12182.25,12180.6,12181.7
01-01-2020,13:48,12181.6,12182.45,12180.15,12180.85
01-01-2020,13:49,12180.95,12181.55,12179.8,12181.2
01-01-2020,13:50,12181.05,12182.5,12180.4,12181.7
01-01-2020,13:51,12180.9,12183.55,12180.8,12183.55
01-01-2020,13:52,12183.35,12190.45,12182.55,12190.0
01-01-2020,13:53,12189.9,12191.25,12189.1,12190.8
01-01-2020,13:54,12190.95,12192.25,12190.4,12192.25
01-01-2020,13:55,12192.3,12197.75,12192.3,12196.55
01-01-2020,13:56,12196.8,12197.75,12194.55,12196.45
01-01-2020,13:57,12195.65,12196.6,12193.6,12194.0
01-01-2020,13:58,12194.1,12194.55,12190.0,12190.9
01-01-2020,13:59,12190.75,12193.5,12190.05,12190.6
01-01-2020,14:00,12190.55,12191.3,12189.55,12189.6
01-01-2020,14:01,12190.1,12190.95,12189.15,12189.55
01-01-2020,14:02,12189.95,12190.05,12188.55,12188.55
01-01-2020,14:03,12188.8,12189.0,12186.5,12186.9
01-01-2020,14:04,12187.15,12187.55,12186.35,12186.4
01-01-2020,14:05,12186.5,12187.15,12185.55,12185.65
01-01-2020,14:06,12185.5,12189.0,12185.35,12188.45
01-01-2020,14:07,12188.5,12190.05,12188.15,12189.45
01-01-2020,14:08,12189.85,12191.15,12189.25,12189.25
01-01-2020,14:09,12189.4,12190.3,12188.8,12189.55
01-01-2020,14:10,12189.6,12190.65,12187.45,12188.55
01-01-2020,14:11,12188.8,12189.35,12187.25,12188.9
01-01-2020,14:12,12189.0,12189.45,12187.9,12189.2
01-01-2020,14:13,12189.1,12189.75,12188.55,12188.75
01-01-2020,14:14,12188.85,12189.9,12180.6,12182.15
01-01-2020,14:15,12182.05,12182.2,12174.95,12176.45
01-01-2020,14:16,12176.5,12177.35,12175.3,12176.0
01-01-2020,14:17,12176.55,12177.25,12175.0,12176.9
01-01-2020,14:18,12176.8,12178.8,12176.6,12178.0
01-01-2020,14:19,12178.15,12179.1,12177.55,12178.8
01-01-2020,14:20,12179.05,12180.35,12178.4,12178.65
01-01-2020,14:21,12179.6,12179.6,12175.45,12175.75
01-01-2020,14:22,12176.5,12177.9,12175.1,12176.65
01-01-2020,14:23,12176.5,12177.75,12175.85,12176.6
01-01-2020,14:24,12177.6,12177.65,12176.15,12176.9
01-01-2020,14:25,12177.4,12177.5,12172.8,12173.4
01-01-2020,14:26,12174.15,12175.85,12173.65,12175.3
01-01-2020,14:27,12175.35,12177.9,12175.15,12177.85
01-01-2020,14:28,12177.55,12178.85,12177.05,12177.85
01-01-2020,14:29,12178.25,12179.1,12177.25,12178.1
01-01-2020,14:30,12177.8,12178.05,12176.85,12177.85
01-01-2020,14:31,12178.3,12184.3,12178.1,12182.8
01-01-2020,14:32,12182.1,12182.9,12178.65,12180.55
01-01-2020,14:33,12180.3,12181.15,12178.75,12180.3
01-01-2020,14:34,12180.5,12180.5,12175.55,12176.05
01-01-2020,14:35,12176.9,12177.6,12175.5,12176.5
01-01-2020,14:36,12176.65,12178.85,12176.65,12176.8
01-01-2020,14:37,12176.25,12177.0,12174.9,12175.7
01-01-2020,14:38,12176.1,12176.7,12175.3,12175.4
01-01-2020,14:39,12175.4,12176.8,12174.75,12175.85
01-01-2020,14:40,12175.6,12178.65,12175.35,12177.9
01-01-2020,14:41,12177.75,12178.35,12175.9,12176.7
01-01-2020,14:42,12177.0,12178.55,12177.0,12177.55
01-01-2020,14:43,12178.0,12181.3,12177.75,12178.45
01-01-2020,14:44,12178.45,12181.15,12178.45,12179.8
01-01-2020,14:45,12180.25,12181.65,12179.6,12181.2
01-01-2020,14:46,12180.55,12181.45,12179.4,12179.8
01-01-2020,14:47,12180.4,12181.25,12179.0,12180.65
01-01-2020,14:48,12181.75,12183.35,12181.15,12182.3
01-01-2020,14:49,12183.1,12183.65,12181.6,12182.85
01-01-2020,14:50,12183.35,12183.35,12180.8,12181.35
01-01-2020,14:51,12181.1,12183.0,12180.8,12182.35
01-01-2020,14:52,12182.05,12182.35,12179.85,12180.4
01-01-2020,14:53,12180.55,12181.6,12179.8,12180.4
01-01-2020,14:54,12180.95,12181.25,12179.4,12179.75
01-01-2020,14:55,12179.65,12180.65,12176.25,12177.95
01-01-2020,14:56,12178.05,12178.05,12174.8,12175.0
01-01-2020,14:57,12176.25,12176.25,12173.45,12175.15
01-01-2020,14:58,12175.65,12175.65,12171.85,12171.85
01-01-2020,14:59,12172.55,12172.9,12169.5,12169.8
01-01-2020,15:00,12170.3,12175.75,12170.05,12175.05
01-01-2020,15:01,12174.55,12175.6,12172.35,12173.9
01-01-2020,15:02,12173.45,12173.9,12171.65,12171.85
01-01-2020,15:03,12171.75,12177.7,12171.75,12176.7
01-01-2020,15:04,12176.5,12182.7,12176.5,12181.4
01-01-2020,15:05,12182.25,12186.4,12181.35,12184.95
01-01-2020,15:06,12184.9,12188.45,12184.8,12185.75
01-01-2020,15:07,12185.8,12187.5,12184.25,12184.65
01-01-2020,15:08,12184.7,12187.4,12183.45,12185.35
01-01-2020,15:09,12185.0,12187.35,12183.9,12184.45
01-01-2020,15:10,12184.5,12187.3,12182.4,12182.4
01-01-2020,15:11,12181.75,12186.15,12178.1,12180.6
01-01-2020,15:12,12180.45,12184.35,12180.2,12182.7
01-01-2020,15:13,12182.65,12184.65,12181.55,12183.1
01-01-2020,15:14,12182.9,12184.85,12182.05,12182.3
01-01-2020,15:15,12182.45,12185.75,12181.1,12181.55
01-01-2020,15:16,12180.05,12185.75,12177.5,12178.6
01-01-2020,15:17,12178.65,12182.8,12178.65,12179.5
01-01-2020,15:18,12179.85,12184.3,12178.8,12182.3
01-01-2020,15:19,12182.45,12184.5,12180.45,12182.15
01-01-2020,15:20,12181.55,12182.95,12179.2,12181.95
01-01-2020,15:21,12181.95,12183.7,12179.3,12181.2
01-01-2020,15:22,12181.65,12184.55,12180.55,12182.05
01-01-2020,15:23,12182.5,12185.25,12180.3,12185.25
01-01-2020,15:24,12184.2,12186.75,12183.65,12184.8
01-01-2020,15:25,12185.3,12189.3,12184.95,12187.6
01-01-2020,15:26,12187.3,12189.1,12186.65,12187.45
01-01-2020,15:27,12187.45,12188.65,12186.45,12187.3
01-01-2020,15:28,12187.3,12188.95,12186.4,12187.95
01-01-2020,15:29,12187.35,12191.95,12186.85,12189.7
02-01-2020,09:15,12198.55,12215.65,12198.2,12215.05
02-01-2020,09:16,12215.35,12215.35,12207.7,12209.75
02-01-2020,09:17,12210.15,12215.1,12210.15,12214.45
02-01-2020,09:18,12214.1,12214.1,12210.3,12211.1
02-01-2020,09:19,12212.15,12216.8,12211.6,12216.8
02-01-2020,09:20,12218.15,12220.55,12216.65,12217.4
02-01-2020,09:21,12217.9,12220.65,12217.1,12220.1
02-01-2020,09:22,12219.8,12220.3,12217.3,12217.65
02-01-2020,09:23,12217.95,12220.55,12217.7,12218.8
02-01-2020,09:24,12219.15,12219.8,12217.2,12218.2
02-01-2020,09:25,12217.9,12222.25,12217.35,12222.25
02-01-2020,09:26,12221.9,12225.0,12221.5,12225.0
02-01-2020,09:27,12224.5,12226.35,12223.1,12224.5
02-01-2020,09:28,12225.2,12226.4,12223.85,12224.9
02-01-2020,09:29,12225.2,12227.8,12223.7,12224.25
02-01-2020,09:30,12224.55,12228.45,12223.35,12228.0
02-01-2020,09:31,12228.1,12230.9,12228.1,12230.3
02-01-2020,09:32,12230.25,12230.45,12227.7,12227.7
02-01-2020,09:33,12227.6,12228.1,12224.0,12224.5
02-01-2020,09:34,12224.55,12225.25,12223.3,12223.5
02-01-2020,09:35,12223.1,12224.75,12222.9,12223.7
02-01-2020,09:36,12224.35,12224.55,12222.45,12224.25
02-01-2020,09:37,12224.0,12224.85,12219.45,12219.75
02-01-2020,09:38,12219.5,12219.8,12216.25,12217.0
02-01-2020,09:39,12216.2,12217.45,12213.8,12216.95
02-01-2020,09:40,12217.3,12218.25,12216.15,12216.85
02-01-2020,09:41,12216.35,12218.15,12215.35,12218.15
02-01-2020,09:42,12218.15,12220.1,12217.1,12217.3
02-01-2020,09:43,12217.15,12217.6,12215.05,12215.9
02-01-2020,09:44,12216.05,12216.05,12213.3,12213.7
02-01-2020,09:45,12213.65,12214.1,12206.15,12206.15
02-01-2020,09:46,12206.2,12210.4,12205.6,12210.4
02-01-2020,09:47,12209.65,12210.3,12208.1,12209.25
02-01-2020,09:48,12209.0,12210.5,12208.55,12209.35
02-01-2020,09:49,12209.45,12210.65,12207.05,12210.05
02-01-2020,09:50,12210.1,12211.5,12208.0,12211.15
02-01-2020,09:51,12211.15,12212.25,12209.8,12210.65
02-01-2020,09:52,12210.6,12212.6,12210.1,12212.6
02-01-2020,09:53,12212.75,12212.85,12207.95,12208.4
02-01-2020,09:54,12208.5,12208.6,12204.35,12204.7
02-01-2020,09:55,12204.95,12207.5,12204.3,12207.5
02-01-2020,09:56,12206.95,12208.35,12206.4,12207.5
02-01-2020,09:57,12207.0,12208.65,12206.6,12208.45
02-01-2020,09:58,12207.95,12212.25,12207.95,12212.25
02-01-2020,09:59,12212.1,12212.3,12211.15,12211.8
02-01-2020,10:00,12211.55,12215.75,12211.5,12215.75
02-01-2020,10:01,12215.55,12216.05,12214.05,12216.05
02-01-2020,10:02,12216.15,12217.15,12215.25,12216.5
02-01-2020,10:03,12216.45,12217.65,12216.4,12216.85
02-01-2020,10:04,12216.4,12217.8,12215.4,12217.6
02-01-2020,10:05,12217.75,12218.6,12216.95,12217.05
02-01-2020,10:06,12217.0,12218.1,12216.9,12218.0
02-01-2020,10:07,12217.6,12219.1,12217.6,12218.75
02-01-2020,10:08,12218.65,12218.85,12216.6,12217.05
02-01-2020,10:09,12217.05,12217.05,12215.0,12216.65
02-01-2020,10:10,12216.2,12217.45,12213.4,12214.25
02-01-2020,10:11,12214.2,12216.2,12213.9,12216.2
02-01-2020,10:12,12215.75,12216.9,12215.5,12216.4
02-01-2020,10:13,12216.55,12219.35,12216.55,12219.35
02-01-2020,10:14,12219.2,12220.1,12218.5,12219.6
02-01-2020,10:15,12220.0,12221.7,12218.6,12221.0
02-01-2020,10:16,12220.5,12221.15,12219.5,12220.5
02-01-2020,10:17,12220.6,12225.05,12220.3,12224.45
02-01-2020,10:18,12224.25,12226.65,12223.3,12225.8
02-01-2020,10:19,12227.2,12228.0,12226.1,12227.25
02-01-2020,10:20,12226.8,12228.6,12226.8,12227.4
02-01-2020,10:21,12227.3,12227.65,12224.4,12224.4
02-01-2020,10:22,12224.35,12225.75,12223.75,12223.95
02-01-2020,10:23,12223.5,12224.0,12221.85,12223.05
02-01-2020,10:24,12223.2,12224.85,12222.6,12224.0
02-01-2020,10:25,12223.8,12224.15,12222.8,12223.55
02-01-2020,10:26,12223.55,12224.2,12222.75,12222.95
02-01-2020,10:27,12222.9,12223.75,12222.4,12223.45
02-01-2020,10:28,12223.45,12225.3,12223.4,12225.3
02-01-2020,10:29,12225.05,12226.15,12224.75,12225.25
02-01-2020,10:30,12225.55,12227.85,12225.4,12227.2
02-01-2020,10:31,12226.65,12230.25,12226.65,12230.25
02-01-2020,10:32,12230.2,12230.3,12229.05,12229.6
02-01-2020,10:33,12229.3,12232.1,12229.3,12231.8
02-01-2020,10:34,12231.8,12232.65,12230.4,12231.15
02-01-2020,10:35,12231.1,12231.95,12230.6,12231.0
02-01-2020,10:36,12230.9,12231.85,12230.45,12231.45
02-01-2020,10:37,12231.4,12232.85,12231.4,12232.35
02-01-2020,10:38,12233.25,12235.3,12233.2,12233.4
02-01-2020,10:39,12233.2,12235.15,12232.65,12234.7
02-01-2020,10:40,12235.05,12235.1,12232.2,12232.3
02-01-2020,10:41,12232.65,12232.65,12230.35,12231.3
02-01-2020,10:42,12231.3,12233.25,12231.3,12232.15
02-01-2020,10:43,12232.25,12233.9,12231.85,12233.55
02-01-2020,10:44,12233.05,12234.2,12231.8,12233.4
02-01-2020,10:45,12233.4,12234.3,12232.35,12232.4
02-01-2020,10:46,12232.05,12232.55,12230.3,12231.6
02-01-2020,10:47,12231.4,12233.55,12231.4,12232.1
02-01-2020,10:48,12231.85,12233.6,12231.85,12232.1
02-01-2020,10:49,12231.65,12233.15,12231.45,12232.75
02-01-2020,10:50,12232.5,12234.85,12232.5,12234.85
02-01-2020,10:51,12234.7,12235.9,12234.05,12235.9
02-01-2020,10:52,12235.85,12235.95,12232.3,12232.85
02-01-2020,10:53,12232.65,12233.85,12232.1,12233.05
02-01-2020,10:54,12233.2,12234.7,12232.95,12233.8
02-01-2020,10:55,12233.7,12234.45,12232.65,12233.6
02-01-2020,10:56,12233.3,12234.0,12230.6,12230.6
02-01-2020,10:57,12230.85,12231.6,12229.25,12231.05
02-01-2020,10:58,12230.85,12231.9,12228.8,12230.15
02-01-2020,10:59,12229.95,12230.85,12229.05,12229.3
02-01-2020,11:00,12229.8,12231.55,12229.15,12231.55
02-01-2020,11:01,12231.3,12231.5,12229.3,12229.3
02-01-2020,11:02,12229.9,12231.15,12229.45,12230.35
02-01-2020,11:03,12230.3,12231.45,12229.75,12230.1
02-01-2020,11:04,12230.05,12230.55,12228.85,12229.3
02-01-2020,11:05,12228.65,12229.5,12227.7,12228.0
02-01-2020,11:06,12227.5,12229.9,12227.5,12228.0
02-01-2020,11:07,12227.85,12229.4,12226.85,12229.1
02-01-2020,11:08,12228.9,12230.8,12228.9,12230.6
02-01-2020,11:09,12230.55,12232.15,12230.05,12231.95
02-01-2020,11:10,12231.75,12232.05,12230.45,12230.7
02-01-2020,11:11,12230.6,12231.6,12229.65,12231.0
02-01-2020,11:12,12231.05,12231.6,12229.4,12230.05
02-01-2020,11:13,12230.0,12230.0,12227.7,12228.05
02-01-2020,11:14,12228.15,12229.35,12227.45,12228.45
02-01-2020,11:15,12228.1,12229.9,12228.05,12229.5
02-01-2020,11:16,12229.5,12233.05,12229.1,12233.0
02-01-2020,11:17,12232.9,12235.2,12232.85,12234.95
02-01-2020,11:18,12234.4,12235.65,12233.75,12234.55
02-01-2020,11:19,12233.9,12235.15,12233.25,12234.75
02-01-2020,11:20,12234.95,12237.2,12234.95,12236.8
02-01-2020,11:21,12236.7,12238.15,12236.55,12238.05
02-01-2020,11:22,12237.85,12238.3,12236.95,12238.3
02-01-2020,11:23,12238.15,12239.15,12237.05,12237.95
02-01-2020,11:24,12238.05,12242.55,12237.55,12242.3
02-01-2020,11:25,12241.85,12241.85,12238.95,12239.45
02-01-2020,11:26,12239.65,12240.75,12239.3,12240.75
02-01-2020,11:27,12239.95,12241.15,12239.9,12241.15
02-01-2020,11:28,12240.7,12240.85,12238.65,12239.25
02-01-2020,11:29,12238.9,12238.9,12236.8,12237.7
02-01-2020,11:30,12237.35,12238.4,12237.05,12237.45
02-01-2020,11:31,12237.7,12238.65,12237.3,12238.55
02-01-2020,11:32,12238.2,12240.35,12238.2,12239.7
02-01-2020,11:33,12239.45,12240.25,12238.8,12240.05
02-01-2020,11:34,12239.95,12242.65,12239.8,12242.65
02-01-2020,11:35,12242.25,12244.95,12242.25,12244.75
02-01-2020,11:36,12244.6,12244.6,12241.2,12241.25
02-01-2020,11:37,12241.85,12242.4,12240.55,12241.8
02-01-2020,11:38,12241.8,12241.8,12239.85,12239.85
02-01-2020,11:39,12239.75,12239.75,12237.85,12239.15
02-01-2020,11:40,12238.95,12240.5,12238.4,12239.55
02-01-2020,11:41,12239.45,12242.25,12238.95,12242.25
02-01-2020,11:42,12242.0,12242.8,12241.4,12241.85
02-01-2020,11:43,12242.4,12242.95,12241.45,12242.7
02-01-2020,11:44,12242.6,12244.9,12242.35,12243.95
02-01-2020,11:45,12244.15,12245.65,12243.9,12245.3
02-01-2020,11:46,12245.4,12246.4,12244.75,12246.05
02-01-2020,11:47,12246.3,12246.55,12245.4,12245.85
02-01-2020,11:48,12245.65,12246.9,12245.25,12245.4
02-01-2020,11:49,12245.55,12245.8,12244.05,12244.25
02-01-2020,11:50,12244.65,12246.6,12244.15,12246.05
02-01-2020,11:51,12245.95,12247.0,12245.45,12246.5
02-01-2020,11:52,12246.7,12248.35,12246.25,12247.4
02-01-2020,11:53,12247.8,12248.25,12246.75,12248.0
02-01-2020,11:54,12247.8,12251.55,12247.45,12251.15
02-01-2020,11:55,12250.8,12251.3,12249.45,12250.0
02-01-2020,11:56,12250.25,12250.7,12248.95,12249.2
02-01-2020,11:57,12248.9,12249.25,12247.7,12248.3
02-01-2020,11:58,12248.1,12248.1,12246.05,12247.05
02-01-2020,11:59,12247.1,12249.2,12246.95,12249.0
02-01-2020,12:00,12249.15,12250.05,12248.6,12249.7
02-01-2020,12:01,12249.45,12250.4,12248.7,12248.95
02-01-2020,12:02,12248.7,12249.55,12246.6,12248.5
02-01-2020,12:03,12248.4,12248.8,12247.05,12247.9
02-01-2020,12:04,12247.65,12248.25,12246.8,12248.25
02-01-2020,12:05,12247.95,12249.6,12247.65,12248.5
02-01-2020,12:06,12248.55,12248.9,12247.2,12247.75
02-01-2020,12:07,12247.8,12249.0,12247.25,12248.7
02-01-2020,12:08,12248.3,12250.4,12248.3,12249.8
02-01-2020,12:09,12249.65,12254.1,12249.65,12254.1
02-01-2020,12:10,12253.55,12254.55,12252.05,12252.85
02-01-2020,12:11,12252.95,12253.45,12251.65,12252.5
02-01-2020,12:12,12252.55,12254.55,12252.45,12254.05
02-01-2020,12:13,12254.0,12256.9,12253.85,12256.35
02-01-2020,12:14,12256.55,12257.2,12254.95,12256.05
02-01-2020,12:15,12256.55,12258.95,12256.15,12257.7
02-01-2020,12:16,12257.95,12260.8,12257.85,12259.55
02-01-2020,12:17,12259.45,12260.5,12258.8,12259.75
02-01-2020,12:18,12259.75,12261.85,12259.75,12260.55
02-01-2020,12:19,12259.5,12261.15,12259.1,12260.6
02-01-2020,12:20,12260.8,12260.9,12258.55,12259.25
02-01-2020,12:21,12260.0,12260.65,12258.45,12259.05
02-01-2020,12:22,12259.35,12261.3,12258.25,12261.2
02-01-2020,12:23,12261.45,12264.1,12261.0,12262.8
02-01-2020,12:24,12263.25,12264.25,12262.1,12263.7
02-01-2020,12:25,12263.6,12264.55,12262.75,12263.7
02-01-2020,12:26,12263.5,12264.05,12260.75,12262.0
02-01-2020,12:27,12262.05,12262.35,12260.6,12261.35
02-01-2020,12:28,12261.35,12262.15,12260.45,12260.85
02-01-2020,12:29,12261.15,12262.0,12260.4,12261.95
02-01-2020,12:30,12262.2,12264.9,12262.2,12264.2
02-01-2020,12:31,12264.35,12265.15,12262.85,12263.8
02-01-2020,12:32,12263.4,12264.65,12263.15,12263.15
02-01-2020,12:33,12264.0,12266.4,12263.75,12265.25
02-01-2020,12:34,12265.6,12266.75,12265.25,12266.3
02-01-2020,12:35,12266.35,12268.25,12265.55,12267.3
02-01-2020,12:36,12268.25,12270.25,12267.7,12268.3
02-01-2020,12:37,12268.05,12269.5,12267.65,12268.4
02-01-2020,12:38,12268.7,12268.8,12266.05,12266.65
02-01-2020,12:39,12267.1,12267.5,12265.6,12266.5
02-01-2020,12:40,12266.1,12267.95,12265.95,12267.9
02-01-2020,12:41,12267.45,12268.15,12266.15,12266.15
02-01-2020,12:42,12266.7,12267.95,12265.3,12265.3
02-01-2020,12:43,12265.7,12267.5,12265.6,12266.8
02-01-2020,12:44,12266.7,12267.9,12265.95,12265.95
02-01-2020,12:45,12265.9,12266.5,12256.25,12256.25
02-01-2020,12:46,12255.9,12258.3,12254.35,12256.6
02-01-2020,12:47,12256.95,12256.95,12252.75,12252.75
02-01-2020,12:48,12253.0,12255.2,12251.75,12253.8
02-01-2020,12:49,12254.05,12254.25,12252.6,12253.5
02-01-2020,12:50,12253.25,12254.1,12252.8,12254.1
02-01-2020,12:51,12254.4,12255.85,12254.0,12255.55
02-01-2020,12:52,12254.8,12254.8,12252.95,12253.6
02-01-2020,12:53,12253.25,12254.15,12252.2,12252.7
02-01-2020,12:54,12252.85,12254.95,12252.75,12254.75
02-01-2020,12:55,12255.0,12255.05,12253.15,12253.4
02-01-2020,12:56,12253.5,12253.75,12252.15,12252.15
02-01-2020,12:57,12252.05,12252.35,12250.7,12252.05
02-01-2020,12:58,12252.35,12252.45,12250.5,12251.0
02-01-2020,12:59,12251.05,12252.15,12250.85,12251.45
02-01-2020,13:00,12251.5,12253.4,12251.35,12253.05
02-01-2020,13:01,12253.1,12255.65,12252.65,12255.45
02-01-2020,13:02,12255.25,12257.15,12254.9,12256.5
02-01-2020,13:03,12256.4,12257.8,12256.1,12257.7
02-01-2020,13:04,12257.45,12258.55,12256.4,12258.4
02-01-2020,13:05,12258.5,12259.4,12257.15,12257.15
02-01-2020,13:06,12257.3,12257.95,12255.95,12256.2
02-01-2020,13:07,12255.85,12258.6,12255.8,12257.95
02-01-2020,13:08,12257.7,12258.95,12257.55,12258.4
02-01-2020,13:09,12258.7,12259.8,12258.45,12259.4
02-01-2020,13:10,12259.25,12260.85,12259.05,12260.5
02-01-2020,13:11,12260.75,12260.75,12257.15,12257.35
02-01-2020,13:12,12257.15,12258.7,12257.15,12257.5
02-01-2020,13:13,12257.9,12259.0,12257.85,12258.6
02-01-2020,13:14,12258.75,12259.7,12258.45,12258.45
02-01-2020,13:15,12258.75,12259.25,12257.55,12258.0
02-01-2020,13:16,12258.25,12258.65,12257.0,12257.35
02-01-2020,13:17,12257.5,12259.25,12257.5,12257.85
02-01-2020,13:18,12257.85,12259.8,12257.75,12258.9
02-01-2020,13:19,12259.1,12260.55,12258.55,12259.85
02-01-2020,13:20,12259.8,12260.5,12258.9,12260.15
02-01-2020,13:21,12261.0,12261.5,12259.3,12259.85
02-01-2020,13:22,12260.0,12261.6,12259.0,12261.6
02-01-2020,13:23,12261.25,12261.95,12259.65,12260.55
02-01-2020,13:24,12260.45,12262.95,12260.45,12262.6
02-01-2020,13:25,12262.95,12265.6,12262.95,12265.25
02-01-2020,13:26,12264.6,12265.05,12263.45,12263.95
02-01-2020,13:27,12264.15,12265.75,12263.95,12264.9
02-01-2020,13:28,12265.2,12267.15,12264.9,12265.25
02-01-2020,13:29,12265.3,12265.6,12264.4,12264.9
02-01-2020,13:30,12265.45,12265.5,12260.0,12260.0
02-01-2020,13:31,12259.85,12262.4,12259.55,12260.55
02-01-2020,13:32,12260.3,12261.8,12259.4,12259.4
02-01-2020,13:33,12259.15,12262.35,12259.15,12261.0
02-01-2020,13:34,12260.9,12263.75,12260.8,12262.75
02-01-2020,13:35,12262.55,12263.25,12262.15,12262.2
02-01-2020,13:36,12262.15,12264.0,12261.8,12261.8
02-01-2020,13:37,12262.05,12263.75,12261.3,12261.3
02-01-2020,13:38,12261.55,12263.3,12261.25,12261.95
02-01-2020,13:39,12261.75,12263.8,12261.75,12262.45
02-01-2020,13:40,12262.2,12263.8,12261.2,12261.7
02-01-2020,13:41,12261.9,12262.8,12261.1,12262.25
02-01-2020,13:42,12263.25,12263.5,12262.15,12262.3
02-01-2020,13:43,12261.9,12262.8,12261.55,12262.3
02-01-2020,13:44,12262.2,12262.35,12258.75,12259.55
02-01-2020,13:45,12259.5,12259.9,12253.3,12254.75
02-01-2020,13:46,12254.9,12257.95,12254.55,12257.45
02-01-2020,13:47,12257.35,12259.15,12256.5,12257.8
02-01-2020,13:48,12257.75,12260.9,12257.75,12259.7
02-01-2020,13:49,12259.55,12261.35,12259.55,12260.55
02-01-2020,13:50,12260.7,12261.15,12259.9,12260.7
02-01-2020,13:51,12260.65,12263.35,12259.7,12262.45
02-01-2020,13:52,12262.35,12263.65,12261.95,12263.45
02-01-2020,13:53,12263.25,12263.45,12262.05,12262.35
02-01-2020,13:54,12262.65,12263.3,12261.5,12262.75
02-01-2020,13:55,12262.6,12263.7,12261.7,12262.65
02-01-2020,13:56,12262.5,12263.6,12262.25,12262.95
02-01-2020,13:57,12262.8,12264.4,12262.7,12264.25
02-01-2020,13:58,12264.05,12265.3,12263.85,12264.85
02-01-2020,13:59,12265.4,12265.85,12264.55,12265.65
02-01-2020,14:00,12265.9,12266.8,12265.35,12266.05
02-01-2020,14:01,12266.3,12267.1,12265.2,12265.2
02-01-2020,14:02,12265.15,12266.8,12265.05,12265.9
02-01-2020,14:03,12265.8,12267.3,12264.5,12265.7
02-01-2020,14:04,12265.95,12266.35,12264.95,12266.25
02-01-2020,14:05,12266.75,12268.0,12266.1,12267.7
02-01-2020,14:06,12268.0,12268.75,12267.0,12268.4
02-01-2020,14:07,12268.4,12268.65,12267.15,12268.1
02-01-2020,14:08,12268.05,12268.15,12266.25,12267.6
02-01-2020,14:09,12267.6,12268.6,12265.15,12265.25
02-01-2020,14:10,12265.05,12265.95,12264.2,12265.55
02-01-2020,14:11,12265.45,12266.1,12263.65,12264.95
02-01-2020,14:12,12265.7,12265.7,12261.4,12261.8
02-01-2020,14:13,12262.45,12262.45,12260.8,12260.9
02-01-2020,14:14,12260.8,12263.2,12260.25,12262.7
02-01-2020,14:15,12263.05,12267.35,12263.0,12266.65
02-01-2020,14:16,12267.35,12269.95,12267.35,12268.6
02-01-2020,14:17,12268.65,12270.75,12267.75,12270.15
02-01-2020,14:18,12270.1,12270.45,12268.6,12270.15
02-01-2020,14:19,12269.65,12269.65,12267.8,12267.95
02-01-2020,14:20,12268.2,12268.4,12266.45,12267.3
02-01-2020,14:21,12267.4,12270.6,12267.1,12269.7
02-01-2020,14:22,12269.9,12272.6,12269.45,12271.5
02-01-2020,14:23,12271.4,12273.1,12271.4,12272.55
02-01-2020,14:24,12272.05,12272.45,12270.65,12270.9
02-01-2020,14:25,12270.65,12272.25,12270.35,12272.05
02-01-2020,14:26,12271.75,12272.4,12270.05,12271.6
02-01-2020,14:27,12271.65,12272.05,12266.7,12266.9
02-01-2020,14:28,12267.2,12268.1,12265.35,12267.9
02-01-2020,14:29,12268.15,12269.35,12267.85,12268.1
02-01-2020,14:30,12268.3,12268.3,12265.7,12265.7
02-01-2020,14:31,12265.8,12266.8,12265.25,12266.1
02-01-2020,14:32,12266.0,12266.7,12263.6,12263.65
02-01-2020,14:33,12263.2,12265.6,12263.15,12264.9
02-01-2020,14:34,12265.1,12265.95,12264.65,12265.95
02-01-2020,14:35,12265.45,12269.3,12265.45,12268.3
02-01-2020,14:36,12268.25,12268.3,12265.05,12265.25
02-01-2020,14:37,12265.0,12267.05,12264.85,12265.4
02-01-2020,14:38,12265.55,12270.4,12265.55,12270.0
02-01-2020,14:39,12270.65,12271.7,12268.95,12268.95
02-01-2020,14:40,12268.9,12269.9,12268.0,12268.85
02-01-2020,14:41,12269.3,12271.3,12268.05,12270.75
02-01-2020,14:42,12271.2,12272.5,12269.65,12272.2
02-01-2020,14:43,12272.75,12273.8,12271.55,12271.85
02-01-2020,14:44,12272.35,12274.9,12271.35,12272.4
02-01-2020,14:45,12272.65,12273.25,12270.9,12271.3
02-01-2020,14:46,12271.55,12271.55,12269.55,12270.4
02-01-2020,14:47,12270.5,12273.2,12269.85,12271.8
02-01-2020,14:48,12271.7,12272.6,12270.2,12271.2
02-01-2020,14:49,12270.95,12271.65,12268.9,12269.55
02-01-2020,14:50,12269.3,12270.9,12268.8,12270.15
02-01-2020,14:51,12270.55,12270.8,12266.85,12268.0
02-01-2020,14:52,12267.75,12268.9,12267.05,12268.25
02-01-2020,14:53,12268.5,12270.45,12267.65,12269.55
02-01-2020,14:54,12272.4,12273.15,12270.3,12272.7
02-01-2020,14:55,12272.75,12275.15,12272.75,12274.45
02-01-2020,14:56,12274.7,12274.7,12272.25,12272.55
02-01-2020,14:57,12272.75,12272.75,12268.5,12269.05
02-01-2020,14:58,12269.75,12272.1,12269.75,12271.35
02-01-2020,14:59,12271.65,12273.55,12270.3,12271.65
02-01-2020,15:00,12271.75,12274.75,12271.5,12274.2
02-01-2020,15:01,12274.65,12279.75,12274.65,12278.55
02-01-2020,15:02,12278.6,12279.05,12275.0,12275.6
02-01-2020,15:03,12275.6,12276.6,12274.25,12274.85
02-01-2020,15:04,12274.8,12278.1,12274.55,12277.95
02-01-2020,15:05,12278.7,12278.75,12277.55,12278.55
02-01-2020,15:06,12278.75,12279.55,12278.15,12278.7
02-01-2020,15:07,12278.3,12278.7,12277.2,12277.8
02-01-2020,15:08,12277.7,12279.75,12277.55,12278.95
02-01-2020,15:09,12279.05,12281.0,12278.6,12280.9
02-01-2020,15:10,12280.4,12282.45,12280.25,12280.7
02-01-2020,15:11,12281.25,12283.2,12279.3,12280.7
02-01-2020,15:12,12279.9,12283.4,12279.9,12282.05
02-01-2020,15:13,12281.75,12284.55,12281.75,12283.7
02-01-2020,15:14,12283.45,12285.4,12282.55,12284.05
02-01-2020,15:15,12283.55,12285.95,12283.0,12285.6
02-01-2020,15:16,12285.8,12286.55,12282.45,12284.35
02-01-2020,15:17,12284.7,12286.3,12283.35,12284.9
02-01-2020,15:18,12286.2,12289.75,12285.25,12288.15
02-01-2020,15:19,12288.25,12288.25,12286.1,12286.7
02-01-2020,15:20,12286.8,12287.75,12285.15,12285.75
02-01-2020,15:21,12286.6,12287.5,12283.8,12284.6
02-01-2020,15:22,12283.95,12284.35,12281.75,12281.75
02-01-2020,15:23,12281.65,12282.2,12278.7,12279.6
02-01-2020,15:24,12280.0,12281.65,12279.0,12280.65
02-01-2020,15:25,12281.0,12281.85,12279.6,12281.45
02-01-2020,15:26,12281.1,12282.8,12280.6,12281.55
02-01-2020,15:27,12282.1,12283.5,12280.85,12283.5
02-01-2020,15:28,12283.2,12284.5,12282.0,12283.35
02-01-2020,15:29,12283.15,12284.9,12279.25,12282.35
03-01-2020,09:15,12261.1,12261.1,12240.8,12243.0
03-01-2020,09:16,12242.8,12246.05,12237.25,12237.75
03-01-2020,09:17,12237.0,12239.35,12236.5,12238.1
03-01-2020,09:18,12238.6,12246.75,12238.4,12239.35
03-01-2020,09:19,12239.75,12243.5,12237.4,12237.4
03-01-2020,09:20,12237.6,12239.05,12234.3,12237.55
03-01-2020,09:21,12237.0,12242.8,12237.0,12242.5
03-01-2020,09:22,12241.8,12243.0,12239.2,12240.3
03-01-2020,09:23,12240.2,12246.35,12240.1,12246.35
03-01-2020,09:24,12245.5,12248.75,12244.2,12244.4
03-01-2020,09:25,12244.1,12247.2,12242.65,12246.75
03-01-2020,09:26,12246.6,12251.65,12245.8,12250.7
03-01-2020,09:27,12250.0,12251.9,12246.1,12246.1
03-01-2020,09:28,12245.15,12249.45,12245.15,12248.35
03-01-2020,09:29,12247.85,12251.35,12247.6,12251.25
03-01-2020,09:30,12251.0,12251.0,12242.5,12242.7
03-01-2020,09:31,12242.85,12244.25,12240.55,12240.75
03-01-2020,09:32,12240.75,12246.15,12240.75,12245.0
03-01-2020,09:33,12245.15,12250.45,12244.9,12247.7
03-01-2020,09:34,12247.35,12247.35,12236.8,12238.0
03-01-2020,09:35,12237.7,12239.65,12236.75,12238.55
03-01-2020,09:36,12237.65,12242.45,12237.55,12242.45
03-01-2020,09:37,12242.55,12243.85,12240.05,12241.45
03-01-2020,09:38,12241.3,12246.15,12241.25,12246.15
03-01-2020,09:39,12245.55,12246.75,12242.05,12244.2
03-01-2020,09:40,12244.1,12244.9,12241.25,12244.0
03-01-2020,09:41,12244.15,12245.75,12240.35,12241.1
03-01-2020,09:42,12241.1,12241.75,12236.6,12236.6
03-01-2020,09:43,12237.4,12239.8,12233.95,12237.4
03-01-2020,09:44,12236.45,12238.2,12235.05,12235.7
03-01-2020,09:45,12234.7,12235.35,12229.85,12231.2
03-01-2020,09:46,12231.95,12231.95,12229.0,12230.65
03-01-2020,09:47,12230.65,12235.85,12230.5,12233.9
03-01-2020,09:48,12233.65,12235.5,12232.6,12234.9
03-01-2020,09:49,12234.95,12236.35,12232.15,12235.2
03-01-2020,09:50,12234.35,12240.95,12234.35,12240.85
03-01-2020,09:51,12240.95,12241.3,12238.55,12240.75
03-01-2020,09:52,12240.4,12244.65,12240.25,12244.1
03-01-2020,09:53,12242.55,12243.6,12239.15,12239.9
03-01-2020,09:54,12238.45,12240.0,12236.15,12236.4
03-01-2020,09:55,12236.3,12238.65,12235.9,12237.7
03-01-2020,09:56,12237.3,12240.7,12237.3,12238.9
03-01-2020,09:57,12238.2,12239.85,12237.8,12239.85
03-01-2020,09:58,12239.1,12240.1,12238.7,12239.75
03-01-2020,09:59,12239.25,12241.35,12238.85,12241.3
03-01-2020,10:00,12241.4,12248.4,12241.4,12248.05
03-01-2020,10:01,12247.65,12248.7,12245.15,12245.6
03-01-2020,10:02,12244.7,12245.35,12243.4,12245.0
03-01-2020,10:03,12244.65,12246.7,12244.65,12246.2
03-01-2020,10:04,12246.0,12252.05,12245.85,12248.35
03-01-2020,10:05,12247.7,12250.55,12247.4,12250.15
03-01-2020,10:06,12250.4,12254.9,12250.4,12252.95
03-01-2020,10:07,12252.6,12254.3,12250.7,12252.45
03-01-2020,10:08,12252.3,12255.75,12252.3,12254.95
03-01-2020,10:09,12254.55,12254.9,12251.8,12252.55
03-01-2020,10:10,12252.15,12252.55,12247.25,12249.5
03-01-2020,10:11,12249.25,12252.9,12249.25,12251.3
03-01-2020,10:12,12250.0,12254.6,12250.0,12250.8
03-01-2020,10:13,12250.55,12255.65,12250.55,12252.65
03-01-2020,10:14,12251.5,12255.1,12251.5,12254.55
03-01-2020,10:15,12254.7,12255.05,12252.2,12254.85
03-01-2020,10:16,12254.7,12256.4,12252.25,12256.05
03-01-2020,10:17,12255.9,12256.55,12254.2,12256.0
03-01-2020,10:18,12255.95,12258.55,12254.5,12258.3
03-01-2020,10:19,12258.85,12265.5,12258.85,12265.05
03-01-2020,10:20,12264.95,12265.35,12258.2,12258.2
03-01-2020,10:21,12258.45,12260.5,12257.05,12257.85
03-01-2020,10:22,12256.95,12259.5,12256.7,12259.35
03-01-2020,10:23,12259.3,12261.0,12259.15,12260.45
03-01-2020,10:24,12260.55,12261.5,12257.55,12258.9
03-01-2020,10:25,12258.95,12260.15,12257.95,12258.2
03-01-2020,10:26,12258.6,12258.7,12252.55,12252.55
03-01-2020,10:27,12252.7,12253.6,12248.45,12249.95
03-01-2020,10:28,12249.5,12249.95,12247.3,12249.15
03-01-2020,10:29,12249.45,12252.45,12248.0,12252.45
03-01-2020,10:30,12252.45,12253.6,12251.5,12253.35
03-01-2020,10:31,12253.5,12255.3,12249.85,12250.25
03-01-2020,10:32,12250.35,12250.4,12242.7,12243.95
03-01-2020,10:33,12243.55,12246.25,12242.55,12245.65
03-01-2020,10:34,12245.65,12245.65,12242.15,12242.6
03-01-2020,10:35,12243.05,12245.5,12241.05,12244.15
03-01-2020,10:36,12244.25,12245.75,12243.1,12244.0
03-01-2020,10:37,12243.85,12246.05,12243.4,12245.25
03-01-2020,10:38,12245.8,12246.7,12243.95,12244.75
03-01-2020,10:39,12244.55,12244.65,12240.3,12242.2
03-01-2020,10:40,12242.2,12242.2,12237.8,12238.15
03-01-2020,10:41,12237.7,12239.2,12236.8,12237.9
03-01-2020,10:42,12237.9,12240.3,12237.6,12240.2
03-01-2020,10:43,12240.45,12242.4,12240.15,12241.75
03-01-2020,10:44,12241.8,12242.5,12240.45,12240.6
03-01-2020,10:45,12240.65,12242.3,12240.05,12241.8
03-01-2020,10:46,12241.95,12243.85,12241.55,12242.95
03-01-2020,10:47,12242.75,12245.1,12242.75,12244.45
03-01-2020,10:48,12244.4,12245.65,12242.6,12243.5
03-01-2020,10:49,12243.5,12244.05,12242.45,12242.9
03-01-2020,10:50,12242.95,12245.35,12242.95,12244.15
03-01-2020,10:51,12244.15,12245.6,12243.8,12244.95
03-01-2020,10:52,12245.3,12246.05,12244.85,12245.95
03-01-2020,10:53,12246.05,12246.1,12243.6,12244.25
03-01-2020,10:54,12244.5,12245.05,12235.7,12237.4
03-01-2020,10:55,12237.65,12241.45,12236.8,12240.35
03-01-2020,10:56,12240.75,12244.0,12240.25,12244.0
03-01-2020,10:57,12244.25,12245.55,12244.1,12245.2
03-01-2020,10:58,12245.1,12245.35,12243.15,12243.75
03-01-2020,10:59,12243.6,12243.6,12241.4,12242.25
03-01-2020,11:00,12242.45,12243.65,12241.85,12242.9
03-01-2020,11:01,12243.2,12243.4,12240.2,12241.2
03-01-2020,11:02,12241.05,12241.55,12238.85,12240.4
03-01-2020,11:03,12239.95,12242.05,12239.75,12240.4
03-01-2020,11:04,12240.55,12241.6,12239.3,12241.6
03-01-2020,11:05,12241.55,12242.3,12241.2,12241.35
03-01-2020,11:06,12241.15,12241.4,12239.85,12240.55
03-01-2020,11:07,12240.45,12240.45,12236.5,12237.25
03-01-2020,11:08,12238.3,12239.35,12237.2,12239.1
03-01-2020,11:09,12239.05,12239.1,12237.25,12237.5
03-01-2020,11:10,12237.35,12237.55,12236.05,12237.3
03-01-2020,11:11,12236.1,12239.4,12235.4,12239.2
03-01-2020,11:12,12239.65,12241.9,12239.1,12241.5
03-01-2020,11:13,12241.7,12244.2,12241.7,12243.7
03-01-2020,11:14,12243.95,12243.95,12240.45,12243.45
03-01-2020,11:15,12243.85,12245.75,12243.0,12245.6
03-01-2020,11:16,12245.85,12245.85,12244.6,12245.55
03-01-2020,11:17,12245.6,12249.05,12245.5,12247.7
03-01-2020,11:18,12248.05,12248.15,12245.9,12246.6
03-01-2020,11:19,12246.2,12248.45,12246.2,12247.75
03-01-2020,11:20,12247.65,12248.2,12245.05,12245.6
03-01-2020,11:21,12245.45,12245.45,12241.9,12243.9
03-01-2020,11:22,12243.7,12245.65,12243.7,12244.0
03-01-2020,11:23,12244.45,12244.45,12241.7,12243.6
03-01-2020,11:24,12243.35,12244.8,12243.35,12244.35
03-01-2020,11:25,12244.5,12244.5,12242.1,12242.35
03-01-2020,11:26,12242.4,12244.0,12242.4,12243.15
03-01-2020,11:27,12243.3,12244.0,12242.2,12242.4
03-01-2020,11:28,12242.7,12243.65,12242.1,12243.1
03-01-2020,11:29,12242.85,12244.05,12241.85,12244.05
03-01-2020,11:30,12243.7,12244.5,12243.25,12243.45
03-01-2020,11:31,12243.95,12243.95,12242.35,12243.1
03-01-2020,11:32,12243.0,12245.95,12242.7,12243.15
03-01-2020,11:33,12242.9,12243.85,12238.55,12239.5
03-01-2020,11:34,12240.2,12241.25,12239.35,12240.7
03-01-2020,11:35,12240.2,12241.15,12238.9,12240.85
03-01-2020,11:36,12241.0,12242.4,12240.95,12241.5
03-01-2020,11:37,12240.95,12241.5,12240.0,12240.35
03-01-2020,11:38,12240.3,12240.35,12238.65,12239.45
03-01-2020,11:39,12239.05,12239.5,12236.6,12236.8
03-01-2020,11:40,12236.7,12238.65,12236.7,12238.2
03-01-2020,11:41,12238.1,12240.0,12237.85,12239.4
03-01-2020,11:42,12239.15,12240.4,12238.65,12238.75
03-01-2020,11:43,12239.1,12239.55,12238.15,12238.8
03-01-2020,11:44,12239.1,12239.35,12236.25,12236.25
03-01-2020,11:45,12236.2,12236.3,12227.2,12227.55
03-01-2020,11:46,12227.4,12228.7,12225.4,12226.15
03-01-2020,11:47,12226.3,12226.85,12223.85,12224.25
03-01-2020,11:48,12224.35,12224.75,12222.95,12223.6
03-01-2020,11:49,12223.95,12226.5,12223.55,12226.15
03-01-2020,11:50,12225.95,12228.8,12225.8,12228.7
03-01-2020,11:51,12229.45,12230.65,12228.35,12229.85
03-01-2020,11:52,12229.95,12231.15,12229.5,12230.95
03-01-2020,11:53,12231.0,12232.35,12230.45,12232.0
03-01-2020,11:54,12232.15,12232.25,12230.2,12230.95
03-01-2020,11:55,12230.75,12231.95,12230.65,12231.25
03-01-2020,11:56,12231.0,12231.0,12226.95,12227.75
03-01-2020,11:57,12227.75,12227.75,12224.05,12224.35
03-01-2020,11:58,12223.5,12226.15,12223.5,12224.9
03-01-2020,11:59,12224.8,12225.95,12223.65,12224.8
03-01-2020,12:00,12224.7,12226.1,12217.8,12217.8
03-01-2020,12:01,12218.1,12218.9,12217.5,12218.6
03-01-2020,12:02,12219.05,12220.85,12218.15,12219.45
03-01-2020,12:03,12219.35,12221.45,12219.0,12219.85
03-01-2020,12:04,12220.05,12220.1,12218.0,12218.3
03-01-2020,12:05,12218.5,12218.8,12217.8,12218.65
03-01-2020,12:06,12218.8,12219.05,12218.2,12218.35
03-01-2020,12:07,12218.5,12220.95,12218.5,12220.95
03-01-2020,12:08,12221.0,12224.15,12221.0,12224.15
03-01-2020,12:09,12224.25,12224.3,12221.8,12223.45
03-01-2020,12:10,12223.75,12225.2,12222.65,12224.55
03-01-2020,12:11,12224.6,12225.1,12222.7,12223.7
03-01-2020,12:12,12223.65,12223.65,12221.4,12222.75
03-01-2020,12:13,12222.4,12222.7,12220.55,12222.4
03-01-2020,12:14,12222.7,12222.85,12221.6,12222.7
03-01-2020,12:15,12222.55,12222.9,12220.75,12221.15
03-01-2020,12:16,12221.1,12221.1,12218.6,12219.2
03-01-2020,12:17,12219.3,12220.1,12218.6,12219.2
03-01-2020,12:18,12218.6,12220.2,12218.3,12218.8
03-01-2020,12:19,12218.7,12218.7,12215.45,12216.2
03-01-2020,12:20,12216.05,12217.1,12214.15,12216.4
03-01-2020,12:21,12216.4,12218.85,12216.1,12218.55
03-01-2020,12:22,12219.15,12220.8,12218.6,12220.65
03-01-2020,12:23,12222.15,12226.0,12221.75,12225.9
03-01-2020,12:24,12226.1,12226.3,12224.3,12224.95
03-01-2020,12:25,12224.75,12226.45,12223.4,12224.3
03-01-2020,12:26,12224.45,12226.6,12224.05,12226.6
03-01-2020,12:27,12226.65,12227.0,12225.5,12226.2
03-01-2020,12:28,12226.25,12228.5,12225.85,12228.5
03-01-2020,12:29,12228.3,12230.35,12228.1,12229.65
03-01-2020,12:30,12229.85,12230.35,12226.45,12226.45
03-01-2020,12:31,12225.95,12227.6,12225.1,12226.3
03-01-2020,12:32,12226.45,12226.7,12225.4,12225.9
03-01-2020,12:33,12225.8,12225.9,12223.7,12223.95
03-01-2020,12:34,12224.05,12225.85,12223.8,12224.85
03-01-2020,12:35,12224.95,12225.0,12222.2,12222.95
03-01-2020,12:36,12223.2,12225.9,12222.9,12225.2
03-01-2020,12:37,12225.35,12227.4,12225.35,12226.35
03-01-2020,12:38,12225.8,12227.55,12225.7,12226.0
03-01-2020,12:39,12226.0,12227.05,12225.65,12226.35
03-01-2020,12:40,12226.05,12226.55,12225.45,12226.0
03-01-2020,12:41,12226.4,12229.45,12226.1,12229.4
03-01-2020,12:42,12228.9,12230.95,12228.9,12230.4
03-01-2020,12:43,12230.15,12231.1,12229.35,12230.8
03-01-2020,12:44,12230.65,12231.5,12230.35,12231.35
03-01-2020,12:45,12231.25,12233.55,12231.25,12233.55
03-01-2020,12:46,12232.8,12232.8,12231.55,12231.85
03-01-2020,12:47,12231.35,12231.9,12229.05,12230.2
03-01-2020,12:48,12228.85,12229.45,12227.8,12229.45
03-01-2020,12:49,12228.95,12230.45,12228.5,12230.45
03-01-2020,12:50,12230.2,12230.55,12229.1,12229.65
03-01-2020,12:51,12228.9,12229.95,12228.2,12229.0
03-01-2020,12:52,12229.55,12231.0,12228.9,12229.7
03-01-2020,12:53,12229.5,12230.75,12228.85,12229.6
03-01-2020,12:54,12229.0,12230.0,12228.35,12229.1
03-01-2020,12:55,12229.0,12229.2,12227.6,12227.6
03-01-2020,12:56,12227.65,12227.65,12225.35,12225.6
03-01-2020,12:57,12225.85,12225.85,12224.95,12225.3
03-01-2020,12:58,12225.5,12227.05,12224.95,12226.0
03-01-2020,12:59,12225.9,12227.2,12225.65,12226.15
03-01-2020,13:00,12226.5,12228.55,12225.65,12228.25
03-01-2020,13:01,12227.65,12229.2,12226.55,12226.95
03-01-2020,13:02,12226.95,12228.25,12226.5,12228.25
03-01-2020,13:03,12228.1,12229.6,12226.65,12227.2
03-01-2020,13:04,12227.4,12229.6,12226.3,12229.6
03-01-2020,13:05,12229.45,12236.85,12229.25,12236.85
03-01-2020,13:06,12236.55,12240.05,12235.9,12237.7
03-01-2020,13:07,12237.65,12238.15,12234.45,12234.9
03-01-2020,13:08,12235.15,12236.7,12233.45,12234.0
03-01-2020,13:09,12233.6,12237.05,12233.4,12235.05
03-01-2020,13:10,12235.55,12237.75,12235.1,12237.5
03-01-2020,13:11,12237.35,12238.3,12235.8,12236.5
03-01-2020,13:12,12237.85,12237.85,12234.9,12236.05
03-01-2020,13:13,12235.4,12236.9,12235.35,12236.15
03-01-2020,13:14,12236.25,12237.8,12235.95,12237.0
03-01-2020,13:15,12236.6,12237.05,12235.3,12235.8
03-01-2020,13:16,12236.1,12236.8,12233.7,12234.35
03-01-2020,13:17,12234.1,12235.45,12233.9,12234.95
03-01-2020,13:18,12234.7,12234.7,12229.3,12229.9
03-01-2020,13:19,12230.5,12231.3,12229.0,12230.9
03-01-2020,13:20,12230.6,12230.7,12227.0,12228.65
03-01-2020,13:21,12227.95,12230.55,12227.05,12230.15
03-01-2020,13:22,12231.15,12232.0,12229.35,12230.25
03-01-2020,13:23,12230.6,12231.8,12228.7,12231.8
03-01-2020,13:24,12231.65,12231.8,12225.2,12225.9
03-01-2020,13:25,12225.85,12227.95,12225.2,12227.6
03-01-2020,13:26,12227.3,12230.5,12227.3,12230.5
03-01-2020,13:27,12229.9,12229.9,12226.85,12227.85
03-01-2020,13:28,12227.6,12228.45,12226.4,12227.8
03-01-2020,13:29,12227.4,12228.55,12226.45,12228.4
03-01-2020,13:30,12227.95,12227.95,12224.35,12225.15
03-01-2020,13:31,12225.1,12226.2,12224.15,12225.05
03-01-2020,13:32,12225.05,12225.7,12222.95,12225.45
03-01-2020,13:33,12225.25,12227.85,12224.75,12227.3
03-01-2020,13:34,12227.25,12230.0,12227.25,12229.5
03-01-2020,13:35,12229.55,12230.4,12227.8,12229.45
03-01-2020,13:36,12229.1,12230.7,12228.2,12230.05
03-01-2020,13:37,12229.8,12231.05,12228.85,12228.95
03-01-2020,13:38,12228.95,12230.75,12228.45,12230.75
03-01-2020,13:39,12230.25,12230.7,12227.8,12230.15
03-01-2020,13:40,12230.1,12230.45,12228.65,12229.1
03-01-2020,13:41,12229.45,12230.35,12227.3,12230.0
03-01-2020,13:42,12229.0,12231.8,12229.0,12231.15
03-01-2020,13:43,12231.0,12231.2,12229.75,12230.8
03-01-2020,13:44,12230.45,12230.85,12224.1,12225.05
03-01-2020,13:45,12224.9,12225.2,12221.65,12222.45
03-01-2020,13:46,12222.35,12224.3,12222.0,12224.3
03-01-2020,13:47,12224.85,12226.05,12222.55,12222.55
03-01-2020,13:48,12222.95,12223.4,12220.75,12222.75
03-01-2020,13:49,12223.9,12224.45,12221.65,12222.95
03-01-2020,13:50,12223.3,12224.5,12220.5,12222.4
03-01-2020,13:51,12222.3,12222.35,12219.5,12220.25
03-01-2020,13:52,12220.15,12221.35,12219.85,12220.8
03-01-2020,13:53,12220.65,12222.1,12220.25,12220.8
03-01-2020,13:54,12221.15,12221.75,12220.05,12220.55
03-01-2020,13:55,12220.7,12225.3,12220.45,12225.05
03-01-2020,13:56,12225.1,12225.95,12224.45,12225.4
03-01-2020,13:57,12225.5,12227.05,12224.45,12227.05
03-01-2020,13:58,12227.15,12227.15,12224.55,12225.1
03-01-2020,13:59,12225.25,12226.65,12224.9,12225.95
03-01-2020,14:00,12225.75,12226.2,12225.0,12226.2
03-01-2020,14:01,12225.95,12226.3,12223.1,12223.45
03-01-2020,14:02,12222.85,12224.1,12221.8,12223.1
03-01-2020,14:03,12222.5,12223.4,12221.75,12222.95
03-01-2020,14:04,12222.85,12222.85,12218.7,12219.6
03-01-2020,14:05,12219.55,12219.65,12218.15,12218.75
03-01-2020,14:06,12218.35,12218.8,12217.35,12218.1
03-01-2020,14:07,12218.4,12218.55,12214.55,12215.4
03-01-2020,14:08,12214.65,12215.7,12214.35,12214.85
03-01-2020,14:09,12215.25,12222.4,12214.85,12220.7
03-01-2020,14:10,12220.85,12220.85,12218.75,12219.5
03-01-2020,14:11,12219.5,12220.15,12217.75,12218.3
03-01-2020,14:12,12218.05,12219.6,12217.6,12217.75
03-01-2020,14:13,12217.75,12218.6,12215.3,12216.35
03-01-2020,14:14,12216.65,12217.0,12214.05,12214.2
03-01-2020,14:15,12214.85,12214.85,12211.85,12212.55
03-01-2020,14:16,12212.25,12215.35,12212.15,12213.3
03-01-2020,14:17,12213.8,12214.8,12213.15,12214.8
03-01-2020,14:18,12214.7,12216.65,12214.0,12214.5
03-01-2020,14:19,12213.95,12215.2,12213.05,12215.2
03-01-2020,14:20,12214.7,12218.5,12214.5,12217.7
03-01-2020,14:21,12218.45,12219.0,12217.15,12217.9
03-01-2020,14:22,12218.0,12218.55,12215.4,12215.85
03-01-2020,14:23,12215.85,12216.05,12212.6,12212.6
03-01-2020,14:24,12213.4,12213.45,12208.85,12210.05
03-01-2020,14:25,12210.15,12210.4,12207.85,12207.95
03-01-2020,14:26,12207.35,12207.7,12205.65,12206.0
03-01-2020,14:27,12205.95,12207.65,12205.95,12207.3
03-01-2020,14:28,12206.9,12212.25,12206.55,12211.8
03-01-2020,14:29,12211.8,12213.45,12211.55,12212.55
03-01-2020,14:30,12212.6,12212.95,12209.85,12210.25
03-01-2020,14:31,12210.2,12210.2,12207.05,12208.7
03-01-2020,14:32,12208.25,12210.1,12206.55,12208.7
03-01-2020,14:33,12208.9,12211.6,12208.3,12210.1
03-01-2020,14:34,12210.35,12211.6,12209.9,12210.65
03-01-2020,14:35,12210.8,12212.9,12210.1,12212.8
03-01-2020,14:36,12212.65,12222.8,12211.55,12221.75
03-01-2020,14:37,12221.25,12222.6,12218.7,12220.95
03-01-2020,14:38,12220.0,12220.45,12216.35,12216.35
03-01-2020,14:39,12216.55,12216.65,12213.5,12214.05
03-01-2020,14:40,12213.95,12214.2,12212.3,12213.45
03-01-2020,14:41,12213.6,12214.5,12210.65,12210.65
03-01-2020,14:42,12210.95,12211.1,12209.1,12209.15
03-01-2020,14:43,12209.3,12209.45,12206.6,12207.6
03-01-2020,14:44,12207.7,12208.6,12206.25,12206.4
03-01-2020,14:45,12206.25,12207.55,12205.8,12206.05
03-01-2020,14:46,12206.25,12206.25,12203.05,12203.3
03-01-2020,14:47,12203.65,12205.5,12202.9,12204.5
03-01-2020,14:48,12204.0,12204.45,12202.15,12203.4
03-01-2020,14:49,12203.45,12205.55,12203.15,12204.85
03-01-2020,14:50,12205.0,12205.0,12195.65,12197.6
03-01-2020,14:51,12196.8,12197.8,12195.2,12195.7
03-01-2020,14:52,12195.4,12197.15,12193.5,12195.8
03-01-2020,14:53,12195.55,12196.95,12193.1,12193.9
03-01-2020,14:54,12193.35,12196.7,12192.55,12196.0
03-01-2020,14:55,12196.55,12198.8,12196.1,12196.65
03-01-2020,14:56,12196.8,12198.6,12195.65,12197.25
03-01-2020,14:57,12197.25,12197.25,12193.6,12193.8
03-01-2020,14:58,12193.25,12194.4,12192.4,12193.4
03-01-2020,14:59,12193.7,12197.1,12193.15,12196.9
03-01-2020,15:00,12196.6,12213.15,12196.6,12212.15
03-01-2020,15:01,12212.9,12216.65,12212.2,12216.2
03-01-2020,15:02,12216.35,12218.0,12216.0,12216.0
03-01-2020,15:03,12215.75,12220.9,12215.5,12220.45
03-01-2020,15:04,12220.45,12222.15,12219.3,12220.1
03-01-2020,15:05,12220.35,12230.35,12220.15,12230.35
03-01-2020,15:06,12230.0,12231.05,12226.1,12227.0
03-01-2020,15:07,12226.65,12228.1,12226.5,12227.9
03-01-2020,15:08,12227.65,12233.45,12226.7,12233.45
03-01-2020,15:09,12233.4,12234.05,12230.15,12230.15
03-01-2020,15:10,12230.65,12231.5,12227.85,12228.5
03-01-2020,15:11,12228.55,12229.15,12223.45,12224.65
03-01-2020,15:12,12225.65,12227.45,12225.2,12227.35
03-01-2020,15:13,12227.2,12228.2,12226.15,12228.2
03-01-2020,15:14,12228.3,12228.7,12226.35,12227.0
03-01-2020,15:15,12226.6,12232.2,12226.6,12231.45
03-01-2020,15:16,12231.35,12231.6,12226.85,12228.3
03-01-2020,15:17,12228.15,12230.5,12227.25,12230.5
03-01-2020,15:18,12230.95,12232.2,12229.85,12230.4
03-01-2020,15:19,12229.65,12230.85,12227.65,12228.0
03-01-2020,15:20,12227.7,12230.75,12227.5,12229.15
03-01-2020,15:21,12229.45,12230.3,12225.25,12227.2
03-01-2020,15:22,12227.55,12229.9,12227.05,12228.95
03-01-2020,15:23,12228.7,12231.45,12227.25,12231.45
03-01-2020,15:24,12231.35,12232.7,12230.85,12231.6
03-01-2020,15:25,12231.6,12232.65,12229.95,12230.65
03-01-2020,15:26,12230.35,12231.4,12229.65,12230.35
03-01-2020,15:27,12230.95,12231.15,12229.5,12230.6
03-01-2020,15:28,12231.0,12231.0,12227.95,12229.65
03-01-2020,15:29,12229.0,12229.45,12222.2,12222.2
06-01-2020,09:15,12170.6,12175.45,12146.7,12146.7
06-01-2020,09:16,12145.2,12145.2,12130.7,12134.1
06-01-2020,09:17,12134.65,12139.2,12134.1,12137.75
06-01-2020,09:18,12137.75,12146.3,12137.75,12145.95
06-01-2020,09:19,12144.8,12146.2,12139.8,12140.5
06-01-2020,09:20,12140.85,12140.85,12132.2,12133.4
06-01-2020,09:21,12132.85,12133.35,12123.8,12123.8
06-01-2020,09:22,12123.35,12123.6,12118.3,12118.7
06-01-2020,09:23,12117.35,12118.3,12112.55,12114.3
06-01-2020,09:24,12112.9,12120.15,12112.55,12118.1
06-01-2020,09:25,12118.0,12124.15,12117.75,12123.05
06-01-2020,09:26,12122.5,12123.6,12117.4,12118.0
06-01-2020,09:27,12118.15,12119.3,12114.6,12115.3
06-01-2020,09:28,12114.95,12116.25,12102.95,12102.95
06-01-2020,09:29,12102.2,12102.75,12095.8,12096.9
06-01-2020,09:30,12096.8,12096.8,12074.4,12074.4
06-01-2020,09:31,12073.3,12091.9,12069.55,12091.9
06-01-2020,09:32,12092.1,12094.6,12086.75,12087.1
06-01-2020,09:33,12086.8,12091.25,12086.05,12087.75
06-01-2020,09:34,12087.8,12088.65,12084.95,12085.4
06-01-2020,09:35,12085.25,12085.3,12079.9,12080.4
06-01-2020,09:36,12079.75,12085.2,12077.75,12083.9
06-01-2020,09:37,12084.2,12089.75,12083.6,12089.75
06-01-2020,09:38,12089.05,12099.0,12089.05,12095.5
06-01-2020,09:39,12095.15,12096.6,12093.3,12094.1
06-01-2020,09:40,12093.45,12093.45,12085.55,12085.85
06-01-2020,09:41,12085.9,12088.35,12083.75,12084.3
06-01-2020,09:42,12084.15,12084.9,12077.8,12082.3
06-01-2020,09:43,12083.2,12086.05,12083.15,12083.6
06-01-2020,09:44,12083.25,12085.15,12080.15,12083.0
06-01-2020,09:45,12081.85,12081.85,12078.6,12080.2
06-01-2020,09:46,12080.1,12081.65,12078.05,12078.05
06-01-2020,09:47,12079.8,12082.3,12076.6,12082.3
06-01-2020,09:48,12080.8,12083.05,12079.85,12082.25
06-01-2020,09:49,12081.35,12081.35,12071.75,12071.75
06-01-2020,09:50,12071.8,12071.95,12063.65,12064.15
06-01-2020,09:51,12063.35,12071.05,12063.25,12070.55
06-01-2020,09:52,12071.55,12075.5,12069.7,12074.7
06-01-2020,09:53,12076.05,12081.15,12075.6,12080.55
06-01-2020,09:54,12080.2,12085.6,12080.2,12084.3
06-01-2020,09:55,12084.0,12086.45,12083.5,12085.5
06-01-2020,09:56,12084.85,12085.15,12081.8,12082.9
06-01-2020,09:57,12082.9,12087.15,12080.75,12086.1
06-01-2020,09:58,12085.25,12093.85,12085.25,12093.85
06-01-2020,09:59,12093.3,12096.35,12093.1,12096.25
06-01-2020,10:00,12094.8,12096.5,12094.1,12094.1
06-01-2020,10:01,12093.35,12093.9,12091.15,12091.25
06-01-2020,10:02,12091.05,12091.4,12085.95,12085.95
06-01-2020,10:03,12086.8,12090.0,12085.75,12089.5
06-01-2020,10:04,12089.5,12091.45,12088.5,12091.45
06-01-2020,10:05,12091.25,12091.9,12090.05,12091.2
06-01-2020,10:06,12091.1,12093.85,12090.6,12093.85
06-01-2020,10:07,12093.85,12095.2,12092.5,12094.3
06-01-2020,10:08,12094.25,12096.35,12093.85,12095.4
06-01-2020,10:09,12095.05,12096.0,12093.9,12093.95
06-01-2020,10:10,12094.05,12094.05,12089.35,12090.15
06-01-2020,10:11,12088.3,12089.45,12085.0,12089.3
06-01-2020,10:12,12089.55,12089.8,12087.1,12087.6
06-01-2020,10:13,12087.5,12088.65,12087.0,12088.1
06-01-2020,10:14,12088.0,12088.25,12086.75,12087.1
06-01-2020,10:15,12086.95,12088.0,12085.65,12086.75
06-01-2020,10:16,12086.2,12087.15,12084.85,12086.5
06-01-2020,10:17,12086.1,12086.3,12081.25,12082.95
06-01-2020,10:18,12082.95,12084.15,12080.55,12082.45
06-01-2020,10:19,12082.1,12084.4,12082.1,12082.55
06-01-2020,10:20,12082.15,12083.0,12080.95,12082.75
06-01-2020,10:21,12082.2,12083.05,12081.25,12082.5
06-01-2020,10:22,12082.45,12083.1,12080.05,12080.35
06-01-2020,10:23,12079.75,12081.55,12077.75,12081.0
06-01-2020,10:24,12080.15,12081.4,12079.25,12079.45
06-01-2020,10:25,12079.45,12080.0,12075.05,12075.05
06-01-2020,10:26,12074.55,12075.7,12073.6,12075.4
06-01-2020,10:27,12074.65,12079.75,12074.65,12079.4
06-01-2020,10:28,12079.9,12081.5,12079.25,12081.35
06-01-2020,10:29,12080.6,12082.6,12080.05,12081.5
06-01-2020,10:30,12081.75,12086.45,12081.3,12086.45
06-01-2020,10:31,12087.75,12091.85,12086.15,12091.2
06-01-2020,10:32,12091.7,12095.9,12091.3,12094.1
06-01-2020,10:33,12094.2,12098.45,12093.85,12097.7
06-01-2020,10:34,12097.9,12097.9,12094.4,12094.85
06-01-2020,10:35,12094.15,12095.35,12092.85,12092.85
06-01-2020,10:36,12092.7,12093.8,12089.65,12089.65
06-01-2020,10:37,12090.9,12092.4,12089.85,12091.45
06-01-2020,10:38,12092.25,12094.05,12090.9,12094.05
06-01-2020,10:39,12094.15,12096.45,12093.2,12095.55
06-01-2020,10:40,12095.9,12096.55,12094.5,12094.5
06-01-2020,10:41,12094.7,12095.25,12090.8,12091.5
06-01-2020,10:42,12091.6,12092.0,12089.65,12089.7
06-01-2020,10:43,12090.45,12091.85,12090.05,12091.05
06-01-2020,10:44,12091.85,12092.55,12090.5,12091.05
06-01-2020,10:45,12091.7,12091.85,12089.7,12089.7
06-01-2020,10:46,12090.3,12090.9,12083.35,12083.4
06-01-2020,10:47,12083.45,12085.0,12082.6,12083.4
06-01-2020,10:48,12083.4,12083.4,12080.3,12080.3
06-01-2020,10:49,12080.45,12080.7,12077.95,12079.25
06-01-2020,10:50,12079.55,12085.45,12079.55,12084.3
06-01-2020,10:51,12084.7,12085.85,12082.9,12082.9
06-01-2020,10:52,12083.35,12083.6,12079.2,12081.5
06-01-2020,10:53,12081.6,12083.6,12081.6,12082.95
06-01-2020,10:54,12083.15,12084.3,12080.45,12080.45
06-01-2020,10:55,12081.15,12082.65,12079.85,12081.0
06-01-2020,10:56,12081.5,12083.85,12081.15,12082.9
06-01-2020,10:57,12082.9,12083.85,12081.0,12081.0
06-01-2020,10:58,12081.35,12081.55,12079.25,12079.25
06-01-2020,10:59,12079.9,12080.1,12076.3,12079.05
06-01-2020,11:00,12078.7,12079.05,12074.55,12074.55
06-01-2020,11:01,12074.75,12075.1,12070.8,12070.8
06-01-2020,11:02,12071.25,12072.05,12069.05,12071.05
06-01-2020,11:03,12071.45,12072.85,12070.2,12072.65
06-01-2020,11:04,12072.35,12074.4,12072.35,12072.8
06-01-2020,11:05,12072.45,12073.85,12072.05,12072.9
06-01-2020,11:06,12073.15,12073.9,12071.65,12073.4
06-01-2020,11:07,12073.4,12076.5,12073.4,12075.2
06-01-2020,11:08,12075.15,12076.65,12073.65,12074.2
06-01-2020,11:09,12074.4,12075.1,12072.1,12072.1
06-01-2020,11:10,12072.8,12073.4,12070.9,12071.25
06-01-2020,11:11,12071.65,12072.55,12070.4,12072.15
06-01-2020,11:12,12072.3,12072.9,12071.4,12071.7
06-01-2020,11:13,12071.85,12073.7,12071.2,12072.55
06-01-2020,11:14,12072.55,12073.25,12070.7,12070.7
06-01-2020,11:15,12070.85,12071.45,12065.2,12066.05
06-01-2020,11:16,12066.35,12068.05,12065.95,12067.0
06-01-2020,11:17,12067.15,12070.45,12065.95,12069.45
06-01-2020,11:18,12069.6,12070.1,12068.15,12068.8
06-01-2020,11:19,12067.7,12069.4,12066.25,12066.25
06-01-2020,11:20,12066.45,12067.5,12065.9,12066.25
06-01-2020,11:21,12066.35,12066.65,12063.1,12064.2
06-01-2020,11:22,12064.65,12066.05,12063.4,12065.2
06-01-2020,11:23,12065.8,12065.85,12064.4,12065.2
06-01-2020,11:24,12065.15,12065.5,12060.95,12060.95
06-01-2020,11:25,12060.45,12060.45,12047.45,12049.5
06-01-2020,11:26,12049.25,12049.55,12047.25,12048.55
06-01-2020,11:27,12048.95,12049.4,12045.85,12047.7
06-01-2020,11:28,12048.25,12052.25,12047.65,12050.0
06-01-2020,11:29,12050.2,12050.5,12043.75,12044.05
06-01-2020,11:30,12044.7,12044.7,12040.9,12041.55
06-01-2020,11:31,12041.65,12044.25,12040.25,12043.5
06-01-2020,11:32,12043.45,12043.95,12041.25,12043.35
06-01-2020,11:33,12043.6,12046.85,12042.95,12046.5
06-01-2020,11:34,12046.35,12050.7,12046.35,12048.35
06-01-2020,11:35,12048.2,12048.9,12044.15,12044.15
06-01-2020,11:36,12044.5,12046.25,12043.8,12044.85
06-01-2020,11:37,12044.1,12046.45,12042.8,12042.8
06-01-2020,11:38,12042.9,12044.4,12042.45,12043.4
06-01-2020,11:39,12043.45,12043.45,12040.35,12042.0
06-01-2020,11:40,12041.9,12042.85,12040.7,12041.55
06-01-2020,11:41,12041.15,12043.7,12039.85,12039.85
06-01-2020,11:42,12039.9,12040.05,12034.7,12034.7
06-01-2020,11:43,12034.75,12034.75,12031.2,12033.6
06-01-2020,11:44,12033.0,12035.0,12032.45,12032.65
06-01-2020,11:45,12032.95,12033.55,12028.7,12029.05
06-01-2020,11:46,12029.05,12033.85,12029.05,12032.5
06-01-2020,11:47,12032.9,12034.45,12030.1,12030.5
06-01-2020,11:48,12030.95,12032.65,12030.35,12031.1
06-01-2020,11:49,12031.8,12032.7,12029.6,12029.6
06-01-2020,11:50,12029.75,12029.95,12028.25,12028.5
06-01-2020,11:51,12028.65,12029.4,12027.5,12027.65
06-01-2020,11:52,12027.65,12030.9,12027.1,12030.25
06-01-2020,11:53,12030.0,12035.9,12030.0,12035.25
06-01-2020,11:54,12035.15,12035.35,12031.25,12031.25
06-01-2020,11:55,12031.0,12033.8,12031.0,12031.45
06-01-2020,11:56,12032.15,12033.1,12030.95,12031.55
06-01-2020,11:57,12032.0,12034.2,12031.25,12032.9
06-01-2020,11:58,12033.7,12034.0,12032.3,12032.8
06-01-2020,11:59,12033.65,12034.45,12031.5,12033.8
06-01-2020,12:00,12033.65,12035.7,12033.55,12034.05
06-01-2020,12:01,12034.05,12034.85,12032.65,12034.85
06-01-2020,12:02,12033.9,12035.9,12032.85,12032.85
06-01-2020,12:03,12032.85,12032.95,12030.05,12030.15
06-01-2020,12:04,12029.85,12030.35,12023.6,12023.75
06-01-2020,12:05,12023.55,12024.1,12021.7,12022.2
06-01-2020,12:06,12021.25,12022.8,12020.0,12020.0
06-01-2020,12:07,12019.75,12021.6,12019.15,12020.45
06-01-2020,12:08,12021.35,12025.3,12021.3,12023.0
06-01-2020,12:09,12023.15,12023.3,12019.55,12019.55
06-01-2020,12:10,12019.8,12019.8,12015.95,12016.5
06-01-2020,12:11,12016.85,12017.7,12015.1,12015.1
06-01-2020,12:12,12017.1,12021.35,12015.75,12020.2
06-01-2020,12:13,12022.35,12023.25,12019.8,12020.55
06-01-2020,12:14,12020.85,12023.65,12020.5,12022.1
06-01-2020,12:15,12022.7,12024.35,12022.25,12023.05
06-01-2020,12:16,12023.4,12026.5,12023.3,12025.6
06-01-2020,12:17,12026.25,12027.95,12025.25,12027.15
06-01-2020,12:18,12027.8,12030.4,12026.7,12029.3
06-01-2020,12:19,12030.5,12030.9,12029.2,12029.85
06-01-2020,12:20,12030.8,12032.45,12029.4,12030.25
06-01-2020,12:21,12031.4,12032.55,12029.65,12029.65
06-01-2020,12:22,12030.85,12032.15,12029.65,12030.15
06-01-2020,12:23,12030.85,12033.8,12030.75,12032.6
06-01-2020,12:24,12033.3,12037.05,12033.3,12036.1
06-01-2020,12:25,12036.35,12037.55,12035.85,12036.85
06-01-2020,12:26,12036.6,12037.8,12035.15,12035.15
06-01-2020,12:27,12036.1,12036.55,12034.3,12034.3
06-01-2020,12:28,12033.75,12035.35,12032.6,12032.6
06-01-2020,12:29,12032.8,12033.45,12030.95,12030.95
06-01-2020,12:30,12032.2,12033.55,12030.65,12032.3
06-01-2020,12:31,12032.8,12034.05,12032.15,12033.5
06-01-2020,12:32,12033.35,12033.35,12029.5,12030.1
06-01-2020,12:33,12029.65,12031.6,12029.5,12031.35
06-01-2020,12:34,12031.45,12033.35,12030.55,12032.65
06-01-2020,12:35,12032.75,12033.95,12031.4,12032.0
06-01-2020,12:36,12033.55,12035.55,12032.3,12034.25
06-01-2020,12:37,12034.75,12036.5,12034.05,12034.65
06-01-2020,12:38,12034.8,12035.7,12032.7,12032.7
06-01-2020,12:39,12033.8,12033.8,12029.1,12029.8
06-01-2020,12:40,12030.25,12030.4,12026.3,12026.3
06-01-2020,12:41,12025.95,12027.5,12025.7,12026.85
06-01-2020,12:42,12027.3,12027.3,12025.4,12025.55
06-01-2020,12:43,12026.15,12026.8,12021.45,12024.15
06-01-2020,12:44,12023.65,12025.7,12022.95,12023.15
06-01-2020,12:45,12024.25,12024.4,12020.7,12022.15
06-01-2020,12:46,12022.0,12023.45,12021.15,12022.25
06-01-2020,12:47,12022.0,12024.05,12021.95,12021.95
06-01-2020,12:48,12023.3,12023.45,12018.4,12019.6
06-01-2020,12:49,12019.25,12020.1,12014.75,12014.75
06-01-2020,12:50,12016.2,12016.2,12009.75,12009.9
06-01-2020,12:51,12011.05,12012.3,12009.3,12010.45
06-01-2020,12:52,12010.35,12014.75,12010.35,12014.75
06-01-2020,12:53,12015.1,12015.3,12013.0,12013.3
06-01-2020,12:54,12014.5,12014.85,12011.75,12011.95
06-01-2020,12:55,12012.4,12012.45,12010.5,12011.1
06-01-2020,12:56,12011.1,12011.85,12008.4,12011.25
06-01-2020,12:57,12011.3,12015.9,12011.3,12014.6
06-01-2020,12:58,12013.65,12014.55,12012.2,12013.55
06-01-2020,12:59,12013.65,12014.95,12012.35,12012.4
06-01-2020,13:00,12012.2,12023.45,12012.2,12022.65
06-01-2020,13:01,12022.5,12022.5,12017.9,12018.45
06-01-2020,13:02,12018.9,12019.6,12018.2,12018.6
06-01-2020,13:03,12019.35,12019.65,12018.0,12018.0
06-01-2020,13:04,12018.5,12018.65,12015.35,12015.8
06-01-2020,13:05,12016.3,12016.65,12014.55,12014.75
06-01-2020,13:06,12014.55,12016.8,12014.4,12016.6
06-01-2020,13:07,12016.75,12022.6,12016.75,12021.85
06-01-2020,13:08,12022.8,12023.75,12020.85,12023.3
06-01-2020,13:09,12023.55,12028.25,12023.45,12024.1
06-01-2020,13:10,12023.3,12025.3,12022.85,12023.9
06-01-2020,13:11,12024.65,12024.65,12022.2,12022.2
06-01-2020,13:12,12021.6,12022.15,12017.45,12017.75
06-01-2020,13:13,12018.6,12020.55,12017.6,12020.55
06-01-2020,13:14,12020.1,12020.85,12019.3,12019.8
06-01-2020,13:15,12019.35,12021.05,12018.9,12019.5
06-01-2020,13:16,12020.45,12020.45,12018.35,12018.8
06-01-2020,13:17,12018.65,12019.1,12015.95,12016.25
06-01-2020,13:18,12016.85,12016.85,12012.85,12012.85
06-01-2020,13:19,12012.7,12013.3,12010.35,12013.1
06-01-2020,13:20,12013.4,12013.85,12010.8,12010.9
06-01-2020,13:21,12011.15,12013.1,12010.75,12012.1
06-01-2020,13:22,12013.0,12013.55,12012.0,12012.5
06-01-2020,13:23,12012.7,12014.6,12012.15,12014.3
06-01-2020,13:24,12014.5,12014.7,12013.4,12014.4
06-01-2020,13:25,12013.5,12014.85,12013.5,12014.3
06-01-2020,13:26,12014.55,12018.2,12013.8,12017.75
06-01-2020,13:27,12017.9,12018.15,12016.85,12017.0
06-01-2020,13:28,12016.55,12017.2,12014.8,12016.8
06-01-2020,13:29,12016.8,12017.2,12016.05,12016.05
06-01-2020,13:30,12016.6,12016.6,12013.5,12014.35
06-01-2020,13:31,12014.6,12017.45,12013.9,12017.45
06-01-2020,13:32,12017.35,12017.85,12014.0,12015.4
06-01-2020,13:33,12015.45,12016.65,12014.9,12016.1
06-01-2020,13:34,12016.35,12018.15,12015.7,12016.4
06-01-2020,13:35,12016.6,12018.0,12015.75,12016.9
06-01-2020,13:36,12016.65,12017.1,12015.0,12015.15
06-01-2020,13:37,12015.15,12016.55,12013.6,12016.55
06-01-2020,13:38,12017.5,12017.7,12015.9,12017.25
06-01-2020,13:39,12016.9,12019.85,12016.6,12019.15
06-01-2020,13:40,12018.95,12023.7,12018.95,12022.6
06-01-2020,13:41,12022.8,12025.05,12022.5,12024.75
06-01-2020,13:42,12025.15,12025.45,12021.95,12023.2
06-01-2020,13:43,12023.35,12024.3,12021.95,12023.8
06-01-2020,13:44,12024.0,12024.05,12019.45,12019.65
06-01-2020,13:45,12019.1,12023.45,12018.8,12021.25
06-01-2020,13:46,12021.8,12022.15,12020.2,12021.5
06-01-2020,13:47,12021.3,12022.1,12020.4,12020.4
