Datetime,close,volume,oi,COI,COP,Bulidup Conclusion Fut,LB,SB,LC,SC,Net LB,Net SB,Cumulative LB,Cumulative SB
25-10: 09:30,19429.0,203650,4329750,104500,32.0,LB,104500.0,0.0,0.0,0.0,104500.0,0.0,104500,0
25-10: 09:45,19437.75,136500,4392400,62650,8.75,LB,62650.0,0.0,0.0,0.0,62650.0,0.0,167150,0
25-10: 10:00,19408.6,192650,4490900,98500,-29.150000000001455,SB,0.0,98500.0,0.0,0.0,0.0,98500.0,167150,98500
25-10: 10:15,19395.3,116500,4552850,61950,-13.299999999999272,SB,0.0,61950.0,0.0,0.0,0.0,61950.0,167150,160450
25-10: 10:30,19394.95,684650,5198550,645700,-0.3499999999985448,SB,0.0,645700.0,0.0,0.0,0.0,645700.0,167150,806150
25-10: 10:45,19372.65,184600,5301500,102950,-22.299999999999272,SB,0.0,102950.0,0.0,0.0,0.0,102950.0,167150,909100
25-10: 11:00,19368.25,167350,5360600,59100,-4.400000000001455,SB,0.0,59100.0,0.0,0.0,0.0,59100.0,167150,968200
25-10: 11:15,19351.45,213300,5484800,124200,-16.799999999999272,SB,0.0,124200.0,0.0,0.0,0.0,124200.0,167150,1092400
25-10: 11:30,19306.0,280800,5626150,141350,-45.45000000000073,SB,0.0,141350.0,0.0,0.0,0.0,141350.0,167150,1233750
25-10: 11:45,19347.3,234900,5754300,128150,41.29999999999927,LB,128150.0,0.0,0.0,0.0,128150.0,0.0,295300,1233750
25-10: 12:00,19327.0,145150,5826650,72350,-20.299999999999272,SB,0.0,72350.0,0.0,0.0,0.0,72350.0,295300,1306100
25-10: 12:15,19300.15,134000,5926200,99550,-26.849999999998545,SB,0.0,99550.0,0.0,0.0,0.0,99550.0,295300,1405650
25-10: 12:30,19242.7,237550,6014900,88700,-57.45000000000073,SB,0.0,88700.0,0.0,0.0,0.0,88700.0,295300,1494350
25-10: 12:45,19183.0,350600,6122500,107600,-59.70000000000073,SB,0.0,107600.0,0.0,0.0,0.0,107600.0,295300,1601950
25-10: 13:00,19173.5,419650,6323300,200800,-9.5,SB,0.0,200800.0,0.0,0.0,0.0,200800.0,295300,1802750
25-10: 13:15,19234.25,294000,6454150,130850,60.75,LB,130850.0,0.0,0.0,0.0,130850.0,0.0,426150,1802750
25-10: 13:30,19210.0,275400,6643700,189550,-24.25,SB,0.0,189550.0,0.0,0.0,0.0,189550.0,426150,1992300
25-10: 13:45,19247.7,225050,6789100,145400,37.70000000000073,LB,145400.0,0.0,0.0,0.0,145400.0,0.0,571550,1992300
25-10: 14:00,19273.95,204650,6915200,126100,26.25,LB,126100.0,0.0,0.0,0.0,126100.0,0.0,697650,1992300
25-10: 14:15,19238.4,187050,6976950,61750,-35.54999999999927,SB,0.0,61750.0,0.0,0.0,0.0,61750.0,697650,2054050
25-10: 14:30,19229.9,227850,7083400,106450,-8.5,SB,0.0,106450.0,0.0,0.0,0.0,106450.0,697650,2160500
25-10: 14:45,19243.05,208050,7181800,98400,13.149999999997817,LB,98400.0,0.0,0.0,0.0,98400.0,0.0,796050,2160500
25-10: 15:00,19229.7,270050,7252850,71050,-13.349999999998545,SB,0.0,71050.0,0.0,0.0,0.0,71050.0,796050,2231550
25-10: 15:15,19227.9,380750,7419400,166550,-1.7999999999992724,SB,0.0,166550.0,0.0,0.0,0.0,166550.0,796050,2398100
26-10: 09:15,19055.25,959150,7515750,96350,-172.65000000000146,SB,0.0,96350.0,0.0,0.0,0.0,96350.0,796050,2494450
26-10: 09:30,19030.8,775600,7883200,367450,-24.450000000000728,SB,0.0,367450.0,0.0,0.0,0.0,367450.0,796050,2861900
26-10: 09:45,19031.5,449350,7965250,82050,0.7000000000007276,LB,82050.0,0.0,0.0,0.0,82050.0,0.0,878100,2861900
26-10: 10:00,19009.55,451000,8137800,172550,-21.950000000000728,SB,0.0,172550.0,0.0,0.0,0.0,172550.0,878100,3034450
26-10: 10:15,18995.0,421600,8289400,151600,-14.549999999999272,SB,0.0,151600.0,0.0,0.0,0.0,151600.0,878100,3186050
26-10: 10:30,19015.0,308200,8400000,110600,20.0,LB,110600.0,0.0,0.0,0.0,110600.0,0.0,988700,3186050
26-10: 10:45,18983.75,344650,8372000,-28000,-31.25,LC,0.0,0.0,-28000.0,0.0,-28000.0,0.0,960700,3186050
26-10: 11:00,18971.9,358600,8447700,75700,-11.849999999998545,SB,0.0,75700.0,0.0,0.0,0.0,75700.0,960700,3261750
26-10: 11:15,18964.5,406500,8514850,67150,-7.400000000001455,SB,0.0,67150.0,0.0,0.0,0.0,67150.0,960700,3328900
26-10: 11:30,18990.55,282650,8649900,135050,26.049999999999272,LB,135050.0,0.0,0.0,0.0,135050.0,0.0,1095750,3328900
26-10: 11:45,18987.0,309850,8670850,20950,-3.5499999999992724,SB,0.0,20950.0,0.0,0.0,0.0,20950.0,1095750,3349850
26-10: 12:00,18974.75,235600,8742550,71700,-12.25,SB,0.0,71700.0,0.0,0.0,0.0,71700.0,1095750,3421550
26-10: 12:15,18982.0,238300,8882200,139650,7.25,LB,139650.0,0.0,0.0,0.0,139650.0,0.0,1235400,3421550
26-10: 12:30,18977.85,210950,9013600,131400,-4.150000000001455,SB,0.0,131400.0,0.0,0.0,0.0,131400.0,1235400,3552950
26-10: 12:45,18983.85,268900,9156050,142450,6.0,LB,142450.0,0.0,0.0,0.0,142450.0,0.0,1377850,3552950
26-10: 13:00,19000.65,395250,9262150,106100,16.80000000000291,LB,106100.0,0.0,0.0,0.0,106100.0,0.0,1483950,3552950
26-10: 13:15,18962.35,385000,9404100,141950,-38.30000000000291,SB,0.0,141950.0,0.0,0.0,0.0,141950.0,1483950,3694900
26-10: 13:30,18963.45,315200,9568900,164800,1.1000000000021828,LB,164800.0,0.0,0.0,0.0,164800.0,0.0,1648750,3694900
26-10: 13:45,18955.55,249650,9707850,138950,-7.900000000001455,SB,0.0,138950.0,0.0,0.0,0.0,138950.0,1648750,3833850
26-10: 14:00,18972.0,227150,9797650,89800,16.450000000000728,LB,89800.0,0.0,0.0,0.0,89800.0,0.0,1738550,3833850
26-10: 14:15,18962.0,298400,9926700,129050,-10.0,SB,0.0,129050.0,0.0,0.0,0.0,129050.0,1738550,3962900
26-10: 14:30,18965.45,290450,10079500,152800,3.4500000000007276,LB,152800.0,0.0,0.0,0.0,152800.0,0.0,1891350,3962900
26-10: 14:45,18978.55,505700,10289550,210050,13.099999999998545,LB,210050.0,0.0,0.0,0.0,210050.0,0.0,2101400,3962900
26-10: 15:00,18968.5,783950,10772250,482700,-10.049999999999272,SB,0.0,482700.0,0.0,0.0,0.0,482700.0,2101400,4445600
26-10: 15:15,18965.9,912550,11256100,483850,-2.599999999998545,SB,0.0,483850.0,0.0,0.0,0.0,483850.0,2101400,4929450
27-10: 09:15,19047.0,940400,10839850,-416250,81.09999999999854,SC,0.0,0.0,0.0,-416250.0,0.0,-416250.0,2101400,4513200
27-10: 09:30,19066.4,453700,10783800,-56050,19.400000000001455,SC,0.0,0.0,0.0,-56050.0,0.0,-56050.0,2101400,4457150
27-10: 09:45,19084.9,476700,10798100,14300,18.5,LB,14300.0,0.0,0.0,0.0,14300.0,0.0,2115700,4457150
27-10: 10:00,19075.35,333600,10813950,15850,-9.55000000000291,SB,0.0,15850.0,0.0,0.0,0.0,15850.0,2115700,4473000
27-10: 10:15,19075.0,313650,10848600,34650,-0.3499999999985448,SB,0.0,34650.0,0.0,0.0,0.0,34650.0,2115700,4507650
27-10: 10:30,19085.0,138500,10899200,50600,10.0,LB,50600.0,0.0,0.0,0.0,50600.0,0.0,2166300,4507650
27-10: 10:45,19095.0,118450,10909800,10600,10.0,LB,10600.0,0.0,0.0,0.0,10600.0,0.0,2176900,4507650
27-10: 11:00,19099.0,161750,10941650,31850,4.0,LB,31850.0,0.0,0.0,0.0,31850.0,0.0,2208750,4507650
27-10: 11:15,19123.0,276550,10958550,16900,24.0,LB,16900.0,0.0,0.0,0.0,16900.0,0.0,2225650,4507650
27-10: 11:30,19112.0,301650,10990700,32150,-11.0,SB,0.0,32150.0,0.0,0.0,0.0,32150.0,2225650,4539800
27-10: 11:45,19134.9,160300,11011750,21050,22.900000000001455,LB,21050.0,0.0,0.0,0.0,21050.0,0.0,2246700,4539800
27-10: 12:00,19131.2,133050,11024550,12800,-3.7000000000007276,SB,0.0,12800.0,0.0,0.0,0.0,12800.0,2246700,4552600
27-10: 12:15,19111.0,144850,11043300,18750,-20.200000000000728,SB,0.0,18750.0,0.0,0.0,0.0,18750.0,2246700,4571350
27-10: 12:30,19115.8,170450,11046250,2950,4.799999999999272,LB,2950.0,0.0,0.0,0.0,2950.0,0.0,2249650,4571350
27-10: 12:45,19102.8,71250,11042550,-3700,-13.0,LC,0.0,0.0,-3700.0,0.0,-3700.0,0.0,2245950,4571350
27-10: 13:00,19113.6,64600,11042600,50,10.799999999999272,LB,50.0,0.0,0.0,0.0,50.0,0.0,2246000,4571350
27-10: 13:15,19122.6,107300,11062800,20200,9.0,LB,20200.0,0.0,0.0,0.0,20200.0,0.0,2266200,4571350
27-10: 13:30,19135.0,91800,11076900,14100,12.400000000001455,LB,14100.0,0.0,0.0,0.0,14100.0,0.0,2280300,4571350
27-10: 13:45,19152.9,265950,11103950,27050,17.900000000001455,LB,27050.0,0.0,0.0,0.0,27050.0,0.0,2307350,4571350
27-10: 14:00,19141.4,130550,11121800,17850,-11.5,SB,0.0,17850.0,0.0,0.0,0.0,17850.0,2307350,4589200
27-10: 14:15,19148.0,67950,11126650,4850,6.599999999998545,LB,4850.0,0.0,0.0,0.0,4850.0,0.0,2312200,4589200
27-10: 14:30,19146.55,192050,11126250,-400,-1.4500000000007276,LC,0.0,0.0,-400.0,0.0,-400.0,0.0,2311800,4589200
27-10: 14:45,19144.0,204100,11130050,3800,-2.5499999999992724,SB,0.0,3800.0,0.0,0.0,0.0,3800.0,2311800,4593000
27-10: 15:00,19126.05,333750,11023800,-106250,-17.950000000000728,LC,0.0,0.0,-106250.0,0.0,-106250.0,0.0,2205550,4593000
27-10: 15:15,19145.0,369600,10972450,-51350,18.950000000000728,SC,0.0,0.0,0.0,-51350.0,0.0,-51350.0,2205550,4541650
30-10: 09:15,19079.0,830050,10920350,-52100,-66.0,LC,0.0,0.0,-52100.0,0.0,-52100.0,0.0,2153450,4541650
30-10: 09:30,19023.9,671800,11048350,128000,-55.099999999998545,SB,0.0,128000.0,0.0,0.0,0.0,128000.0,2153450,4669650
30-10: 09:45,19033.1,233950,10985950,-62400,9.19999999999709,SC,0.0,0.0,0.0,-62400.0,0.0,-62400.0,2153450,4607250
30-10: 10:00,19089.5,273650,11002500,16550,56.400000000001455,LB,16550.0,0.0,0.0,0.0,16550.0,0.0,2170000,4607250
30-10: 10:15,19135.0,427450,10971000,-31500,45.5,SC,0.0,0.0,0.0,-31500.0,0.0,-31500.0,2170000,4575750
30-10: 10:30,19140.85,240150,11000400,29400,5.849999999998545,LB,29400.0,0.0,0.0,0.0,29400.0,0.0,2199400,4575750
30-10: 10:45,19166.85,464150,10960000,-40400,26.0,SC,0.0,0.0,0.0,-40400.0,0.0,-40400.0,2199400,4535350
30-10: 11:00,19153.25,135800,10959900,-100,-13.599999999998545,LC,0.0,0.0,-100.0,0.0,-100.0,0.0,2199300,4535350
30-10: 11:15,19182.95,160750,10946600,-13300,29.700000000000728,SC,0.0,0.0,0.0,-13300.0,0.0,-13300.0,2199300,4522050
30-10: 11:30,19195.55,289900,10924150,-22450,12.599999999998545,SC,0.0,0.0,0.0,-22450.0,0.0,-22450.0,2199300,4499600
30-10: 11:45,19199.0,178550,10944950,20800,3.4500000000007276,LB,20800.0,0.0,0.0,0.0,20800.0,0.0,2220100,4499600
30-10: 12:00,19186.55,228950,11023150,78200,-12.450000000000728,SB,0.0,78200.0,0.0,0.0,0.0,78200.0,2220100,4577800
30-10: 12:15,19186.45,231700,11056450,33300,-0.09999999999854481,SB,0.0,33300.0,0.0,0.0,0.0,33300.0,2220100,4611100
30-10: 12:30,19197.0,81700,11069400,12950,10.549999999999272,LB,12950.0,0.0,0.0,0.0,12950.0,0.0,2233050,4611100
30-10: 12:45,19202.5,98900,11087650,18250,5.5,LB,18250.0,0.0,0.0,0.0,18250.0,0.0,2251300,4611100
30-10: 13:00,19204.05,66600,11097650,10000,1.5499999999992724,LB,10000.0,0.0,0.0,0.0,10000.0,0.0,2261300,4611100
30-10: 13:15,19204.5,111600,11115000,17350,0.4500000000007276,LB,17350.0,0.0,0.0,0.0,17350.0,0.0,2278650,4611100
30-10: 13:30,19208.55,141150,11123350,8350,4.049999999999272,LB,8350.0,0.0,0.0,0.0,8350.0,0.0,2287000,4611100
30-10: 13:45,19203.0,151100,11167850,44500,-5.549999999999272,SB,0.0,44500.0,0.0,0.0,0.0,44500.0,2287000,4655600
30-10: 14:00,19200.85,292400,11321900,154050,-2.150000000001455,SB,0.0,154050.0,0.0,0.0,0.0,154050.0,2287000,4809650
30-10: 14:15,19189.05,173000,11385000,63100,-11.799999999999272,SB,0.0,63100.0,0.0,0.0,0.0,63100.0,2287000,4872750
30-10: 14:30,19209.6,112200,11418500,33500,20.549999999999272,LB,33500.0,0.0,0.0,0.0,33500.0,0.0,2320500,4872750
30-10: 14:45,19208.75,125450,11453100,34600,-0.8499999999985448,SB,0.0,34600.0,0.0,0.0,0.0,34600.0,2320500,4907350
30-10: 15:00,19221.35,235450,11434250,-18850,12.599999999998545,SC,0.0,0.0,0.0,-18850.0,0.0,-18850.0,2320500,4888500
30-10: 15:15,19234.0,305650,11404550,-29700,12.650000000001455,SC,0.0,0.0,0.0,-29700.0,0.0,-29700.0,2320500,4858800
31-10: 09:15,19214.0,827250,11071350,-333200,-20.0,LC,0.0,0.0,-333200.0,0.0,-333200.0,0.0,1987300,4858800
31-10: 09:30,19220.8,520000,11233850,162500,6.799999999999272,LB,162500.0,0.0,0.0,0.0,162500.0,0.0,2149800,4858800
31-10: 09:45,19184.0,289600,11181600,-52250,-36.79999999999927,LC,0.0,0.0,-52250.0,0.0,-52250.0,0.0,2097550,4858800
31-10: 10:00,19156.65,333400,11217200,35600,-27.349999999998545,SB,0.0,35600.0,0.0,0.0,0.0,35600.0,2097550,4894400
31-10: 10:15,19157.1,240900,11285900,68700,0.4499999999970896,LB,68700.0,0.0,0.0,0.0,68700.0,0.0,2166250,4894400
31-10: 10:30,19129.95,215750,11297450,11550,-27.149999999997817,SB,0.0,11550.0,0.0,0.0,0.0,11550.0,2166250,4905950
31-10: 10:45,19154.8,235200,11337850,40400,24.849999999998545,LB,40400.0,0.0,0.0,0.0,40400.0,0.0,2206650,4905950
31-10: 11:00,19156.0,196800,11358600,20750,1.2000000000007276,LB,20750.0,0.0,0.0,0.0,20750.0,0.0,2227400,4905950
31-10: 11:15,19170.75,133900,11361700,3100,14.75,LB,3100.0,0.0,0.0,0.0,3100.0,0.0,2230500,4905950
31-10: 11:30,19147.45,111800,11376250,14550,-23.299999999999272,SB,0.0,14550.0,0.0,0.0,0.0,14550.0,2230500,4920500
31-10: 11:45,19136.5,194850,11400550,24300,-10.950000000000728,SB,0.0,24300.0,0.0,0.0,0.0,24300.0,2230500,4944800
31-10: 12:00,19133.25,101650,11435400,34850,-3.25,SB,0.0,34850.0,0.0,0.0,0.0,34850.0,2230500,4979650
31-10: 12:15,19136.55,114450,11451600,16200,3.2999999999992724,LB,16200.0,0.0,0.0,0.0,16200.0,0.0,2246700,4979650
31-10: 12:30,19154.75,106300,11465000,13400,18.200000000000728,LB,13400.0,0.0,0.0,0.0,13400.0,0.0,2260100,4979650
31-10: 12:45,19151.75,63700,11479400,14400,-3.0,SB,0.0,14400.0,0.0,0.0,0.0,14400.0,2260100,4994050
31-10: 13:00,19160.95,90850,11477750,-1650,9.200000000000728,SC,0.0,0.0,0.0,-1650.0,0.0,-1650.0,2260100,4992400
31-10: 13:15,19171.9,138700,11484350,6600,10.950000000000728,LB,6600.0,0.0,0.0,0.0,6600.0,0.0,2266700,4992400
31-10: 13:30,19159.0,239100,11517000,32650,-12.900000000001455,SB,0.0,32650.0,0.0,0.0,0.0,32650.0,2266700,5025050
31-10: 13:45,19158.3,68000,11520950,3950,-0.7000000000007276,SB,0.0,3950.0,0.0,0.0,0.0,3950.0,2266700,5029000
31-10: 14:00,19174.2,88450,11510200,-10750,15.900000000001455,SC,0.0,0.0,0.0,-10750.0,0.0,-10750.0,2266700,5018250
31-10: 14:15,19212.3,316900,11443300,-66900,38.099999999998545,SC,0.0,0.0,0.0,-66900.0,0.0,-66900.0,2266700,4951350
31-10: 14:30,19209.75,316200,11477550,34250,-2.5499999999992724,SB,0.0,34250.0,0.0,0.0,0.0,34250.0,2266700,4985600
31-10: 14:45,19187.1,218400,11505700,28150,-22.650000000001455,SB,0.0,28150.0,0.0,0.0,0.0,28150.0,2266700,5013750
31-10: 15:00,19164.2,559300,11534100,28400,-22.899999999997817,SB,0.0,28400.0,0.0,0.0,0.0,28400.0,2266700,5042150
31-10: 15:15,19165.0,470000,11412100,-122000,0.7999999999992724,SC,0.0,0.0,0.0,-122000.0,0.0,-122000.0,2266700,4920150
01-11: 09:15,19145.0,568050,11077800,-334300,-20.0,LC,0.0,0.0,-334300.0,0.0,-334300.0,0.0,1932400,4920150
01-11: 09:30,19155.0,273400,11159350,81550,10.0,LB,81550.0,0.0,0.0,0.0,81550.0,0.0,2013950,4920150
01-11: 09:45,19112.0,343700,11203600,44250,-43.0,SB,0.0,44250.0,0.0,0.0,0.0,44250.0,2013950,4964400
01-11: 10:00,19117.6,387050,11319450,115850,5.599999999998545,LB,115850.0,0.0,0.0,0.0,115850.0,0.0,2129800,4964400
01-11: 10:15,19127.0,147300,11333050,13600,9.400000000001455,LB,13600.0,0.0,0.0,0.0,13600.0,0.0,2143400,4964400
01-11: 10:30,19126.2,119900,11375200,42150,-0.7999999999992724,SB,0.0,42150.0,0.0,0.0,0.0,42150.0,2143400,5006550
01-11: 10:45,19131.05,136500,11377700,2500,4.849999999998545,LB,2500.0,0.0,0.0,0.0,2500.0,0.0,2145900,5006550
01-11: 11:00,19118.55,61400,11385800,8100,-12.5,SB,0.0,8100.0,0.0,0.0,0.0,8100.0,2145900,5014650
01-11: 11:15,19116.0,51400,11396850,11050,-2.5499999999992724,SB,0.0,11050.0,0.0,0.0,0.0,11050.0,2145900,5025700
01-11: 11:30,19122.85,80850,11411500,14650,6.849999999998545,LB,14650.0,0.0,0.0,0.0,14650.0,0.0,2160550,5025700
01-11: 11:45,19124.3,108250,11415800,4300,1.4500000000007276,LB,4300.0,0.0,0.0,0.0,4300.0,0.0,2164850,5025700
01-11: 12:00,19130.9,39000,11411250,-4550,6.600000000002183,SC,0.0,0.0,0.0,-4550.0,0.0,-4550.0,2164850,5021150
01-11: 12:15,19136.85,97100,11401650,-9600,5.94999999999709,SC,0.0,0.0,0.0,-9600.0,0.0,-9600.0,2164850,5011550
01-11: 12:30,19110.0,142500,11400550,-1100,-26.849999999998545,LC,0.0,0.0,-1100.0,0.0,-1100.0,0.0,2163750,5011550
01-11: 12:45,19108.9,81050,11414950,14400,-1.0999999999985448,SB,0.0,14400.0,0.0,0.0,0.0,14400.0,2163750,5025950
01-11: 13:00,19070.0,364250,11439300,24350,-38.900000000001455,SB,0.0,24350.0,0.0,0.0,0.0,24350.0,2163750,5050300
01-11: 13:15,19078.0,282800,11500350,61050,8.0,LB,61050.0,0.0,0.0,0.0,61050.0,0.0,2224800,5050300
01-11: 13:30,19104.8,150650,11522000,21650,26.799999999999272,LB,21650.0,0.0,0.0,0.0,21650.0,0.0,2246450,5050300
01-11: 13:45,19081.3,216400,11534000,12000,-23.5,SB,0.0,12000.0,0.0,0.0,0.0,12000.0,2246450,5062300
01-11: 14:00,19082.0,160750,11566250,32250,0.7000000000007276,LB,32250.0,0.0,0.0,0.0,32250.0,0.0,2278700,5062300
01-11: 14:15,19078.35,70850,11570500,4250,-3.650000000001455,SB,0.0,4250.0,0.0,0.0,0.0,4250.0,2278700,5066550
01-11: 14:30,19070.75,157350,11562350,-8150,-7.599999999998545,LC,0.0,0.0,-8150.0,0.0,-8150.0,0.0,2270550,5066550
01-11: 14:45,19079.25,123900,11556400,-5950,8.5,SC,0.0,0.0,0.0,-5950.0,0.0,-5950.0,2270550,5060600
01-11: 15:00,19061.7,334550,11550200,-6200,-17.549999999999272,LC,0.0,0.0,-6200.0,0.0,-6200.0,0.0,2264350,5060600
01-11: 15:15,19054.0,491100,11537450,-12750,-7.700000000000728,LC,0.0,0.0,-12750.0,0.0,-12750.0,0.0,2251600,5060600
02-11: 09:15,19229.7,1314500,11407650,-129800,175.70000000000073,SC,0.0,0.0,0.0,-129800.0,0.0,-129800.0,2251600,4930800
02-11: 09:30,19232.35,479500,11467600,59950,2.649999999997817,LB,59950.0,0.0,0.0,0.0,59950.0,0.0,2311550,4930800
02-11: 09:45,19210.8,250750,11501900,34300,-21.549999999999272,SB,0.0,34300.0,0.0,0.0,0.0,34300.0,2311550,4965100
02-11: 10:00,19195.9,305000,11550500,48600,-14.899999999997817,SB,0.0,48600.0,0.0,0.0,0.0,48600.0,2311550,5013700
02-11: 10:15,19194.0,273700,11589450,38950,-1.9000000000014552,SB,0.0,38950.0,0.0,0.0,0.0,38950.0,2311550,5052650
02-11: 10:30,19192.5,141950,11580250,-9200,-1.5,LC,0.0,0.0,-9200.0,0.0,-9200.0,0.0,2302350,5052650
02-11: 10:45,19183.0,160600,11580100,-150,-9.5,LC,0.0,0.0,-150.0,0.0,-150.0,0.0,2302200,5052650
02-11: 11:00,19196.15,207850,11572250,-7850,13.150000000001455,SC,0.0,0.0,0.0,-7850.0,0.0,-7850.0,2302200,5044800
02-11: 11:15,19181.0,123450,11594500,22250,-15.150000000001455,SB,0.0,22250.0,0.0,0.0,0.0,22250.0,2302200,5067050
02-11: 11:30,19156.2,250550,11589800,-4700,-24.799999999999272,LC,0.0,0.0,-4700.0,0.0,-4700.0,0.0,2297500,5067050
02-11: 11:45,19151.0,342650,11618200,28400,-5.200000000000728,SB,0.0,28400.0,0.0,0.0,0.0,28400.0,2297500,5095450
02-11: 12:00,19160.7,318600,11595550,-22650,9.700000000000728,SC,0.0,0.0,0.0,-22650.0,0.0,-22650.0,2297500,5072800
02-11: 12:15,19171.6,229600,11565150,-30400,10.899999999997817,SC,0.0,0.0,0.0,-30400.0,0.0,-30400.0,2297500,5042400
02-11: 12:30,19179.0,163900,11535600,-29550,7.400000000001455,SC,0.0,0.0,0.0,-29550.0,0.0,-29550.0,2297500,5012850
02-11: 12:45,19183.95,102650,11524350,-11250,4.950000000000728,SC,0.0,0.0,0.0,-11250.0,0.0,-11250.0,2297500,5001600
02-11: 13:00,19194.0,141300,11549950,25600,10.049999999999272,LB,25600.0,0.0,0.0,0.0,25600.0,0.0,2323100,5001600
02-11: 13:15,19178.15,134700,11525450,-24500,-15.849999999998545,LC,0.0,0.0,-24500.0,0.0,-24500.0,0.0,2298600,5001600
02-11: 13:30,19192.0,99700,11528750,3300,13.849999999998545,LB,3300.0,0.0,0.0,0.0,3300.0,0.0,2301900,5001600
02-11: 13:45,19223.0,401300,11472650,-56100,31.0,SC,0.0,0.0,0.0,-56100.0,0.0,-56100.0,2301900,4945500
02-11: 14:00,19216.35,238400,11475550,2900,-6.650000000001455,SB,0.0,2900.0,0.0,0.0,0.0,2900.0,2301900,4948400
02-11: 14:15,19205.65,242400,11543600,68050,-10.69999999999709,SB,0.0,68050.0,0.0,0.0,0.0,68050.0,2301900,5016450
02-11: 14:30,19207.0,144250,11568300,24700,1.3499999999985448,LB,24700.0,0.0,0.0,0.0,24700.0,0.0,2326600,5016450
02-11: 14:45,19231.0,367600,11673450,105150,24.0,LB,105150.0,0.0,0.0,0.0,105150.0,0.0,2431750,5016450
02-11: 15:00,19228.25,387050,11750950,77500,-2.75,SB,0.0,77500.0,0.0,0.0,0.0,77500.0,2431750,5093950
02-11: 15:15,19249.3,683200,11764400,13450,21.049999999999272,LB,13450.0,0.0,0.0,0.0,13450.0,0.0,2445200,5093950
03-11: 09:15,19342.0,1085800,11736700,-27700,92.70000000000073,SC,0.0,0.0,0.0,-27700.0,0.0,-27700.0,2445200,5066250
03-11: 09:30,19344.0,353650,11812550,75850,2.0,LB,75850.0,0.0,0.0,0.0,75850.0,0.0,2521050,5066250
03-11: 09:45,19340.0,276800,11806650,-5900,-4.0,LC,0.0,0.0,-5900.0,0.0,-5900.0,0.0,2515150,5066250
03-11: 10:00,19341.1,211600,11766950,-39700,1.0999999999985448,SC,0.0,0.0,0.0,-39700.0,0.0,-39700.0,2515150,5026550
03-11: 10:15,19327.6,159650,11753550,-13400,-13.5,LC,0.0,0.0,-13400.0,0.0,-13400.0,0.0,2501750,5026550
03-11: 10:30,19323.0,157650,11709750,-43800,-4.599999999998545,LC,0.0,0.0,-43800.0,0.0,-43800.0,0.0,2457950,5026550
03-11: 10:45,19335.3,159550,11668350,-41400,12.299999999999272,SC,0.0,0.0,0.0,-41400.0,0.0,-41400.0,2457950,4985150
03-11: 11:00,19336.0,113400,11655750,-12600,0.7000000000007276,SC,0.0,0.0,0.0,-12600.0,0.0,-12600.0,2457950,4972550
03-11: 11:15,19324.0,67200,11644900,-10850,-12.0,LC,0.0,0.0,-10850.0,0.0,-10850.0,0.0,2447100,4972550
03-11: 11:30,19322.5,133300,11617550,-27350,-1.5,LC,0.0,0.0,-27350.0,0.0,-27350.0,0.0,2419750,4972550
03-11: 11:45,19311.05,113050,11602450,-15100,-11.450000000000728,LC,0.0,0.0,-15100.0,0.0,-15100.0,0.0,2404650,4972550
03-11: 12:00,19323.95,78950,11610650,8200,12.900000000001455,LB,8200.0,0.0,0.0,0.0,8200.0,0.0,2412850,4972550
03-11: 12:15,19324.0,43000,11611750,1100,0.049999999999272404,LB,1100.0,0.0,0.0,0.0,1100.0,0.0,2413950,4972550
03-11: 12:30,19332.75,95150,11622550,10800,8.75,LB,10800.0,0.0,0.0,0.0,10800.0,0.0,2424750,4972550
03-11: 12:45,19333.0,71150,11650400,27850,0.25,LB,27850.0,0.0,0.0,0.0,27850.0,0.0,2452600,4972550
03-11: 13:00,19323.85,96950,11647300,-3100,-9.150000000001455,LC,0.0,0.0,-3100.0,0.0,-3100.0,0.0,2449500,4972550
03-11: 13:15,19333.95,123050,11636750,-10550,10.100000000002183,SC,0.0,0.0,0.0,-10550.0,0.0,-10550.0,2449500,4962000
03-11: 13:30,19334.95,104650,11637800,1050,1.0,LB,1050.0,0.0,0.0,0.0,1050.0,0.0,2450550,4962000
03-11: 13:45,19325.7,74500,11599300,-38500,-9.25,LC,0.0,0.0,-38500.0,0.0,-38500.0,0.0,2412050,4962000
03-11: 14:00,19327.45,40100,11594700,-4600,1.75,SC,0.0,0.0,0.0,-4600.0,0.0,-4600.0,2412050,4957400
03-11: 14:15,19344.0,70400,11592300,-2400,16.549999999999272,SC,0.0,0.0,0.0,-2400.0,0.0,-2400.0,2412050,4955000
03-11: 14:30,19310.0,166650,11579300,-13000,-34.0,LC,0.0,0.0,-13000.0,0.0,-13000.0,0.0,2399050,4955000
03-11: 14:45,19308.15,382300,11546850,-32450,-1.8499999999985448,LC,0.0,0.0,-32450.0,0.0,-32450.0,0.0,2366600,4955000
03-11: 15:00,19302.55,238500,11481650,-65200,-5.600000000002183,LC,0.0,0.0,-65200.0,0.0,-65200.0,0.0,2301400,4955000
03-11: 15:15,19300.0,524800,11420800,-60850,-2.5499999999992724,LC,0.0,0.0,-60850.0,0.0,-60850.0,0.0,2240550,4955000
06-11: 09:15,19431.3,978800,11445600,24800,131.29999999999927,LB,24800.0,0.0,0.0,0.0,24800.0,0.0,2265350,4955000
06-11: 09:30,19427.75,264400,11543600,98000,-3.5499999999992724,SB,0.0,98000.0,0.0,0.0,0.0,98000.0,2265350,5053000
06-11: 09:45,19434.0,272650,11608900,65300,6.25,LB,65300.0,0.0,0.0,0.0,65300.0,0.0,2330650,5053000
06-11: 10:00,19439.95,170000,11647750,38850,5.950000000000728,LB,38850.0,0.0,0.0,0.0,38850.0,0.0,2369500,5053000
06-11: 10:15,19454.75,400100,11687250,39500,14.799999999999272,LB,39500.0,0.0,0.0,0.0,39500.0,0.0,2409000,5053000
06-11: 10:30,19437.4,127600,11707700,20450,-17.349999999998545,SB,0.0,20450.0,0.0,0.0,0.0,20450.0,2409000,5073450
06-11: 10:45,19425.25,108700,11717400,9700,-12.150000000001455,SB,0.0,9700.0,0.0,0.0,0.0,9700.0,2409000,5083150
06-11: 11:00,19413.85,268450,11699900,-17500,-11.400000000001455,LC,0.0,0.0,-17500.0,0.0,-17500.0,0.0,2391500,5083150
06-11: 11:15,19422.7,80900,11704400,4500,8.850000000002183,LB,4500.0,0.0,0.0,0.0,4500.0,0.0,2396000,5083150
06-11: 11:30,19430.4,70450,11695900,-8500,7.700000000000728,SC,0.0,0.0,0.0,-8500.0,0.0,-8500.0,2396000,5074650
06-11: 11:45,19426.7,97400,11698150,2250,-3.7000000000007276,SB,0.0,2250.0,0.0,0.0,0.0,2250.0,2396000,5076900
06-11: 12:00,19435.3,75150,11701450,3300,8.599999999998545,LB,3300.0,0.0,0.0,0.0,3300.0,0.0,2399300,5076900
06-11: 12:15,19434.1,78450,11719400,17950,-1.2000000000007276,SB,0.0,17950.0,0.0,0.0,0.0,17950.0,2399300,5094850
06-11: 12:30,19436.95,102850,11752350,32950,2.850000000002183,LB,32950.0,0.0,0.0,0.0,32950.0,0.0,2432250,5094850
06-11: 12:45,19436.7,60050,11703450,-48900,-0.25,LC,0.0,0.0,-48900.0,0.0,-48900.0,0.0,2383350,5094850
06-11: 13:00,19444.4,68800,11709600,6150,7.700000000000728,LB,6150.0,0.0,0.0,0.0,6150.0,0.0,2389500,5094850
06-11: 13:15,19442.25,68450,11723450,13850,-2.150000000001455,SB,0.0,13850.0,0.0,0.0,0.0,13850.0,2389500,5108700
06-11: 13:30,19452.8,139650,11709850,-13600,10.549999999999272,SC,0.0,0.0,0.0,-13600.0,0.0,-13600.0,2389500,5095100
06-11: 13:45,19443.0,74600,11709100,-750,-9.799999999999272,LC,0.0,0.0,-750.0,0.0,-750.0,0.0,2388750,5095100
06-11: 14:00,19462.0,87950,11709750,650,19.0,LB,650.0,0.0,0.0,0.0,650.0,0.0,2389400,5095100
06-11: 14:15,19477.15,443050,11664700,-45050,15.150000000001455,SC,0.0,0.0,0.0,-45050.0,0.0,-45050.0,2389400,5050050
06-11: 14:30,19478.5,143200,11701100,36400,1.3499999999985448,LB,36400.0,0.0,0.0,0.0,36400.0,0.0,2425800,5050050
06-11: 14:45,19479.6,163200,11566400,-134700,1.0999999999985448,SC,0.0,0.0,0.0,-134700.0,0.0,-134700.0,2425800,4915350
06-11: 15:00,19488.3,304300,11526300,-40100,8.700000000000728,SC,0.0,0.0,0.0,-40100.0,0.0,-40100.0,2425800,4875250
06-11: 15:15,19484.0,480100,11485650,-40650,-4.299999999999272,LC,0.0,0.0,-40650.0,0.0,-40650.0,0.0,2385150,4875250
07-11: 09:15,19458.9,757400,11212050,-273600,-25.099999999998545,LC,0.0,0.0,-273600.0,0.0,-273600.0,0.0,2111550,4875250
07-11: 09:30,19458.6,424300,11186850,-25200,-0.3000000000029104,LC,0.0,0.0,-25200.0,0.0,-25200.0,0.0,2086350,4875250
07-11: 09:45,19454.6,126200,11216150,29300,-4.0,SB,0.0,29300.0,0.0,0.0,0.0,29300.0,2086350,4904550
07-11: 10:00,19460.0,156450,11254600,38450,5.400000000001455,LB,38450.0,0.0,0.0,0.0,38450.0,0.0,2124800,4904550
07-11: 10:15,19470.0,138400,11282600,28000,10.0,LB,28000.0,0.0,0.0,0.0,28000.0,0.0,2152800,4904550
07-11: 10:30,19490.0,161550,11316950,34350,20.0,LB,34350.0,0.0,0.0,0.0,34350.0,0.0,2187150,4904550
07-11: 10:45,19469.75,83200,11336400,19450,-20.25,SB,0.0,19450.0,0.0,0.0,0.0,19450.0,2187150,4924000
07-11: 11:00,19480.15,96900,11368200,31800,10.400000000001455,LB,31800.0,0.0,0.0,0.0,31800.0,0.0,2218950,4924000
07-11: 11:15,19479.45,78650,11365450,-2750,-0.7000000000007276,LC,0.0,0.0,-2750.0,0.0,-2750.0,0.0,2216200,4924000
07-11: 11:30,19443.0,174550,11390550,25100,-36.45000000000073,SB,0.0,25100.0,0.0,0.0,0.0,25100.0,2216200,4949100
07-11: 11:45,19426.6,393950,11386750,-3800,-16.400000000001455,LC,0.0,0.0,-3800.0,0.0,-3800.0,0.0,2212400,4949100
07-11: 12:00,19434.25,108450,11415800,29050,7.650000000001455,LB,29050.0,0.0,0.0,0.0,29050.0,0.0,2241450,4949100
07-11: 12:15,19430.6,69500,11412100,-3700,-3.650000000001455,LC,0.0,0.0,-3700.0,0.0,-3700.0,0.0,2237750,4949100
07-11: 12:30,19439.25,79800,11398700,-13400,8.650000000001455,SC,0.0,0.0,0.0,-13400.0,0.0,-13400.0,2237750,4935700
07-11: 12:45,19439.65,117550,11376650,-22050,0.4000000000014552,SC,0.0,0.0,0.0,-22050.0,0.0,-22050.0,2237750,4913650
07-11: 13:00,19438.65,133650,11381500,4850,-1.0,SB,0.0,4850.0,0.0,0.0,0.0,4850.0,2237750,4918500
07-11: 13:15,19433.75,87100,11368050,-13450,-4.900000000001455,LC,0.0,0.0,-13450.0,0.0,-13450.0,0.0,2224300,4918500
07-11: 13:30,19451.8,118300,11353650,-14400,18.049999999999272,SC,0.0,0.0,0.0,-14400.0,0.0,-14400.0,2224300,4904100
07-11: 13:45,19472.6,269450,11316050,-37600,20.799999999999272,SC,0.0,0.0,0.0,-37600.0,0.0,-37600.0,2224300,4866500
07-11: 14:00,19481.0,146950,11321150,5100,8.400000000001455,LB,5100.0,0.0,0.0,0.0,5100.0,0.0,2229400,4866500
07-11: 14:15,19474.8,103400,11328150,7000,-6.200000000000728,SB,0.0,7000.0,0.0,0.0,0.0,7000.0,2229400,4873500
07-11: 14:30,19468.2,91100,11349250,21100,-6.599999999998545,SB,0.0,21100.0,0.0,0.0,0.0,21100.0,2229400,4894600
07-11: 14:45,19479.15,79950,11285600,-63650,10.950000000000728,SC,0.0,0.0,0.0,-63650.0,0.0,-63650.0,2229400,4830950
07-11: 15:00,19466.2,278750,11251250,-34350,-12.950000000000728,LC,0.0,0.0,-34350.0,0.0,-34350.0,0.0,2195050,4830950
07-11: 15:15,19480.05,448350,11134300,-116950,13.849999999998545,SC,0.0,0.0,0.0,-116950.0,0.0,-116950.0,2195050,4714000
08-11: 09:15,19503.0,451850,11116650,-17650,22.950000000000728,SC,0.0,0.0,0.0,-17650.0,0.0,-17650.0,2195050,4696350
08-11: 09:30,19499.3,279450,11067150,-49500,-3.7000000000007276,LC,0.0,0.0,-49500.0,0.0,-49500.0,0.0,2145550,4696350
08-11: 09:45,19507.5,125000,11052700,-14450,8.200000000000728,SC,0.0,0.0,0.0,-14450.0,0.0,-14450.0,2145550,4681900
08-11: 10:00,19501.0,145100,11056050,3350,-6.5,SB,0.0,3350.0,0.0,0.0,0.0,3350.0,2145550,4685250
08-11: 10:15,19495.6,87300,11061550,5500,-5.400000000001455,SB,0.0,5500.0,0.0,0.0,0.0,5500.0,2145550,4690750
08-11: 10:30,19506.1,96500,11061800,250,10.5,LB,250.0,0.0,0.0,0.0,250.0,0.0,2145800,4690750
08-11: 10:45,19501.5,47600,11054200,-7600,-4.599999999998545,LC,0.0,0.0,-7600.0,0.0,-7600.0,0.0,2138200,4690750
08-11: 11:00,19481.9,163800,11089700,35500,-19.599999999998545,SB,0.0,35500.0,0.0,0.0,0.0,35500.0,2138200,4726250
08-11: 11:15,19502.0,123250,11080900,-8800,20.099999999998545,SC,0.0,0.0,0.0,-8800.0,0.0,-8800.0,2138200,4717450
08-11: 11:30,19505.25,159100,11061700,-19200,3.25,SC,0.0,0.0,0.0,-19200.0,0.0,-19200.0,2138200,4698250
08-11: 11:45,19496.9,54150,11035700,-26000,-8.349999999998545,LC,0.0,0.0,-26000.0,0.0,-26000.0,0.0,2112200,4698250
08-11: 12:00,19503.4,25700,11029950,-5750,6.5,SC,0.0,0.0,0.0,-5750.0,0.0,-5750.0,2112200,4692500
08-11: 12:15,19496.5,41750,11026250,-3700,-6.900000000001455,LC,0.0,0.0,-3700.0,0.0,-3700.0,0.0,2108500,4692500
08-11: 12:30,19495.15,84650,11060550,34300,-1.3499999999985448,SB,0.0,34300.0,0.0,0.0,0.0,34300.0,2108500,4726800
08-11: 12:45,19496.3,91850,11045800,-14750,1.1499999999978172,SC,0.0,0.0,0.0,-14750.0,0.0,-14750.0,2108500,4712050
08-11: 13:00,19502.8,107300,11005550,-40250,6.5,SC,0.0,0.0,0.0,-40250.0,0.0,-40250.0,2108500,4671800
08-11: 13:15,19510.6,165250,10990550,-15000,7.799999999999272,SC,0.0,0.0,0.0,-15000.0,0.0,-15000.0,2108500,4656800
08-11: 13:30,19510.9,91450,10999200,8650,0.3000000000029104,LB,8650.0,0.0,0.0,0.0,8650.0,0.0,2117150,4656800
08-11: 13:45,19521.0,77400,11003300,4100,10.099999999998545,LB,4100.0,0.0,0.0,0.0,4100.0,0.0,2121250,4656800
08-11: 14:00,19497.1,127600,10998200,-5100,-23.900000000001455,LC,0.0,0.0,-5100.0,0.0,-5100.0,0.0,2116150,4656800
08-11: 14:15,19488.0,124550,11008450,10250,-9.099999999998545,SB,0.0,10250.0,0.0,0.0,0.0,10250.0,2116150,4667050
08-11: 14:30,19487.0,206950,11017700,9250,-1.0,SB,0.0,9250.0,0.0,0.0,0.0,9250.0,2116150,4676300
08-11: 14:45,19490.0,97200,11039950,22250,3.0,LB,22250.0,0.0,0.0,0.0,22250.0,0.0,2138400,4676300
08-11: 15:00,19495.95,201000,11037700,-2250,5.950000000000728,SC,0.0,0.0,0.0,-2250.0,0.0,-2250.0,2138400,4674050
08-11: 15:15,19488.0,351100,11054050,16350,-7.950000000000728,SB,0.0,16350.0,0.0,0.0,0.0,16350.0,2138400,4690400
09-11: 09:15,19509.6,343700,11005450,-48600,21.599999999998545,SC,0.0,0.0,0.0,-48600.0,0.0,-48600.0,2138400,4641800
09-11: 09:30,19500.85,141700,10996700,-8750,-8.75,LC,0.0,0.0,-8750.0,0.0,-8750.0,0.0,2129650,4641800
09-11: 09:45,19514.0,239400,10981000,-15700,13.150000000001455,SC,0.0,0.0,0.0,-15700.0,0.0,-15700.0,2129650,4626100
09-11: 10:00,19515.0,129350,10973100,-7900,1.0,SC,0.0,0.0,0.0,-7900.0,0.0,-7900.0,2129650,4618200
09-11: 10:15,19491.95,150500,10970750,-2350,-23.049999999999272,LC,0.0,0.0,-2350.0,0.0,-2350.0,0.0,2127300,4618200
09-11: 10:30,19490.0,206300,11008400,37650,-1.9500000000007276,SB,0.0,37650.0,0.0,0.0,0.0,37650.0,2127300,4655850
09-11: 10:45,19493.55,88250,11011450,3050,3.5499999999992724,LB,3050.0,0.0,0.0,0.0,3050.0,0.0,2130350,4655850
09-11: 11:00,19501.0,58300,11027000,15550,7.450000000000728,LB,15550.0,0.0,0.0,0.0,15550.0,0.0,2145900,4655850
09-11: 11:15,19512.6,101350,11047500,20500,11.599999999998545,LB,20500.0,0.0,0.0,0.0,20500.0,0.0,2166400,4655850
09-11: 11:30,19513.2,81300,11070400,22900,0.6000000000021828,LB,22900.0,0.0,0.0,0.0,22900.0,0.0,2189300,4655850
09-11: 11:45,19518.5,140800,11090000,19600,5.299999999999272,LB,19600.0,0.0,0.0,0.0,19600.0,0.0,2208900,4655850
09-11: 12:00,19519.35,194750,11208000,118000,0.8499999999985448,LB,118000.0,0.0,0.0,0.0,118000.0,0.0,2326900,4655850
09-11: 12:15,19514.55,154200,11207800,-200,-4.799999999999272,LC,0.0,0.0,-200.0,0.0,-200.0,0.0,2326700,4655850
09-11: 12:30,19508.0,94600,11233350,25550,-6.549999999999272,SB,0.0,25550.0,0.0,0.0,0.0,25550.0,2326700,4681400
09-11: 12:45,19505.8,168800,11297300,63950,-2.2000000000007276,SB,0.0,63950.0,0.0,0.0,0.0,63950.0,2326700,4745350
09-11: 13:00,19505.45,112150,11349850,52550,-0.3499999999985448,SB,0.0,52550.0,0.0,0.0,0.0,52550.0,2326700,4797900
09-11: 13:15,19507.4,53200,11345150,-4700,1.9500000000007276,SC,0.0,0.0,0.0,-4700.0,0.0,-4700.0,2326700,4793200
09-11: 13:30,19496.0,109000,11363000,17850,-11.400000000001455,SB,0.0,17850.0,0.0,0.0,0.0,17850.0,2326700,4811050
09-11: 13:45,19498.8,100500,11382450,19450,2.7999999999992724,LB,19450.0,0.0,0.0,0.0,19450.0,0.0,2346150,4811050
09-11: 14:00,19508.7,192700,11458900,76450,9.900000000001455,LB,76450.0,0.0,0.0,0.0,76450.0,0.0,2422600,4811050
09-11: 14:15,19491.4,303650,11577900,119000,-17.299999999999272,SB,0.0,119000.0,0.0,0.0,0.0,119000.0,2422600,4930050
09-11: 14:30,19484.1,208100,11617600,39700,-7.30000000000291,SB,0.0,39700.0,0.0,0.0,0.0,39700.0,2422600,4969750
09-11: 14:45,19483.0,265050,11647450,29850,-1.0999999999985448,SB,0.0,29850.0,0.0,0.0,0.0,29850.0,2422600,4999600
09-11: 15:00,19487.0,176500,11659550,12100,4.0,LB,12100.0,0.0,0.0,0.0,12100.0,0.0,2434700,4999600
09-11: 15:15,19476.0,364800,11590700,-68850,-11.0,LC,0.0,0.0,-68850.0,0.0,-68850.0,0.0,2365850,4999600
10-11: 09:15,19400.1,957600,11233000,-357700,-75.90000000000146,LC,0.0,0.0,-357700.0,0.0,-357700.0,0.0,2008150,4999600
10-11: 09:30,19402.85,401750,11125300,-107700,2.75,SC,0.0,0.0,0.0,-107700.0,0.0,-107700.0,2008150,4891900
10-11: 09:45,19389.3,151100,11131650,6350,-13.549999999999272,SB,0.0,6350.0,0.0,0.0,0.0,6350.0,2008150,4898250
10-11: 10:00,19405.3,113050,11140800,9150,16.0,LB,9150.0,0.0,0.0,0.0,9150.0,0.0,2017300,4898250
10-11: 10:15,19411.6,103600,11158800,18000,6.299999999999272,LB,18000.0,0.0,0.0,0.0,18000.0,0.0,2035300,4898250
10-11: 10:30,19434.9,213400,11147050,-11750,23.30000000000291,SC,0.0,0.0,0.0,-11750.0,0.0,-11750.0,2035300,4886500
10-11: 10:45,19427.1,129200,11136900,-10150,-7.80000000000291,LC,0.0,0.0,-10150.0,0.0,-10150.0,0.0,2025150,4886500
10-11: 11:00,19425.85,118000,11152750,15850,-1.25,SB,0.0,15850.0,0.0,0.0,0.0,15850.0,2025150,4902350
10-11: 11:15,19432.9,69250,11159000,6250,7.05000000000291,LB,6250.0,0.0,0.0,0.0,6250.0,0.0,2031400,4902350
10-11: 11:30,19430.4,62950,11173550,14550,-2.5,SB,0.0,14550.0,0.0,0.0,0.0,14550.0,2031400,4916900
10-11: 11:45,19432.65,78050,11209100,35550,2.25,LB,35550.0,0.0,0.0,0.0,35550.0,0.0,2066950,4916900
10-11: 12:00,19440.2,112350,11195700,-13400,7.549999999999272,SC,0.0,0.0,0.0,-13400.0,0.0,-13400.0,2066950,4903500
10-11: 12:15,19436.0,43250,11193350,-2350,-4.200000000000728,LC,0.0,0.0,-2350.0,0.0,-2350.0,0.0,2064600,4903500
10-11: 12:30,19459.55,127850,11177300,-16050,23.549999999999272,SC,0.0,0.0,0.0,-16050.0,0.0,-16050.0,2064600,4887450
10-11: 12:45,19467.35,270550,11114350,-62950,7.799999999999272,SC,0.0,0.0,0.0,-62950.0,0.0,-62950.0,2064600,4824500
10-11: 13:00,19462.15,127350,11149250,34900,-5.19999999999709,SB,0.0,34900.0,0.0,0.0,0.0,34900.0,2064600,4859400
10-11: 13:15,19462.65,64600,11160250,11000,0.5,LB,11000.0,0.0,0.0,0.0,11000.0,0.0,2075600,4859400
10-11: 13:30,19473.85,72800,11187700,27450,11.19999999999709,LB,27450.0,0.0,0.0,0.0,27450.0,0.0,2103050,4859400
10-11: 13:45,19451.5,123600,11207050,19350,-22.349999999998545,SB,0.0,19350.0,0.0,0.0,0.0,19350.0,2103050,4878750
10-11: 14:00,19446.95,107700,11207450,400,-4.549999999999272,SB,0.0,400.0,0.0,0.0,0.0,400.0,2103050,4879150
10-11: 14:15,19414.05,330950,11219000,11550,-32.900000000001455,SB,0.0,11550.0,0.0,0.0,0.0,11550.0,2103050,4890700
10-11: 14:30,19428.0,146700,11173950,-45050,13.950000000000728,SC,0.0,0.0,0.0,-45050.0,0.0,-45050.0,2103050,4845650
10-11: 14:45,19447.8,110800,11183250,9300,19.799999999999272,LB,9300.0,0.0,0.0,0.0,9300.0,0.0,2112350,4845650
10-11: 15:00,19465.05,230850,11194300,11050,17.25,LB,11050.0,0.0,0.0,0.0,11050.0,0.0,2123400,4845650
10-11: 15:15,19500.3,637850,11160500,-33800,35.25,SC,0.0,0.0,0.0,-33800.0,0.0,-33800.0,2123400,4811850
12-11: 18:15,19547.0,858200,11073650,-86850,46.70000000000073,SC,0.0,0.0,0.0,-86850.0,0.0,-86850.0,2123400,4725000
12-11: 18:30,19542.65,242650,11139000,65350,-4.349999999998545,SB,0.0,65350.0,0.0,0.0,0.0,65350.0,2123400,4790350
12-11: 18:45,19542.25,349550,11175400,36400,-0.4000000000014552,SB,0.0,36400.0,0.0,0.0,0.0,36400.0,2123400,4826750
12-11: 19:00,19536.5,225550,11257900,82500,-5.75,SB,0.0,82500.0,0.0,0.0,0.0,82500.0,2123400,4909250
13-11: 09:15,19495.0,430150,11263250,5350,-41.5,SB,0.0,5350.0,0.0,0.0,0.0,5350.0,2123400,4914600
13-11: 09:30,19497.45,174250,11287400,24150,2.4500000000007276,LB,24150.0,0.0,0.0,0.0,24150.0,0.0,2147550,4914600
13-11: 09:45,19510.4,111600,11247550,-39850,12.950000000000728,SC,0.0,0.0,0.0,-39850.0,0.0,-39850.0,2147550,4874750
13-11: 10:00,19527.3,230800,11229100,-18450,16.899999999997817,SC,0.0,0.0,0.0,-18450.0,0.0,-18450.0,2147550,4856300
13-11: 10:15,19482.0,307400,11310400,81300,-45.29999999999927,SB,0.0,81300.0,0.0,0.0,0.0,81300.0,2147550,4937600
13-11: 10:30,19483.0,147200,11309600,-800,1.0,SC,0.0,0.0,0.0,-800.0,0.0,-800.0,2147550,4936800
13-11: 10:45,19489.25,102350,11311050,1450,6.25,LB,1450.0,0.0,0.0,0.0,1450.0,0.0,2149000,4936800
13-11: 11:00,19484.15,51450,11315700,4650,-5.099999999998545,SB,0.0,4650.0,0.0,0.0,0.0,4650.0,2149000,4941450
13-11: 11:15,19496.4,60550,11321700,6000,12.25,LB,6000.0,0.0,0.0,0.0,6000.0,0.0,2155000,4941450
13-11: 11:30,19497.9,78300,11314900,-6800,1.5,SC,0.0,0.0,0.0,-6800.0,0.0,-6800.0,2155000,4934650
13-11: 11:45,19497.1,134850,11353750,38850,-0.8000000000029104,SB,0.0,38850.0,0.0,0.0,0.0,38850.0,2155000,4973500
13-11: 12:00,19493.8,29700,11356800,3050,-3.2999999999992724,SB,0.0,3050.0,0.0,0.0,0.0,3050.0,2155000,4976550
13-11: 12:15,19500.0,35050,11358250,1450,6.200000000000728,LB,1450.0,0.0,0.0,0.0,1450.0,0.0,2156450,4976550
13-11: 12:30,19495.05,82800,11343500,-14750,-4.950000000000728,LC,0.0,0.0,-14750.0,0.0,-14750.0,0.0,2141700,4976550
13-11: 12:45,19497.15,33050,11334350,-9150,2.100000000002183,SC,0.0,0.0,0.0,-9150.0,0.0,-9150.0,2141700,4967400
13-11: 13:00,19497.9,20250,11333200,-1150,0.75,SC,0.0,0.0,0.0,-1150.0,0.0,-1150.0,2141700,4966250
13-11: 13:15,19501.1,33950,11338050,4850,3.1999999999970896,LB,4850.0,0.0,0.0,0.0,4850.0,0.0,2146550,4966250
13-11: 13:30,19500.0,75550,11327450,-10600,-1.0999999999985448,LC,0.0,0.0,-10600.0,0.0,-10600.0,0.0,2135950,4966250
13-11: 13:45,19499.6,36250,11325900,-1550,-0.4000000000014552,LC,0.0,0.0,-1550.0,0.0,-1550.0,0.0,2134400,4966250
13-11: 14:00,19513.0,89650,11313150,-12750,13.400000000001455,SC,0.0,0.0,0.0,-12750.0,0.0,-12750.0,2134400,4953500
13-11: 14:15,19511.0,57550,11310350,-2800,-2.0,LC,0.0,0.0,-2800.0,0.0,-2800.0,0.0,2131600,4953500
13-11: 14:30,19506.55,45550,11304050,-6300,-4.450000000000728,LC,0.0,0.0,-6300.0,0.0,-6300.0,0.0,2125300,4953500
13-11: 14:45,19507.2,37600,11303650,-400,0.6500000000014552,SC,0.0,0.0,0.0,-400.0,0.0,-400.0,2125300,4953100
13-11: 15:00,19498.95,105450,11288200,-15450,-8.25,LC,0.0,0.0,-15450.0,0.0,-15450.0,0.0,2109850,4953100
13-11: 15:15,19488.0,283850,11297850,9650,-10.950000000000728,SB,0.0,9650.0,0.0,0.0,0.0,9650.0,2109850,4962750
15-11: 09:15,19702.95,2265350,11595700,297850,214.95000000000073,LB,297850.0,0.0,0.0,0.0,297850.0,0.0,2407700,4962750
15-11: 09:30,19693.75,329400,11579000,-16700,-9.200000000000728,LC,0.0,0.0,-16700.0,0.0,-16700.0,0.0,2391000,4962750
15-11: 09:45,19699.1,162350,11617050,38050,5.349999999998545,LB,38050.0,0.0,0.0,0.0,38050.0,0.0,2429050,4962750
15-11: 10:00,19697.15,159000,11610350,-6700,-1.9499999999970896,LC,0.0,0.0,-6700.0,0.0,-6700.0,0.0,2422350,4962750
15-11: 10:15,19693.4,96950,11581500,-28850,-3.75,LC,0.0,0.0,-28850.0,0.0,-28850.0,0.0,2393500,4962750
15-11: 10:30,19700.9,64900,11569600,-11900,7.5,SC,0.0,0.0,0.0,-11900.0,0.0,-11900.0,2393500,4950850
15-11: 10:45,19696.0,76100,11566450,-3150,-4.900000000001455,LC,0.0,0.0,-3150.0,0.0,-3150.0,0.0,2390350,4950850
15-11: 11:00,19701.0,58900,11557700,-8750,5.0,SC,0.0,0.0,0.0,-8750.0,0.0,-8750.0,2390350,4942100
15-11: 11:15,19697.4,35800,11562500,4800,-3.599999999998545,SB,0.0,4800.0,0.0,0.0,0.0,4800.0,2390350,4946900
15-11: 11:30,19691.75,40600,11593650,31150,-5.650000000001455,SB,0.0,31150.0,0.0,0.0,0.0,31150.0,2390350,4978050
15-11: 11:45,19693.2,35600,11588400,-5250,1.4500000000007276,SC,0.0,0.0,0.0,-5250.0,0.0,-5250.0,2390350,4972800
15-11: 12:00,19704.3,38650,11585200,-3200,11.099999999998545,SC,0.0,0.0,0.0,-3200.0,0.0,-3200.0,2390350,4969600
15-11: 12:15,19710.4,111050,11586450,1250,6.100000000002183,LB,1250.0,0.0,0.0,0.0,1250.0,0.0,2391600,4969600
15-11: 12:30,19705.9,41850,11598750,12300,-4.5,SB,0.0,12300.0,0.0,0.0,0.0,12300.0,2391600,4981900
15-11: 12:45,19707.0,51450,11570900,-27850,1.0999999999985448,SC,0.0,0.0,0.0,-27850.0,0.0,-27850.0,2391600,4954050
15-11: 13:00,19729.0,206800,11555600,-15300,22.0,SC,0.0,0.0,0.0,-15300.0,0.0,-15300.0,2391600,4938750
15-11: 13:15,19752.1,360650,11618900,63300,23.099999999998545,LB,63300.0,0.0,0.0,0.0,63300.0,0.0,2454900,4938750
15-11: 13:30,19742.7,137700,11613400,-5500,-9.399999999997817,LC,0.0,0.0,-5500.0,0.0,-5500.0,0.0,2449400,4938750
15-11: 13:45,19740.0,100000,11623350,9950,-2.7000000000007276,SB,0.0,9950.0,0.0,0.0,0.0,9950.0,2449400,4948700
15-11: 14:00,19742.5,132850,11652800,29450,2.5,LB,29450.0,0.0,0.0,0.0,29450.0,0.0,2478850,4948700
15-11: 14:15,19742.25,77100,11725150,72350,-0.25,SB,0.0,72350.0,0.0,0.0,0.0,72350.0,2478850,5021050
15-11: 14:30,19752.0,210700,11808100,82950,9.75,LB,82950.0,0.0,0.0,0.0,82950.0,0.0,2561800,5021050
15-11: 14:45,19721.95,211350,11858700,50600,-30.049999999999272,SB,0.0,50600.0,0.0,0.0,0.0,50600.0,2561800,5071650
15-11: 15:00,19720.75,482100,11731350,-127350,-1.2000000000007276,LC,0.0,0.0,-127350.0,0.0,-127350.0,0.0,2434450,5071650
15-11: 15:15,19724.1,560800,11685500,-45850,3.349999999998545,SC,0.0,0.0,0.0,-45850.0,0.0,-45850.0,2434450,5025800
16-11: 09:15,19714.7,433700,11409350,-276150,-9.399999999997817,LC,0.0,0.0,-276150.0,0.0,-276150.0,0.0,2158300,5025800
16-11: 09:30,19760.0,392850,11452400,43050,45.29999999999927,LB,43050.0,0.0,0.0,0.0,43050.0,0.0,2201350,5025800
16-11: 09:45,19758.0,281650,11532050,79650,-2.0,SB,0.0,79650.0,0.0,0.0,0.0,79650.0,2201350,5105450
16-11: 10:00,19773.0,184550,11569900,37850,15.0,LB,37850.0,0.0,0.0,0.0,37850.0,0.0,2239200,5105450
16-11: 10:15,19770.0,147100,11590850,20950,-3.0,SB,0.0,20950.0,0.0,0.0,0.0,20950.0,2239200,5126400
16-11: 10:30,19780.75,107150,11599400,8550,10.75,LB,8550.0,0.0,0.0,0.0,8550.0,0.0,2247750,5126400
16-11: 10:45,19776.85,71300,11612850,13450,-3.900000000001455,SB,0.0,13450.0,0.0,0.0,0.0,13450.0,2247750,5139850
16-11: 11:00,19851.0,678500,11742550,129700,74.15000000000146,LB,129700.0,0.0,0.0,0.0,129700.0,0.0,2377450,5139850
16-11: 11:15,19842.15,288150,11735650,-6900,-8.849999999998545,LC,0.0,0.0,-6900.0,0.0,-6900.0,0.0,2370550,5139850
16-11: 11:30,19843.0,134050,11750250,14600,0.8499999999985448,LB,14600.0,0.0,0.0,0.0,14600.0,0.0,2385150,5139850
16-11: 11:45,19855.25,134450,11761250,11000,12.25,LB,11000.0,0.0,0.0,0.0,11000.0,0.0,2396150,5139850
16-11: 12:00,19856.7,135950,11800150,38900,1.4500000000007276,LB,38900.0,0.0,0.0,0.0,38900.0,0.0,2435050,5139850
16-11: 12:15,19861.25,136200,11806350,6200,4.549999999999272,LB,6200.0,0.0,0.0,0.0,6200.0,0.0,2441250,5139850
16-11: 12:30,19869.9,108350,11814200,7850,8.650000000001455,LB,7850.0,0.0,0.0,0.0,7850.0,0.0,2449100,5139850
16-11: 12:45,19870.0,114450,11821550,7350,0.09999999999854481,LB,7350.0,0.0,0.0,0.0,7350.0,0.0,2456450,5139850
16-11: 13:00,19860.0,96750,11847500,25950,-10.0,SB,0.0,25950.0,0.0,0.0,0.0,25950.0,2456450,5165800
16-11: 13:15,19855.05,102150,11860800,13300,-4.950000000000728,SB,0.0,13300.0,0.0,0.0,0.0,13300.0,2456450,5179100
16-11: 13:30,19866.4,73600,11869100,8300,11.350000000002183,LB,8300.0,0.0,0.0,0.0,8300.0,0.0,2464750,5179100
16-11: 13:45,19867.65,113050,11852250,-16850,1.25,SC,0.0,0.0,0.0,-16850.0,0.0,-16850.0,2464750,5162250
16-11: 14:00,19873.35,135200,11780600,-71650,5.69999999999709,SC,0.0,0.0,0.0,-71650.0,0.0,-71650.0,2464750,5090600
16-11: 14:15,19897.0,193500,11740550,-40050,23.650000000001455,SC,0.0,0.0,0.0,-40050.0,0.0,-40050.0,2464750,5050550
16-11: 14:30,19918.0,326900,11689300,-51250,21.0,SC,0.0,0.0,0.0,-51250.0,0.0,-51250.0,2464750,4999300
16-11: 14:45,19898.75,457000,11578500,-110800,-19.25,LC,0.0,0.0,-110800.0,0.0,-110800.0,0.0,2353950,4999300
16-11: 15:00,19801.15,1036450,11308950,-269550,-97.59999999999854,LC,0.0,0.0,-269550.0,0.0,-269550.0,0.0,2084400,4999300
16-11: 15:15,19835.0,725150,11269800,-39150,33.849999999998545,SC,0.0,0.0,0.0,-39150.0,0.0,-39150.0,2084400,4960150
17-11: 09:15,19810.5,665050,11005300,-264500,-24.5,LC,0.0,0.0,-264500.0,0.0,-264500.0,0.0,1819900,4960150
17-11: 09:30,19829.0,326450,10936050,-69250,18.5,SC,0.0,0.0,0.0,-69250.0,0.0,-69250.0,1819900,4890900
17-11: 09:45,19850.0,258950,10963900,27850,21.0,LB,27850.0,0.0,0.0,0.0,27850.0,0.0,1847750,4890900
17-11: 10:00,19826.0,171750,10961850,-2050,-24.0,LC,0.0,0.0,-2050.0,0.0,-2050.0,0.0,1845700,4890900
17-11: 10:15,19843.4,200100,10943600,-18250,17.400000000001455,SC,0.0,0.0,0.0,-18250.0,0.0,-18250.0,1845700,4872650
17-11: 10:30,19850.8,135700,10980800,37200,7.399999999997817,LB,37200.0,0.0,0.0,0.0,37200.0,0.0,1882900,4872650
17-11: 10:45,19837.4,68200,10986350,5550,-13.399999999997817,SB,0.0,5550.0,0.0,0.0,0.0,5550.0,1882900,4878200
17-11: 11:00,19816.0,91800,10971800,-14550,-21.400000000001455,LC,0.0,0.0,-14550.0,0.0,-14550.0,0.0,1868350,4878200
17-11: 11:15,19819.1,80400,10979300,7500,3.099999999998545,LB,7500.0,0.0,0.0,0.0,7500.0,0.0,1875850,4878200
17-11: 11:30,19827.45,77700,10978050,-1250,8.350000000002183,SC,0.0,0.0,0.0,-1250.0,0.0,-1250.0,1875850,4876950
17-11: 11:45,19814.2,81300,10967500,-10550,-13.25,LC,0.0,0.0,-10550.0,0.0,-10550.0,0.0,1865300,4876950
17-11: 12:00,19819.7,84550,10975500,8000,5.5,LB,8000.0,0.0,0.0,0.0,8000.0,0.0,1873300,4876950
17-11: 12:15,19826.1,118050,10967100,-8400,6.399999999997817,SC,0.0,0.0,0.0,-8400.0,0.0,-8400.0,1873300,4868550
17-11: 12:30,19832.95,63850,10958400,-8700,6.850000000002183,SC,0.0,0.0,0.0,-8700.0,0.0,-8700.0,1873300,4859850
17-11: 12:45,19823.4,58650,10910200,-48200,-9.549999999999272,LC,0.0,0.0,-48200.0,0.0,-48200.0,0.0,1825100,4859850
17-11: 13:00,19826.65,70100,10913350,3150,3.25,LB,3150.0,0.0,0.0,0.0,3150.0,0.0,1828250,4859850
17-11: 13:15,19816.0,46450,10910000,-3350,-10.650000000001455,LC,0.0,0.0,-3350.0,0.0,-3350.0,0.0,1824900,4859850
17-11: 13:30,19815.8,89450,10902900,-7100,-0.2000000000007276,LC,0.0,0.0,-7100.0,0.0,-7100.0,0.0,1817800,4859850
17-11: 13:45,19802.5,132050,10907100,4200,-13.299999999999272,SB,0.0,4200.0,0.0,0.0,0.0,4200.0,1817800,4864050
17-11: 14:00,19821.95,148350,10896950,-10150,19.450000000000728,SC,0.0,0.0,0.0,-10150.0,0.0,-10150.0,1817800,4853900
17-11: 14:15,19813.65,56650,10904500,7550,-8.299999999999272,SB,0.0,7550.0,0.0,0.0,0.0,7550.0,1817800,4861450
17-11: 14:30,19828.0,118800,10917650,13150,14.349999999998545,LB,13150.0,0.0,0.0,0.0,13150.0,0.0,1830950,4861450
17-11: 14:45,19804.7,107450,10904200,-13450,-23.299999999999272,LC,0.0,0.0,-13450.0,0.0,-13450.0,0.0,1817500,4861450
17-11: 15:00,19806.8,192500,10936450,32250,2.099999999998545,LB,32250.0,0.0,0.0,0.0,32250.0,0.0,1849750,4861450
17-11: 15:15,19798.0,462500,10912500,-23950,-8.799999999999272,LC,0.0,0.0,-23950.0,0.0,-23950.0,0.0,1825800,4861450
20-11: 09:15,19785.0,387150,10765300,-147200,-13.0,LC,0.0,0.0,-147200.0,0.0,-147200.0,0.0,1678600,4861450
20-11: 09:30,19766.35,205300,10789400,24100,-18.650000000001455,SB,0.0,24100.0,0.0,0.0,0.0,24100.0,1678600,4885550
20-11: 09:45,19769.1,180950,10729650,-59750,2.75,SC,0.0,0.0,0.0,-59750.0,0.0,-59750.0,1678600,4825800
20-11: 10:00,19765.35,149400,10726450,-3200,-3.75,LC,0.0,0.0,-3200.0,0.0,-3200.0,0.0,1675400,4825800
20-11: 10:15,19809.0,214850,10691400,-35050,43.650000000001455,SC,0.0,0.0,0.0,-35050.0,0.0,-35050.0,1675400,4790750
20-11: 10:30,19796.0,84250,10683450,-7950,-13.0,LC,0.0,0.0,-7950.0,0.0,-7950.0,0.0,1667450,4790750
20-11: 10:45,19802.0,46900,10684450,1000,6.0,LB,1000.0,0.0,0.0,0.0,1000.0,0.0,1668450,4790750
20-11: 11:00,19728.1,327150,10662350,-22100,-73.90000000000146,LC,0.0,0.0,-22100.0,0.0,-22100.0,0.0,1646350,4790750
20-11: 11:15,19732.35,348900,10576150,-86200,4.25,SC,0.0,0.0,0.0,-86200.0,0.0,-86200.0,1646350,4704550
20-11: 11:30,19737.05,111950,10571600,-4550,4.700000000000728,SC,0.0,0.0,0.0,-4550.0,0.0,-4550.0,1646350,4700000
20-11: 11:45,19730.5,82800,10578600,7000,-6.549999999999272,SB,0.0,7000.0,0.0,0.0,0.0,7000.0,1646350,4707000
20-11: 12:00,19752.45,96350,10568850,-9750,21.950000000000728,SC,0.0,0.0,0.0,-9750.0,0.0,-9750.0,1646350,4697250
20-11: 12:15,19747.6,59800,10539850,-29000,-4.850000000002183,LC,0.0,0.0,-29000.0,0.0,-29000.0,0.0,1617350,4697250
20-11: 12:30,19743.8,83550,10534800,-5050,-3.7999999999992724,LC,0.0,0.0,-5050.0,0.0,-5050.0,0.0,1612300,4697250
20-11: 12:45,19739.9,34450,10521650,-13150,-3.899999999997817,LC,0.0,0.0,-13150.0,0.0,-13150.0,0.0,1599150,4697250
20-11: 13:00,19768.25,148750,10485700,-35950,28.349999999998545,SC,0.0,0.0,0.0,-35950.0,0.0,-35950.0,1599150,4661300
20-11: 13:15,19757.2,78600,10462650,-23050,-11.049999999999272,LC,0.0,0.0,-23050.0,0.0,-23050.0,0.0,1576100,4661300
20-11: 13:30,19775.65,112300,10442450,-20200,18.450000000000728,SC,0.0,0.0,0.0,-20200.0,0.0,-20200.0,1576100,4641100
20-11: 13:45,19752.0,77850,10426550,-15900,-23.650000000001455,LC,0.0,0.0,-15900.0,0.0,-15900.0,0.0,1560200,4641100
20-11: 14:00,19747.8,70600,10414650,-11900,-4.200000000000728,LC,0.0,0.0,-11900.0,0.0,-11900.0,0.0,1548300,4641100
20-11: 14:15,19762.55,62900,10419350,4700,14.75,LB,4700.0,0.0,0.0,0.0,4700.0,0.0,1553000,4641100
20-11: 14:30,19767.1,110450,10419650,300,4.549999999999272,LB,300.0,0.0,0.0,0.0,300.0,0.0,1553300,4641100
20-11: 14:45,19762.3,117500,10446850,27200,-4.799999999999272,SB,0.0,27200.0,0.0,0.0,0.0,27200.0,1553300,4668300
20-11: 15:00,19750.0,145150,10388500,-58350,-12.299999999999272,LC,0.0,0.0,-58350.0,0.0,-58350.0,0.0,1494950,4668300
20-11: 15:15,19751.5,255450,10387100,-1400,1.5,SC,0.0,0.0,0.0,-1400.0,0.0,-1400.0,1494950,4666900
21-11: 09:15,19829.3,445750,10079500,-307600,77.79999999999927,SC,0.0,0.0,0.0,-307600.0,0.0,-307600.0,1494950,4359300
21-11: 09:30,19842.4,180800,10075750,-3750,13.100000000002183,SC,0.0,0.0,0.0,-3750.0,0.0,-3750.0,1494950,4355550
21-11: 09:45,19825.9,152000,10141250,65500,-16.5,SB,0.0,65500.0,0.0,0.0,0.0,65500.0,1494950,4421050
21-11: 10:00,19827.0,118500,10176500,35250,1.0999999999985448,LB,35250.0,0.0,0.0,0.0,35250.0,0.0,1530200,4421050
21-11: 10:15,19839.45,161050,10238150,61650,12.450000000000728,LB,61650.0,0.0,0.0,0.0,61650.0,0.0,1591850,4421050
21-11: 10:30,19840.45,153150,10266000,27850,1.0,LB,27850.0,0.0,0.0,0.0,27850.0,0.0,1619700,4421050
21-11: 10:45,19834.6,98600,10292150,26150,-5.850000000002183,SB,0.0,26150.0,0.0,0.0,0.0,26150.0,1619700,4447200
21-11: 11:00,19836.6,50350,10307450,15300,2.0,LB,15300.0,0.0,0.0,0.0,15300.0,0.0,1635000,4447200
21-11: 11:15,19836.0,76350,10335800,28350,-0.5999999999985448,SB,0.0,28350.0,0.0,0.0,0.0,28350.0,1635000,4475550
21-11: 11:30,19837.1,56800,10355800,20000,1.0999999999985448,LB,20000.0,0.0,0.0,0.0,20000.0,0.0,1655000,4475550
21-11: 11:45,19839.6,41750,10370800,15000,2.5,LB,15000.0,0.0,0.0,0.0,15000.0,0.0,1670000,4475550
21-11: 12:00,19861.2,216050,10371250,450,21.600000000002183,LB,450.0,0.0,0.0,0.0,450.0,0.0,1670450,4475550
21-11: 12:15,19886.0,463050,10438500,67250,24.799999999999272,LB,67250.0,0.0,0.0,0.0,67250.0,0.0,1737700,4475550
21-11: 12:30,19870.45,179600,10392850,-45650,-15.549999999999272,LC,0.0,0.0,-45650.0,0.0,-45650.0,0.0,1692050,4475550
21-11: 12:45,19876.1,62850,10409100,16250,5.649999999997817,LB,16250.0,0.0,0.0,0.0,16250.0,0.0,1708300,4475550
21-11: 13:00,19832.7,252550,10283700,-125400,-43.39999999999782,LC,0.0,0.0,-125400.0,0.0,-125400.0,0.0,1582900,4475550
21-11: 13:15,19848.4,92650,10277250,-6450,15.700000000000728,SC,0.0,0.0,0.0,-6450.0,0.0,-6450.0,1582900,4469100
21-11: 13:30,19866.45,94350,10276350,-900,18.049999999999272,SC,0.0,0.0,0.0,-900.0,0.0,-900.0,1582900,4468200
21-11: 13:45,19860.0,44650,10283950,7600,-6.450000000000728,SB,0.0,7600.0,0.0,0.0,0.0,7600.0,1582900,4475800
21-11: 14:00,19850.05,63400,10294300,10350,-9.950000000000728,SB,0.0,10350.0,0.0,0.0,0.0,10350.0,1582900,4486150
21-11: 14:15,19843.7,42850,10303650,9350,-6.349999999998545,SB,0.0,9350.0,0.0,0.0,0.0,9350.0,1582900,4495500
21-11: 14:30,19855.5,109300,10321300,17650,11.799999999999272,LB,17650.0,0.0,0.0,0.0,17650.0,0.0,1600550,4495500
21-11: 14:45,19851.65,61400,10346350,25050,-3.849999999998545,SB,0.0,25050.0,0.0,0.0,0.0,25050.0,1600550,4520550
21-11: 15:00,19841.05,128450,10374900,28550,-10.600000000002183,SB,0.0,28550.0,0.0,0.0,0.0,28550.0,1600550,4549100
21-11: 15:15,19842.0,359450,10374050,-850,0.9500000000007276,SC,0.0,0.0,0.0,-850.0,0.0,-850.0,1600550,4548250
22-11: 09:15,19845.1,220900,10253450,-120600,3.099999999998545,SC,0.0,0.0,0.0,-120600.0,0.0,-120600.0,1600550,4427650
22-11: 09:30,19857.9,97450,10261500,8050,12.80000000000291,LB,8050.0,0.0,0.0,0.0,8050.0,0.0,1608600,4427650
22-11: 09:45,19867.0,173600,10277700,16200,9.099999999998545,LB,16200.0,0.0,0.0,0.0,16200.0,0.0,1624800,4427650
22-11: 10:00,19871.55,67000,10283300,5600,4.549999999999272,LB,5600.0,0.0,0.0,0.0,5600.0,0.0,1630400,4427650
22-11: 10:15,19863.9,110650,10289800,6500,-7.649999999997817,SB,0.0,6500.0,0.0,0.0,0.0,6500.0,1630400,4434150
22-11: 10:30,19872.7,59400,10281200,-8600,8.799999999999272,SC,0.0,0.0,0.0,-8600.0,0.0,-8600.0,1630400,4425550
22-11: 10:45,19863.4,69950,10281000,-200,-9.299999999999272,LC,0.0,0.0,-200.0,0.0,-200.0,0.0,1630200,4425550
22-11: 11:00,19862.2,75150,10291300,10300,-1.2000000000007276,SB,0.0,10300.0,0.0,0.0,0.0,10300.0,1630200,4435850
22-11: 11:15,19853.0,50850,10293550,2250,-9.200000000000728,SB,0.0,2250.0,0.0,0.0,0.0,2250.0,1630200,4438100
22-11: 11:30,19847.0,69000,10302900,9350,-6.0,SB,0.0,9350.0,0.0,0.0,0.0,9350.0,1630200,4447450
22-11: 11:45,19832.1,323750,10386550,83650,-14.900000000001455,SB,0.0,83650.0,0.0,0.0,0.0,83650.0,1630200,4531100
22-11: 12:00,19822.0,114150,10411300,24750,-10.099999999998545,SB,0.0,24750.0,0.0,0.0,0.0,24750.0,1630200,4555850
22-11: 12:15,19765.0,489550,10457950,46650,-57.0,SB,0.0,46650.0,0.0,0.0,0.0,46650.0,1630200,4602500
22-11: 12:30,19796.0,176650,10443700,-14250,31.0,SC,0.0,0.0,0.0,-14250.0,0.0,-14250.0,1630200,4588250
22-11: 12:45,19792.0,71750,10449750,6050,-4.0,SB,0.0,6050.0,0.0,0.0,0.0,6050.0,1630200,4594300
22-11: 13:00,19807.0,86750,10441150,-8600,15.0,SC,0.0,0.0,0.0,-8600.0,0.0,-8600.0,1630200,4585700
22-11: 13:15,19812.1,70800,10450100,8950,5.099999999998545,LB,8950.0,0.0,0.0,0.0,8950.0,0.0,1639150,4585700
22-11: 13:30,19807.0,90800,10438150,-11950,-5.099999999998545,LC,0.0,0.0,-11950.0,0.0,-11950.0,0.0,1627200,4585700
22-11: 13:45,19798.0,55500,10439550,1400,-9.0,SB,0.0,1400.0,0.0,0.0,0.0,1400.0,1627200,4587100
22-11: 14:00,19794.0,47350,10443600,4050,-4.0,SB,0.0,4050.0,0.0,0.0,0.0,4050.0,1627200,4591150
22-11: 14:15,19845.75,210400,10459750,16150,51.75,LB,16150.0,0.0,0.0,0.0,16150.0,0.0,1643350,4591150
22-11: 14:30,19875.5,428850,10668200,208450,29.75,LB,208450.0,0.0,0.0,0.0,208450.0,0.0,1851800,4591150
22-11: 14:45,19877.0,245400,10696050,27850,1.5,LB,27850.0,0.0,0.0,0.0,27850.0,0.0,1879650,4591150
22-11: 15:00,19881.1,269700,10698050,2000,4.099999999998545,LB,2000.0,0.0,0.0,0.0,2000.0,0.0,1881650,4591150
22-11: 15:15,19886.6,386550,10706500,8450,5.5,LB,8450.0,0.0,0.0,0.0,8450.0,0.0,1890100,4591150
