Date,Price,Open,High,Low,Change %
03/15/2024,6.87,6.89,6.9,6.86,-0.29%
03/14/2024,6.89,6.9,6.91,6.87,-0.29%
03/13/2024,6.91,6.91,6.93,6.88,0.29%
03-12-2024,6.89,6.91,6.93,6.89,-0.43%
03-11-2024,6.92,6.91,6.96,6.9,0.14%
03-07-2024,6.91,6.92,6.93,6.9,-0.29%
03-06-2024,6.93,6.93,6.97,6.91,-0.14%
03-05-2024,6.94,6.94,6.97,6.94,0.58%
03-04-2024,6.9,6.91,6.96,6.9,0.00%
03-01-2024,6.9,6.92,6.96,6.88,0.15%
02/29/2024,6.89,6.98,6.98,6.89,-1.15%
02/28/2024,6.97,7,7.03,6.97,-0.71%
02/27/2024,7.02,7.05,7.05,6.99,0.00%
02/26/2024,7.02,7.06,7.06,6.97,-0.43%
02/23/2024,7.05,7.03,7.06,7.02,0.00%
02/22/2024,7.05,7.03,7.05,7.01,-0.14%
02/21/2024,7.06,7.06,7.07,7.04,0.00%
02/20/2024,7.06,7.05,7.06,7.04,0.14%
02/16/2024,7.05,7.05,7.06,7.02,-0.14%
02/15/2024,7.06,7.07,7.07,7.04,0.14%
02/14/2024,7.05,7.03,7.06,7.02,0.28%
02/13/2024,7.03,7.03,7.05,7.01,0.14%
02-12-2024,7.02,7.02,7.04,7,-0.14%
02-09-2024,7.03,7.01,7.05,7.01,-0.14%
02-08-2024,7.04,7.02,7.05,7.02,0.14%
02-07-2024,7.03,7.02,7.06,7.02,-0.28%
02-06-2024,7.05,7.01,7.05,7.01,0.28%
02-05-2024,7.03,7,7.05,7,0.14%
02-02-2024,7.02,7.02,7.05,7.02,-0.28%
02-01-2024,7.04,7.05,7.06,7.03,0.00%
01/31/2024,7.04,7.01,7.05,7.01,0.00%
01/30/2024,7.04,7.02,7.06,7.02,0.00%
01/29/2024,7.04,7.05,7.06,7.02,0.14%
01/25/2024,7.03,7.05,7.05,7.01,0.57%
01/24/2024,6.99,6.98,7.01,6.98,0.00%
01/23/2024,6.99,6.99,6.99,6.97,-0.14%
01/19/2024,7,6.99,7,6.98,0.14%
01/18/2024,6.99,6.99,7,6.97,0.58%
01/17/2024,6.95,6.95,6.97,6.94,-0.29%
01/16/2024,6.97,6.97,6.97,6.94,0.29%
01/15/2024,6.95,6.95,6.97,6.93,0.00%
01-12-2024,6.95,6.94,6.98,6.94,0.00%
01-11-2024,6.95,6.96,6.96,6.94,-0.14%
01-10-2024,6.96,6.95,6.98,6.95,0.00%
01-09-2024,6.96,6.95,6.97,6.94,0.14%
01-08-2024,6.95,6.94,6.97,6.94,0.29%
01-05-2024,6.93,6.95,6.97,6.93,-0.43%
01-04-2024,6.96,6.95,6.97,6.95,0.43%
01-03-2024,6.93,6.92,6.96,6.89,0.00%
01-02-2024,6.93,6.95,6.96,6.9,-0.14%
01-01-2024,6.94,6.97,6.97,6.93,0.58%
12/29/2023,6.9,6.96,6.96,6.9,-0.86%
12/28/2023,6.96,6.96,6.97,6.94,-0.14%
12/27/2023,6.97,6.96,7,6.95,-0.29%
12/26/2023,6.99,6.96,6.99,6.95,0.29%
12/22/2023,6.97,6.95,6.97,6.95,0.14%
12/21/2023,6.96,6.97,6.97,6.95,-0.29%
12/20/2023,6.98,6.96,6.98,6.96,0.43%
12/19/2023,6.95,6.95,6.96,6.92,0.29%
12/18/2023,6.93,6.94,6.97,6.92,0.58%
12/15/2023,6.89,6.97,6.98,6.89,-1.43%
12/14/2023,6.99,6.99,7,6.94,0.29%
12/13/2023,6.97,6.95,6.98,6.95,0.00%
12-12-2023,6.97,6.96,6.98,6.95,0.29%
12-11-2023,6.95,6.95,6.98,6.95,-0.29%
12-08-2023,6.97,6.97,6.98,6.96,-0.14%
12-07-2023,6.98,6.98,6.98,6.97,0.14%
12-06-2023,6.97,6.98,6.99,6.97,-0.14%
12-05-2023,6.98,6.96,7,6.96,0.00%
12-04-2023,6.98,6.99,6.99,6.96,0.00%
12-01-2023,6.98,6.98,7,6.96,-0.14%
11/30/2023,6.99,6.99,6.99,6.97,0.14%
11/29/2023,6.98,6.97,6.98,6.94,0.43%
11/28/2023,6.95,6.94,6.97,6.94,0.00%
11/24/2023,6.95,6.96,6.97,6.94,0.00%
11/23/2023,6.95,6.96,6.98,6.94,0.14%
11/22/2023,6.94,6.94,6.95,6.93,-0.14%
11/21/2023,6.95,6.93,6.95,6.92,0.00%
11/20/2023,6.95,6.93,6.95,6.92,0.29%
11/17/2023,6.93,6.93,6.95,6.92,0.00%
11/16/2023,6.93,6.95,6.96,6.92,0.00%
11/15/2023,6.93,6.94,6.95,6.91,-0.14%
11/13/2023,6.94,6.94,6.95,6.92,0.00%
11-10-2023,6.94,6.95,6.95,6.93,0.00%
11-09-2023,6.94,6.94,6.95,6.93,0.14%
11-08-2023,6.93,6.96,6.96,6.93,0.00%
11-07-2023,6.93,6.92,6.95,6.92,0.00%
11-06-2023,6.93,6.92,6.96,6.9,-0.29%
11-03-2023,6.95,6.93,6.95,6.9,0.00%
11-02-2023,6.95,6.95,6.95,6.92,0.29%
11-01-2023,6.93,6.95,6.95,6.92,-0.14%
10/31/2023,6.94,6.92,6.95,6.92,0.29%
10/30/2023,6.92,6.92,6.95,6.92,-0.43%
10/27/2023,6.95,6.92,6.95,6.92,0.29%
10/26/2023,6.93,6.95,6.96,6.92,0.00%
10/25/2023,6.93,6.93,6.94,6.92,0.00%
10/23/2023,6.93,6.93,6.95,6.93,0.00%
10/20/2023,6.93,6.92,6.95,6.91,0.00%
10/19/2023,6.93,6.9,6.94,6.89,0.58%
10/18/2023,6.89,6.89,6.9,6.87,0.15%
10/17/2023,6.88,6.89,6.9,6.88,0.00%
10/16/2023,6.88,6.89,6.9,6.88,-0.29%
10/13/2023,6.9,6.9,6.91,6.87,0.00%
10-12-2023,6.9,6.9,6.9,6.89,0.15%
10-11-2023,6.89,6.87,6.89,6.86,0.15%
10-10-2023,6.88,6.88,6.89,6.87,-0.15%
10-09-2023,6.89,6.87,6.89,6.87,0.15%
10-06-2023,6.88,6.87,6.89,6.83,0.15%
10-05-2023,6.87,6.86,6.9,6.85,0.29%
10-04-2023,6.85,6.85,6.89,6.8,0.29%
10-03-2023,6.83,6.87,6.88,6.82,-0.58%
09/29/2023,6.87,6.87,6.88,6.85,0.00%
09/28/2023,6.87,6.87,6.88,6.85,0.00%
09/27/2023,6.87,6.87,6.88,6.85,0.15%
09/26/2023,6.86,6.82,6.86,6.8,0.59%
09/25/2023,6.82,6.83,6.88,6.8,0.00%
09/22/2023,6.82,6.82,6.87,6.82,-0.44%
09/21/2023,6.85,6.87,6.88,6.82,0.00%
09/20/2023,6.85,6.86,6.88,6.85,0.15%
09/18/2023,6.84,6.85,6.87,6.84,-0.29%
09/15/2023,6.86,6.84,6.87,6.84,0.29%
09/14/2023,6.84,6.84,6.86,6.81,-0.15%
09/13/2023,6.85,6.84,6.88,6.84,-0.29%
09-12-2023,6.87,6.82,6.88,6.82,0.59%
09-11-2023,6.83,6.82,6.86,6.82,-0.29%
09-08-2023,6.85,6.81,6.85,6.8,0.59%
09-07-2023,6.81,6.83,6.83,6.81,-0.15%
09-06-2023,6.82,6.81,6.84,6.78,0.29%
09-05-2023,6.8,6.8,6.85,6.8,0.00%
09-04-2023,6.8,6.81,6.84,6.8,-0.15%
09-01-2023,6.81,6.8,6.83,6.79,0.29%
08/31/2023,6.79,6.82,6.83,6.78,-0.59%
08/30/2023,6.83,6.81,6.86,6.81,0.44%
08/29/2023,6.8,6.8,6.85,6.8,0.00%
08/28/2023,6.8,6.83,6.84,6.77,-1.02%
08/25/2023,6.87,6.86,6.87,6.82,-0.15%
08/24/2023,6.88,6.86,6.89,6.85,0.29%
08/23/2023,6.86,6.82,6.86,6.82,0.00%
08/22/2023,6.86,6.84,6.86,6.81,0.00%
08/21/2023,6.86,6.85,6.88,6.85,0.00%
08/18/2023,6.86,6.87,6.88,6.85,-0.15%
08/17/2023,6.87,6.8,6.87,6.8,1.48%
08/14/2023,6.77,6.78,6.8,6.77,0.00%
08-11-2023,6.77,6.78,6.8,6.76,0.00%
08-10-2023,6.77,6.77,6.79,6.77,0.30%
08-09-2023,6.75,6.74,6.78,6.73,0.00%
08-08-2023,6.75,6.74,6.75,6.74,0.00%
08-07-2023,6.75,6.73,6.75,6.73,0.30%
08-04-2023,6.73,6.73,6.76,6.72,-0.15%
08-03-2023,6.74,6.73,6.75,6.73,0.00%
08-02-2023,6.74,6.73,6.74,6.72,0.00%
08-01-2023,6.74,6.73,6.76,6.73,0.00%
07/31/2023,6.74,6.73,6.74,6.72,-0.15%
07/28/2023,6.75,6.74,6.77,6.7,0.30%
07/27/2023,6.73,6.74,6.74,6.69,-0.15%
07/26/2023,6.74,6.73,6.74,6.72,0.15%
07/25/2023,6.73,6.73,6.74,6.72,-0.15%
07/24/2023,6.74,6.73,6.74,6.72,0.15%
07/21/2023,6.73,6.72,6.73,6.72,-0.15%
07/20/2023,6.74,6.74,6.74,6.73,0.00%
07/19/2023,6.74,6.73,6.75,6.69,0.00%
07/18/2023,6.74,6.73,6.75,6.72,0.15%
07/17/2023,6.73,6.76,6.76,6.73,0.00%
07/14/2023,6.73,6.74,6.76,6.71,0.15%
07/13/2023,6.72,6.75,6.75,6.72,0.00%
07-12-2023,6.72,6.73,6.75,6.71,0.00%
07-11-2023,6.72,6.73,6.77,6.71,-0.44%
07-10-2023,6.75,6.72,6.76,6.72,0.30%
07-07-2023,6.73,6.74,6.75,6.73,-0.30%
07-06-2023,6.75,6.75,6.76,6.73,0.30%
07-05-2023,6.73,6.72,6.74,6.71,0.00%
07-04-2023,6.73,6.73,6.75,6.72,-0.59%
07-03-2023,6.77,6.75,6.77,6.75,0.00%
06/30/2023,6.77,6.78,6.78,6.73,-0.15%
06/28/2023,6.78,6.78,6.8,6.77,0.00%
06/27/2023,6.78,6.77,6.8,6.77,0.00%
06/26/2023,6.78,6.73,6.78,6.73,0.59%
06/23/2023,6.74,6.74,6.76,6.73,-0.30%
06/22/2023,6.76,6.76,6.76,6.75,-0.15%
06/21/2023,6.77,6.78,6.81,6.75,-0.59%
06/20/2023,6.81,6.78,6.81,6.77,0.15%
06/19/2023,6.8,6.78,6.82,6.77,0.44%
06/16/2023,6.77,6.8,6.81,6.76,-0.59%
06/15/2023,6.81,6.81,6.82,6.79,0.59%
06/14/2023,6.77,6.76,6.78,6.75,0.00%
06/13/2023,6.77,6.75,6.78,6.74,0.30%
06-12-2023,6.75,6.75,6.77,6.74,-0.15%
06-09-2023,6.76,6.76,6.78,6.76,0.00%
06-08-2023,6.76,6.78,6.78,6.75,0.15%
06-07-2023,6.75,6.73,6.77,6.73,0.00%
06-06-2023,6.75,6.73,6.78,6.73,0.30%
06-05-2023,6.73,6.76,6.79,6.73,-0.30%
06-02-2023,6.75,6.77,6.78,6.74,-0.15%
06-01-2023,6.76,6.76,6.78,6.75,-0.15%
05/31/2023,6.77,6.78,6.79,6.77,0.30%
05/30/2023,6.75,6.75,6.78,6.75,0.00%
05/29/2023,6.75,6.75,6.77,6.75,-0.15%
05/26/2023,6.76,6.74,6.76,6.73,-0.15%
05/25/2023,6.77,6.78,6.8,6.75,0.00%
05/24/2023,6.77,6.78,6.78,6.75,-0.15%
05/23/2023,6.78,6.78,6.78,6.74,0.74%
05/22/2023,6.73,6.74,6.78,6.72,-0.74%
05/19/2023,6.78,6.83,6.85,6.77,-1.02%
05/18/2023,6.85,6.86,6.86,6.82,-0.29%
05/17/2023,6.87,6.95,6.97,6.85,-0.58%
05/16/2023,6.91,6.93,6.93,6.9,-0.58%
05/15/2023,6.95,6.94,6.95,6.93,0.00%
05-12-2023,6.95,6.95,6.95,6.94,0.00%
05-11-2023,6.95,6.96,6.96,6.92,0.00%
05-10-2023,6.95,6.92,6.96,6.89,1.02%
05-09-2023,6.88,6.88,6.91,6.88,-0.43%
05-08-2023,6.91,6.91,6.91,6.86,0.44%
05-04-2023,6.88,6.91,6.91,6.86,0.00%
05-03-2023,6.88,6.85,6.88,6.82,0.29%
05-02-2023,6.86,6.83,6.87,6.8,-0.15%
04/28/2023,6.87,6.84,6.88,6.83,0.59%
04/27/2023,6.83,6.83,6.85,6.83,0.15%
04/26/2023,6.82,6.75,6.82,6.75,1.04%
04/25/2023,6.75,6.76,6.77,6.74,0.00%
04/24/2023,6.75,6.76,6.78,6.74,-0.44%
04/21/2023,6.78,6.79,6.81,6.75,0.00%
04/20/2023,6.78,6.79,6.81,6.75,0.74%
04/19/2023,6.73,6.72,6.77,6.72,0.00%
04/18/2023,6.73,6.73,6.75,6.72,0.15%
04/17/2023,6.72,6.72,6.75,6.72,-0.15%
04/13/2023,6.73,6.73,6.75,6.7,0.75%
04-12-2023,6.68,6.61,6.71,6.61,-0.30%
04-11-2023,6.7,6.74,6.78,6.69,-0.74%
04-10-2023,6.75,6.78,6.8,6.72,-0.44%
04-06-2023,6.78,6.95,6.95,6.73,-0.73%
04-05-2023,6.83,6.95,6.95,6.82,-1.01%
04-03-2023,6.9,6.97,6.98,6.88,-1.85%
03/31/2023,7.03,7.13,7.15,7.02,-2.09%
03/29/2023,7.18,7.13,7.18,7.12,2.13%
03/28/2023,7.03,6.75,7.03,6.75,3.69%
03/27/2023,6.78,6.73,6.78,6.73,0.30%
03/24/2023,6.76,6.76,6.76,6.72,-0.29%
03/23/2023,6.78,6.78,6.84,6.73,0.00%
03/21/2023,6.78,6.78,6.79,6.75,-0.44%
03/20/2023,6.81,6.78,6.81,6.77,0.00%
03/17/2023,6.81,6.81,6.82,6.78,0.00%
03/16/2023,6.81,6.88,6.88,6.77,-0.87%
03/15/2023,6.87,6.88,6.9,6.87,-0.43%
03/14/2023,6.9,6.9,6.91,6.85,0.44%
03/13/2023,6.87,6.87,6.88,6.85,-0.43%
03-10-2023,6.9,6.95,6.96,6.9,-1.00%
03-09-2023,6.97,6.99,6.99,6.95,0.29%
03-08-2023,6.95,6.93,6.99,6.92,0.43%
03-06-2023,6.92,6.94,6.98,6.92,-0.43%
03-03-2023,6.95,6.93,6.95,6.93,0.14%
03-02-2023,6.94,6.96,6.96,6.93,0.00%
03-01-2023,6.94,6.9,6.97,6.89,0.43%
02/28/2023,6.91,6.9,6.91,6.87,0.14%
02/27/2023,6.9,6.88,6.93,6.87,-0.14%
02/24/2023,6.91,6.87,6.91,6.87,0.73%
02/23/2023,6.86,6.82,6.86,6.82,0.59%
02/22/2023,6.82,6.8,6.82,6.8,0.29%
02/21/2023,6.8,6.8,6.81,6.79,0.29%
02/20/2023,6.78,6.76,6.79,6.76,-0.15%
02/17/2023,6.79,6.74,6.8,6.74,0.59%
02/16/2023,6.75,6.75,6.76,6.73,0.45%
02/15/2023,6.72,6.71,6.73,6.7,0.30%
02/14/2023,6.7,6.67,6.73,6.67,0.30%
02/13/2023,6.68,6.68,6.69,6.67,-0.15%
02-10-2023,6.69,6.69,6.71,6.67,0.00%
02-09-2023,6.69,6.66,6.71,6.66,1.67%
02-08-2023,6.58,6.54,6.58,6.53,0.30%
02-07-2023,6.56,6.54,6.58,6.54,0.31%
02-06-2023,6.54,6.56,6.58,6.54,-0.46%
02-03-2023,6.57,6.57,6.57,6.55,0.15%
02-02-2023,6.56,6.56,6.56,6.55,0.77%
02-01-2023,6.51,6.49,6.51,6.47,0.46%
01/31/2023,6.48,6.48,6.49,6.48,-0.15%
01/30/2023,6.49,6.5,6.5,6.46,0.15%
01/27/2023,6.48,6.49,6.49,6.46,0.47%
01/25/2023,6.45,6.43,6.45,6.42,0.47%
01/24/2023,6.42,6.42,6.44,6.42,-0.16%
01/23/2023,6.43,6.43,6.45,6.42,-0.31%
01/20/2023,6.45,6.43,6.49,6.41,0.31%
01/19/2023,6.43,6.45,6.45,6.42,-0.46%
01/18/2023,6.46,6.46,6.48,6.43,0.47%
01/17/2023,6.43,6.4,6.43,6.4,0.00%
01/16/2023,6.43,6.41,6.44,6.4,0.16%
01/13/2023,6.42,6.41,6.42,6.4,0.00%
01-12-2023,6.42,6.4,6.42,6.39,0.31%
01-11-2023,6.4,6.36,6.4,6.35,0.31%
01-10-2023,6.38,6.37,6.39,6.36,0.00%
01-09-2023,6.38,6.37,6.38,6.35,0.16%
01-06-2023,6.37,6.36,6.39,6.35,0.00%
01-05-2023,6.37,6.38,6.38,6.35,0.16%
01-04-2023,6.36,6.3,6.38,6.3,0.95%
01-03-2023,6.3,6.3,6.3,6.27,0.16%
01-02-2023,6.29,6.33,6.33,6.28,-0.79%
12/30/2022,6.34,6.3,6.35,6.29,0.48%
12/29/2022,6.31,6.34,6.34,6.31,-0.47%
12/28/2022,6.34,6.39,6.42,6.32,-0.63%
12/27/2022,6.38,6.38,6.41,6.37,0.16%
12/26/2022,6.37,6.38,6.4,6.37,-0.31%
12/23/2022,6.39,6.39,6.4,6.37,0.16%
12/22/2022,6.38,6.43,6.43,6.37,-1.24%
12/21/2022,6.46,6.45,6.46,6.44,0.47%
12/20/2022,6.43,6.42,6.43,6.41,0.00%
12/19/2022,6.43,6.42,6.43,6.4,0.16%
12/16/2022,6.42,6.42,6.42,6.41,0.00%
12/15/2022,6.42,6.42,6.42,6.39,0.16%
12/14/2022,6.41,6.39,6.41,6.37,0.63%
12/13/2022,6.37,6.37,6.41,6.37,-0.47%
12-12-2022,6.4,6.41,6.42,6.38,0.31%
12-09-2022,6.38,6.39,6.4,6.38,-0.31%
12-08-2022,6.4,6.4,6.44,6.36,0.00%
12-07-2022,6.4,6.36,6.4,6.35,0.63%
12-06-2022,6.36,6.36,6.37,6.33,0.00%
12-05-2022,6.36,6.38,6.38,6.34,-0.16%
12-02-2022,6.37,6.41,6.41,6.36,-0.31%
12-01-2022,6.39,6.4,6.41,6.37,-0.31%
11/30/2022,6.41,6.43,6.43,6.39,-0.16%
11/29/2022,6.42,6.41,6.42,6.4,0.00%
11/28/2022,6.42,6.43,6.43,6.4,-0.47%
11/25/2022,6.45,6.43,6.46,6.43,0.47%
11/24/2022,6.42,6.46,6.46,6.41,-0.31%
11/23/2022,6.44,6.42,6.44,6.42,0.16%
11/22/2022,6.43,6.43,6.44,6.41,0.00%
11/21/2022,6.43,6.43,6.45,6.4,0.00%
11/18/2022,6.43,6.4,6.43,6.4,0.00%
11/17/2022,6.43,6.46,6.48,6.4,-0.31%
11/16/2022,6.45,6.48,6.49,6.44,-0.46%
11/15/2022,6.48,6.5,6.5,6.46,0.00%
11/14/2022,6.48,6.45,6.48,6.44,0.78%
11-11-2022,6.43,6.45,6.45,6.42,-0.31%
11-10-2022,6.45,6.48,6.5,6.44,0.00%
11-09-2022,6.45,6.45,6.45,6.42,-0.31%
11-07-2022,6.47,6.47,6.48,6.45,-0.15%
11-04-2022,6.48,6.48,6.48,6.44,0.31%
11-03-2022,6.46,6.48,6.48,6.45,-0.15%
11-02-2022,6.47,6.43,6.48,6.4,0.31%
11-01-2022,6.45,6.43,6.48,6.43,0.16%
10/31/2022,6.44,6.44,6.45,6.42,-0.16%
10/28/2022,6.45,6.41,6.45,6.4,1.10%
10/27/2022,6.38,6.36,6.38,6.33,0.31%
10/25/2022,6.36,6.38,6.39,6.36,-0.31%
10/21/2022,6.38,6.38,6.39,6.37,0.00%
10/20/2022,6.38,6.35,6.39,6.34,0.79%
10/19/2022,6.33,6.28,6.33,6.28,0.48%
10/18/2022,6.3,6.29,6.32,6.27,0.00%
10/17/2022,6.3,6.31,6.33,6.3,-0.47%
10/14/2022,6.33,6.33,6.33,6.3,0.48%
10/13/2022,6.3,6.31,6.34,6.3,1.12%
10-12-2022,6.23,6.23,6.24,6.2,0.48%
10-11-2022,6.2,6.13,6.25,6.13,1.14%
10-10-2022,6.13,6.08,6.16,6.08,0.16%
10-07-2022,6.12,6.08,6.12,6.07,0.49%
10-06-2022,6.09,6.08,6.1,6.06,2.18%
10-04-2022,5.96,5.99,5.99,5.95,-0.33%
10-03-2022,5.98,6.08,6.08,5.97,-1.81%
09/30/2022,6.09,6.08,6.1,6.08,0.00%
09/29/2022,6.09,6.17,6.18,6.08,-0.16%
09/28/2022,6.1,5.93,6.11,5.92,2.18%
09/27/2022,5.97,5.95,5.98,5.93,0.51%
09/26/2022,5.94,5.88,5.95,5.87,0.68%
09/23/2022,5.9,5.97,5.97,5.9,0.34%
09/22/2022,5.88,5.9,5.92,5.87,0.51%
09/21/2022,5.85,5.78,5.85,5.76,1.04%
09/20/2022,5.79,5.78,5.82,5.75,0.17%
09/19/2022,5.78,5.74,5.84,5.74,0.17%
09/16/2022,5.77,5.75,5.78,5.74,0.17%
09/15/2022,5.76,5.75,5.76,5.74,1.05%
09/14/2022,5.7,5.67,5.71,5.66,0.71%
09/13/2022,5.66,5.67,5.69,5.65,0.00%
09-12-2022,5.66,5.64,5.67,5.63,0.35%
09-09-2022,5.64,5.64,5.66,5.6,0.00%
09-08-2022,5.64,5.62,5.66,5.59,0.89%
09-07-2022,5.59,5.66,5.66,5.59,-0.18%
09-06-2022,5.6,5.6,5.66,5.6,-0.53%
09-05-2022,5.63,5.62,5.63,5.62,0.00%
09-02-2022,5.63,5.62,5.65,5.6,-0.53%
09-01-2022,5.66,5.67,5.67,5.62,1.25%
08/30/2022,5.59,5.6,5.66,5.59,-0.18%
08/29/2022,5.6,5.59,5.62,5.59,0.18%
08/26/2022,5.59,5.61,5.63,5.57,-0.53%
08/25/2022,5.62,5.62,5.63,5.59,0.72%
08/24/2022,5.58,5.55,5.58,5.54,1.09%
08/23/2022,5.52,5.54,5.55,5.5,-1.08%
08/22/2022,5.58,5.58,5.58,5.55,0.54%
08/19/2022,5.55,5.53,5.56,5.52,-0.18%
08/18/2022,5.56,5.58,5.58,5.54,0.36%
08/17/2022,5.54,5.57,5.59,5.54,-0.18%
08-12-2022,5.55,5.57,5.57,5.54,-1.07%
08-11-2022,5.61,5.6,5.62,5.59,1.45%
08-10-2022,5.53,5.56,5.57,5.52,-0.90%
08-08-2022,5.58,5.58,5.58,5.56,0.00%
08-05-2022,5.58,5.53,5.58,5.5,0.90%
08-04-2022,5.53,5.58,5.58,5.53,0.00%
08-03-2022,5.53,5.5,5.53,5.49,1.10%
08-02-2022,5.47,5.58,5.58,5.47,-1.97%
08-01-2022,5.58,5.6,5.6,5.55,-0.36%
07/29/2022,5.6,5.63,5.63,5.57,0.00%
07/28/2022,5.6,5.65,5.65,5.58,-0.53%
07/27/2022,5.63,5.45,5.66,5.42,3.49%
07/26/2022,5.44,5.43,5.46,5.42,-0.18%
07/25/2022,5.45,5.41,5.45,5.41,0.00%
07/22/2022,5.45,5.44,5.45,5.4,0.37%
07/21/2022,5.43,5.43,5.44,5.4,1.12%
07/20/2022,5.37,5.25,5.38,5.24,2.29%
07/19/2022,5.25,5.23,5.27,5.22,0.38%
07/18/2022,5.23,5.22,5.26,5.22,0.00%
07/15/2022,5.23,5.23,5.29,5.2,0.19%
07/14/2022,5.22,5.24,5.25,5.21,0.77%
07/13/2022,5.18,5.15,5.2,5.14,0.39%
07-12-2022,5.16,5.13,5.19,5.13,0.19%
07-11-2022,5.15,5.13,5.15,5.1,-0.39%
07-08-2022,5.17,5.13,5.17,5.12,0.19%
07-07-2022,5.16,5.16,5.18,5.13,1.38%
07-06-2022,5.09,5.13,5.13,5.06,-0.59%
07-05-2022,5.12,5.09,5.12,5.09,0.20%
07-04-2022,5.11,5.12,5.13,5.1,-0.39%
07-01-2022,5.13,5.13,5.13,5.1,-0.19%
06/30/2022,5.14,5.18,5.18,5.14,0.19%
06/29/2022,5.13,5.14,5.14,5.09,0.59%
06/28/2022,5.1,5.09,5.1,5.08,0.39%
06/27/2022,5.08,5.09,5.1,5.07,-0.59%
06/24/2022,5.11,5.1,5.11,5.08,0.00%
06/23/2022,5.11,5.1,5.11,5.08,0.79%
06/22/2022,5.07,5.06,5.07,5.04,0.40%
06/21/2022,5.05,5.03,5.06,5.03,-0.39%
06/20/2022,5.07,5.11,5.11,5.07,-0.98%
06/17/2022,5.12,5.06,5.13,5.05,0.99%
06/16/2022,5.07,5.05,5.08,5.05,0.60%
06/15/2022,5.04,4.97,5.04,4.97,1.20%
06/14/2022,4.98,4.98,5.03,4.97,-0.20%
06/13/2022,4.99,4.98,5,4.95,-0.20%
06-10-2022,5,4.98,5,4.97,-0.20%
06-09-2022,5.01,5.02,5.02,4.97,0.80%
06-08-2022,4.97,5.01,5.01,4.95,-1.00%
06-07-2022,5.02,4.98,5.03,4.97,0.80%
06-06-2022,4.98,4.98,4.99,4.97,0.00%
06-03-2022,4.98,4.98,4.98,4.94,0.20%
06-02-2022,4.97,4.98,4.98,4.95,0.81%
06-01-2022,4.93,4.95,4.96,4.9,0.41%
05/31/2022,4.91,4.91,4.92,4.9,0.41%
05/30/2022,4.89,4.87,4.89,4.87,0.20%
05/27/2022,4.88,4.88,4.9,4.87,-0.20%
05/26/2022,4.89,4.89,4.9,4.86,0.20%
05/25/2022,4.88,4.91,4.91,4.85,0.21%
05/24/2022,4.87,4.89,4.92,4.85,0.00%
05/23/2022,4.87,4.91,4.91,4.87,-1.02%
05/20/2022,4.92,4.91,4.92,4.9,0.20%
05/19/2022,4.91,4.91,4.91,4.89,0.41%
05/18/2022,4.89,4.88,4.9,4.87,0.20%
05/17/2022,4.88,4.91,4.91,4.85,-0.41%
05/13/2022,4.9,4.96,4.96,4.89,1.24%
05-12-2022,4.84,4.88,4.89,4.84,1.89%
05-11-2022,4.75,4.58,4.75,4.57,2.59%
05-10-2022,4.63,4.63,4.68,4.53,0.22%
05-09-2022,4.62,4.53,4.63,4.52,0.87%
05-06-2022,4.58,4.65,4.65,4.52,0.00%
05-05-2022,4.58,4.37,4.58,4.33,4.81%
05-04-2022,4.37,4.03,4.43,4.02,8.44%
05-02-2022,4.03,4.05,4.05,4.03,0.00%
04/29/2022,4.03,4,4.03,3.99,0.50%
04/28/2022,4.01,4.01,4.01,3.99,0.25%
04/27/2022,4,3.98,4,3.97,0.50%
04/26/2022,3.98,3.95,3.99,3.94,0.51%
04/25/2022,3.96,3.96,3.97,3.95,-0.50%
04/22/2022,3.98,3.98,3.98,3.96,0.25%
04/21/2022,3.97,3.98,3.98,3.96,0.00%
04/20/2022,3.97,3.98,3.98,3.96,-0.50%
04/19/2022,3.99,4.01,4.01,3.97,-0.50%
04/18/2022,4.01,4,4.01,3.99,0.50%
04/13/2022,3.99,4,4,3.97,0.25%
04-12-2022,3.98,3.98,3.99,3.94,-0.50%
04-11-2022,4,3.97,4,3.94,0.50%
04-08-2022,3.98,3.88,4.02,3.87,2.84%
04-07-2022,3.87,3.88,3.88,3.84,2.38%
04-06-2022,3.78,3.73,3.78,3.73,1.34%
04-05-2022,3.73,3.75,3.75,3.72,-0.53%
04-04-2022,3.75,3.74,3.79,3.72,-2.09%
03/31/2022,3.83,3.87,3.87,3.75,0.00%
03/30/2022,3.83,3.78,3.84,3.78,1.32%
03/29/2022,3.78,3.78,3.78,3.77,0.00%
03/28/2022,3.78,3.78,3.8,3.77,-0.26%
03/25/2022,3.79,3.79,3.79,3.78,-0.26%
03/24/2022,3.8,3.8,3.82,3.8,0.00%
03/23/2022,3.8,3.79,3.81,3.78,1.06%
03/22/2022,3.76,3.76,3.77,3.75,-0.53%
03/21/2022,3.78,3.75,3.78,3.75,0.27%
03/17/2022,3.77,3.79,3.79,3.76,-0.53%
03/16/2022,3.79,3.78,3.79,3.77,-0.26%
03/15/2022,3.8,3.82,3.82,3.79,-0.78%
03/14/2022,3.83,3.83,3.83,3.82,0.00%
03-11-2022,3.83,3.83,3.84,3.8,-0.26%
03-10-2022,3.84,3.83,3.86,3.82,1.59%
03-09-2022,3.78,3.83,3.84,3.75,-1.56%
03-08-2022,3.84,3.82,3.85,3.81,0.26%
03-07-2022,3.83,3.79,3.85,3.78,0.79%
03-04-2022,3.8,3.78,3.8,3.78,0.26%
03-03-2022,3.79,3.77,3.79,3.75,0.26%
03-02-2022,3.78,3.71,3.78,3.7,1.34%
02/28/2022,3.73,3.71,3.74,3.7,-0.27%
02/25/2022,3.74,3.73,3.74,3.71,0.00%
02/24/2022,3.74,3.72,3.74,3.7,0.81%
02/23/2022,3.71,3.71,3.72,3.7,-0.27%
02/22/2022,3.72,3.7,3.72,3.7,0.27%
02/21/2022,3.71,3.71,3.72,3.68,-0.27%
02/18/2022,3.72,3.68,3.73,3.67,1.64%
02/17/2022,3.66,3.7,3.71,3.66,-1.88%
02/16/2022,3.73,3.78,3.78,3.7,-1.06%
02/15/2022,3.77,3.78,3.79,3.75,0.27%
02/14/2022,3.76,3.78,3.78,3.74,0.27%
02-11-2022,3.75,3.78,3.78,3.72,-0.27%
02-10-2022,3.76,3.88,3.88,3.74,-3.09%
02-09-2022,3.88,3.89,3.89,3.87,-0.51%
02-08-2022,3.9,3.88,3.9,3.86,1.04%
02-04-2022,3.86,3.86,3.86,3.85,0.78%
02-03-2022,3.83,3.87,3.9,3.83,-0.26%
02-02-2022,3.84,3.76,3.84,3.75,1.86%
02-01-2022,3.77,3.74,3.78,3.73,0.27%
01/31/2022,3.76,3.73,3.77,3.72,0.00%
01/28/2022,3.76,3.73,3.76,3.73,0.00%
01/27/2022,3.76,3.71,3.76,3.71,1.35%
01/25/2022,3.71,3.71,3.72,3.7,-0.54%
01/24/2022,3.73,3.73,3.73,3.72,0.00%
01/21/2022,3.73,3.7,3.73,3.7,0.00%
01/20/2022,3.73,3.69,3.73,3.69,1.36%
01/19/2022,3.68,3.61,3.68,3.61,2.22%
01/18/2022,3.6,3.6,3.62,3.6,0.00%
01/17/2022,3.6,3.58,3.62,3.58,0.28%
01/14/2022,3.59,3.58,3.6,3.57,0.28%
01/13/2022,3.58,3.58,3.59,3.57,0.28%
01-12-2022,3.57,3.57,3.62,3.57,-0.28%
01-11-2022,3.58,3.56,3.62,3.55,-0.28%
01-10-2022,3.59,3.59,3.6,3.57,-0.28%
01-07-2022,3.6,3.58,3.6,3.57,0.84%
01-06-2022,3.57,3.56,3.57,3.55,-0.28%
01-05-2022,3.58,3.59,3.59,3.57,-0.56%
01-04-2022,3.6,3.6,3.6,3.58,0.28%
01-03-2022,3.59,3.63,3.63,3.58,-1.37%
12/31/2021,3.64,3.66,3.66,3.63,-0.27%
12/30/2021,3.65,3.65,3.67,3.64,0.55%
12/29/2021,3.63,3.65,3.68,3.63,-0.27%
12/28/2021,3.64,3.64,3.65,3.63,0.00%
12/27/2021,3.64,3.64,3.66,3.64,0.28%
12/24/2021,3.63,3.67,3.7,3.63,-0.82%
12/23/2021,3.66,3.72,3.73,3.65,-0.54%
12/22/2021,3.68,3.68,3.68,3.67,0.27%
12/21/2021,3.67,3.57,3.67,3.57,1.94%
12/20/2021,3.6,3.55,3.6,3.55,1.12%
12/17/2021,3.56,3.55,3.59,3.54,0.00%
12/16/2021,3.56,3.55,3.58,3.54,0.85%
12/15/2021,3.53,3.53,3.53,3.52,0.28%
12/14/2021,3.52,3.5,3.53,3.5,0.28%
12/13/2021,3.51,3.53,3.53,3.5,0.29%
12-10-2021,3.5,3.52,3.53,3.5,-0.57%
12-09-2021,3.52,3.52,3.52,3.5,0.28%
12-08-2021,3.51,3.54,3.55,3.5,-1.68%
12-07-2021,3.57,3.56,3.58,3.54,0.28%
12-06-2021,3.56,3.53,3.56,3.53,0.28%
12-03-2021,3.55,3.55,3.56,3.53,0.28%
12-02-2021,3.54,3.54,3.56,3.53,0.28%
12-01-2021,3.53,3.53,3.53,3.52,-0.56%
11/30/2021,3.55,3.52,3.56,3.52,0.28%
11/29/2021,3.54,3.55,3.56,3.53,0.00%
11/26/2021,3.54,3.54,3.55,3.53,-0.28%
11/25/2021,3.55,3.55,3.55,3.53,0.00%
11/24/2021,3.55,3.54,3.55,3.53,0.57%
11/23/2021,3.53,3.53,3.53,3.52,-0.28%
11/22/2021,3.54,3.53,3.54,3.52,0.00%
11/18/2021,3.54,3.53,3.55,3.53,-0.56%
11/17/2021,3.56,3.57,3.57,3.54,0.28%
11/16/2021,3.55,3.54,3.56,3.54,0.00%
11/15/2021,3.55,3.53,3.55,3.53,0.57%
11-12-2021,3.53,3.55,3.55,3.52,-1.12%
11-11-2021,3.57,3.56,3.57,3.55,1.13%
11-10-2021,3.53,3.54,3.54,3.51,-0.56%
11-09-2021,3.55,3.59,3.59,3.54,-2.20%
11-08-2021,3.63,3.66,3.66,3.62,-1.09%
11-03-2021,3.67,3.66,3.67,3.65,1.66%
11-02-2021,3.61,3.59,3.61,3.57,0.00%
11-01-2021,3.61,3.58,3.61,3.57,0.56%
10/29/2021,3.59,3.59,3.6,3.58,0.00%
10/28/2021,3.59,3.58,3.59,3.58,2.28%
10/27/2021,3.51,3.48,3.52,3.48,0.00%
10/26/2021,3.51,3.48,3.51,3.47,0.29%
10/25/2021,3.5,3.46,3.5,3.46,0.57%
10/22/2021,3.48,3.48,3.49,3.47,0.00%
10/21/2021,3.48,3.48,3.48,3.47,0.58%
10/20/2021,3.46,3.42,3.46,3.42,1.47%
10/18/2021,3.41,3.41,3.41,3.4,0.00%
10/14/2021,3.41,3.39,3.41,3.39,0.00%
10/13/2021,3.41,3.41,3.42,3.41,0.00%
10-12-2021,3.41,3.43,3.43,3.4,-0.58%
10-11-2021,3.43,3.48,3.48,3.43,-0.87%
10-08-2021,3.46,3.47,3.49,3.43,-0.86%
10-07-2021,3.49,3.49,3.5,3.47,0.29%
10-06-2021,3.48,3.46,3.48,3.44,1.16%
10-05-2021,3.44,3.44,3.44,3.41,-0.58%
10-04-2021,3.46,3.46,3.47,3.45,-0.29%
10-01-2021,3.47,3.46,3.47,3.45,0.58%
09/30/2021,3.45,3.46,3.46,3.44,0.88%
09/29/2021,3.42,3.4,3.42,3.39,1.48%
09/28/2021,3.37,3.37,3.38,3.37,-0.30%
09/27/2021,3.38,3.37,3.38,3.36,0.30%
09/24/2021,3.37,3.36,3.37,3.34,0.30%
09/23/2021,3.36,3.36,3.36,3.34,0.30%
09/22/2021,3.35,3.34,3.4,3.33,1.21%
09/21/2021,3.31,3.32,3.32,3.3,0.30%
09/20/2021,3.3,3.32,3.34,3.3,0.00%
09/17/2021,3.3,3.3,3.34,3.3,-0.90%
09/16/2021,3.33,3.33,3.35,3.29,1.22%
09/15/2021,3.29,3.32,3.32,3.28,-0.60%
09/14/2021,3.31,3.3,3.31,3.27,0.00%
09/13/2021,3.31,3.29,3.32,3.29,0.00%
09-09-2021,3.31,3.31,3.32,3.29,0.30%
09-08-2021,3.3,3.3,3.3,3.27,0.30%
09-07-2021,3.29,3.28,3.3,3.27,-0.30%
09-06-2021,3.3,3.29,3.3,3.28,-0.30%
09-03-2021,3.31,3.3,3.31,3.29,0.30%
09-02-2021,3.3,3.3,3.3,3.28,0.00%
09-01-2021,3.3,3.3,3.3,3.29,-0.30%
08/31/2021,3.31,3.29,3.31,3.29,0.00%
08/30/2021,3.31,3.31,3.31,3.29,0.00%
08/27/2021,3.31,3.31,3.32,3.3,0.00%
08/26/2021,3.31,3.31,3.32,3.29,0.00%
08/25/2021,3.31,3.33,3.33,3.31,-0.60%
08/24/2021,3.33,3.33,3.34,3.32,-0.30%
08/23/2021,3.34,3.33,3.34,3.31,-0.30%
08/20/2021,3.35,3.35,3.35,3.34,-0.30%
08/18/2021,3.36,3.36,3.36,3.34,-0.59%
08/17/2021,3.38,3.38,3.39,3.36,0.60%
08/13/2021,3.36,3.38,3.38,3.36,-0.59%
08-12-2021,3.38,3.41,3.41,3.36,-0.59%
08-11-2021,3.4,3.4,3.4,3.37,0.00%
08-10-2021,3.4,3.39,3.4,3.39,0.59%
08-09-2021,3.38,3.37,3.39,3.37,-0.29%
08-06-2021,3.39,3.4,3.4,3.37,-0.29%
08-05-2021,3.4,3.41,3.41,3.39,-0.29%
08-04-2021,3.41,3.38,3.41,3.38,0.89%
08-03-2021,3.38,3.39,3.41,3.38,-0.88%
08-02-2021,3.41,3.4,3.41,3.39,0.00%
07/30/2021,3.41,3.41,3.42,3.39,0.29%
07/29/2021,3.4,3.41,3.41,3.38,0.29%
07/28/2021,3.39,3.41,3.41,3.38,-0.59%
07/27/2021,3.41,3.41,3.41,3.4,0.00%
07/26/2021,3.41,3.41,3.41,3.4,-0.29%
07/23/2021,3.42,3.42,3.42,3.4,-0.58%
07/22/2021,3.44,3.42,3.44,3.42,0.29%
07/20/2021,3.43,3.43,3.44,3.43,-0.29%
07/19/2021,3.44,3.45,3.45,3.42,0.00%
07/16/2021,3.44,3.45,3.47,3.42,0.29%
07/15/2021,3.43,3.45,3.46,3.41,-0.29%
07/14/2021,3.44,3.42,3.45,3.42,0.00%
07/13/2021,3.44,3.44,3.45,3.42,0.29%
07-12-2021,3.43,3.43,3.45,3.42,-0.87%
07-09-2021,3.46,3.43,3.46,3.43,1.17%
07-08-2021,3.42,3.46,3.46,3.42,0.00%
07-07-2021,3.42,3.43,3.44,3.39,0.00%
07-06-2021,3.42,3.41,3.42,3.41,0.29%
07-05-2021,3.41,3.4,3.42,3.4,0.00%
07-02-2021,3.41,3.4,3.41,3.39,0.29%
07-01-2021,3.4,3.47,3.47,3.38,0.00%
06/30/2021,3.4,3.42,3.42,3.38,-0.29%
06/29/2021,3.41,3.43,3.45,3.4,-0.87%
06/28/2021,3.44,3.45,3.45,3.42,0.58%
06/25/2021,3.42,3.44,3.48,3.41,-0.29%
06/24/2021,3.43,3.48,3.48,3.42,-0.87%
06/23/2021,3.46,3.46,3.47,3.44,-0.29%
06/22/2021,3.47,3.47,3.47,3.44,0.58%
06/21/2021,3.45,3.48,3.48,3.45,-0.86%
06/18/2021,3.48,3.47,3.48,3.45,0.29%
06/17/2021,3.47,3.48,3.49,3.44,0.87%
06/16/2021,3.44,3.42,3.44,3.42,0.88%
06/15/2021,3.41,3.41,3.42,3.41,-0.29%
06/14/2021,3.42,3.41,3.42,3.4,0.29%
06-11-2021,3.41,3.41,3.42,3.4,0.00%
06-10-2021,3.41,3.42,3.43,3.39,0.00%
06-09-2021,3.41,3.42,3.42,3.39,-0.58%
06-08-2021,3.43,3.43,3.43,3.41,0.29%
06-07-2021,3.42,3.43,3.43,3.42,-0.29%
06-04-2021,3.43,3.44,3.44,3.44,-0.29%
06-03-2021,3.44,3.43,3.44,3.43,0.58%
06-02-2021,3.42,3.41,3.42,3.4,0.00%
06-01-2021,3.42,3.42,3.42,3.41,0.29%
05/31/2021,3.41,3.41,3.42,3.4,0.00%
05/28/2021,3.41,3.4,3.42,3.4,0.00%
05/27/2021,3.41,3.41,3.42,3.41,0.00%
05/25/2021,3.41,3.38,3.42,3.38,0.89%
05/24/2021,3.38,3.38,3.39,3.38,-0.29%
05/21/2021,3.39,3.4,3.4,3.38,-0.29%
05/20/2021,3.4,3.4,3.42,3.37,0.29%
05/19/2021,3.39,3.4,3.43,3.39,0.30%
05/18/2021,3.38,3.39,3.4,3.38,-0.59%
05/17/2021,3.4,3.37,3.4,3.37,0.29%
05/14/2021,3.39,3.39,3.4,3.37,0.00%
05-12-2021,3.39,3.37,3.39,3.37,0.30%
05-11-2021,3.38,3.38,3.38,3.36,0.00%
05-10-2021,3.38,3.35,3.38,3.35,0.60%
05-07-2021,3.36,3.35,3.38,3.35,-0.30%
05-06-2021,3.37,3.34,3.38,3.34,0.90%
05-05-2021,3.34,3.33,3.35,3.33,0.30%
05-04-2021,3.33,3.33,3.34,3.33,-0.30%
05-03-2021,3.34,3.32,3.35,3.32,0.30%
04/30/2021,3.33,3.33,3.35,3.32,-0.30%
04/29/2021,3.34,3.34,3.34,3.32,0.30%
04/28/2021,3.33,3.33,3.33,3.3,0.00%
04/27/2021,3.33,3.32,3.33,3.31,0.00%
04/26/2021,3.33,3.33,3.33,3.31,0.00%
04/23/2021,3.33,3.34,3.35,3.3,-0.60%
04/22/2021,3.35,3.35,3.35,3.33,0.30%
04/20/2021,3.34,3.35,3.35,3.3,-0.30%
04/19/2021,3.35,3.35,3.35,3.34,0.30%
04/16/2021,3.34,3.34,3.35,3.33,0.00%
04/15/2021,3.34,3.36,3.37,3.33,-0.30%
04-12-2021,3.35,3.32,3.35,3.32,0.30%
04-09-2021,3.34,3.35,3.35,3.32,0.00%
04-08-2021,3.34,3.37,3.37,3.34,2.77%
04-07-2021,3.25,3.25,3.25,3.22,-0.91%
04-06-2021,3.28,3.26,3.28,3.23,0.92%
04-05-2021,3.25,3.29,3.29,3.22,-0.61%
03/31/2021,3.27,3.32,3.32,3.27,-1.21%
03/30/2021,3.31,3.33,3.35,3.28,0.00%
03/26/2021,3.31,3.31,3.32,3.29,-0.30%
03/25/2021,3.32,3.34,3.35,3.31,-0.30%
03/24/2021,3.33,3.33,3.34,3.3,0.00%
03/23/2021,3.33,3.32,3.33,3.3,0.00%
03/22/2021,3.33,3.34,3.34,3.32,0.00%
03/19/2021,3.33,3.33,3.33,3.31,0.30%
03/18/2021,3.32,3.32,3.35,3.31,-0.90%
03/17/2021,3.35,3.35,3.35,3.32,0.00%
03/16/2021,3.35,3.34,3.37,3.3,0.60%
03/15/2021,3.33,3.3,3.34,3.3,0.91%
03-12-2021,3.3,3.28,3.31,3.27,-0.60%
03-10-2021,3.32,3.3,3.33,3.29,0.00%
03-09-2021,3.32,3.31,3.35,3.3,0.30%
03-08-2021,3.31,3.28,3.31,3.28,0.91%
03-05-2021,3.28,3.23,3.28,3.23,0.92%
03-04-2021,3.25,3.25,3.25,3.24,-0.31%
03-03-2021,3.26,3.25,3.26,3.25,1.24%
03-02-2021,3.22,3.25,3.3,3.2,0.00%
03-01-2021,3.22,3.17,3.23,3.17,1.58%
02/26/2021,3.17,3.17,3.17,3.16,-0.31%
02/25/2021,3.18,3.18,3.2,3.15,-0.93%
02/24/2021,3.21,3.21,3.22,3.17,-0.31%
02/23/2021,3.22,3.23,3.23,3.2,0.31%
02/22/2021,3.21,3.25,3.25,3.2,-0.62%
02/18/2021,3.23,3.22,3.23,3.18,-2.42%
02/17/2021,3.31,3.29,3.31,3.29,0.00%
02/16/2021,3.31,3.31,3.31,3.3,-0.30%
02/15/2021,3.32,3.33,3.33,3.3,-0.30%
02-12-2021,3.33,3.34,3.36,3.3,-0.60%
02-11-2021,3.35,3.37,3.37,3.35,-0.89%
02-10-2021,3.38,3.38,3.38,3.35,0.00%
02-09-2021,3.38,3.36,3.38,3.35,0.30%
02-08-2021,3.37,3.38,3.38,3.35,0.00%
02-05-2021,3.37,3.39,3.4,3.37,-0.30%
02-04-2021,3.38,3.39,3.4,3.37,0.00%
02-03-2021,3.38,3.37,3.38,3.34,0.60%
02-02-2021,3.36,3.35,3.38,3.35,0.30%
02-01-2021,3.35,3.37,3.4,3.34,-0.59%
01/29/2021,3.37,3.36,3.37,3.36,0.30%
01/28/2021,3.36,3.36,3.37,3.35,0.90%
01/27/2021,3.33,3.37,3.38,3.32,-1.19%
01/25/2021,3.37,3.34,3.37,3.33,1.51%
01/22/2021,3.32,3.34,3.34,3.32,0.00%
01/21/2021,3.32,3.33,3.35,3.3,0.00%
01/20/2021,3.32,3.33,3.33,3.3,-0.30%
01/19/2021,3.33,3.33,3.33,3.29,0.60%
01/18/2021,3.31,3.31,3.33,3.3,0.61%
01/15/2021,3.29,3.31,3.37,3.29,-0.60%
01/14/2021,3.31,3.3,3.31,3.27,1.22%
01/13/2021,3.27,3.27,3.28,3.27,-0.30%
01-12-2021,3.28,3.27,3.3,3.27,0.00%
01-11-2021,3.28,3.06,3.32,3.06,7.19%
01-08-2021,3.06,3.06,3.06,3.06,0.33%
01-07-2021,3.05,3.06,3.07,3.04,-0.97%
01-06-2021,3.08,3.02,3.08,3.02,0.98%
01-05-2021,3.05,3.04,3.1,3.02,0.66%
01-04-2021,3.03,3.03,3.03,3.02,0.00%
01-01-2021,3.03,3.05,3.05,3.02,-1.30%
12/31/2020,3.07,3.08,3.08,3.06,0.00%
12/30/2020,3.07,3.11,3.11,3.05,-1.29%
12/29/2020,3.11,3.13,3.13,3.1,-0.32%
12/28/2020,3.12,3.13,3.15,3.11,-0.32%
12/24/2020,3.13,3.13,3.13,3.12,0.00%
12/23/2020,3.13,3.14,3.14,3.11,-0.32%
12/22/2020,3.14,3.12,3.14,3.12,0.32%
12/21/2020,3.13,3.13,3.15,3.12,0.64%
12/18/2020,3.11,3.13,3.13,3.11,-0.64%
12/17/2020,3.13,3.15,3.15,3.11,0.32%
12/16/2020,3.12,3.12,3.13,3.11,0.32%
12/15/2020,3.11,3.11,3.12,3.1,0.00%
12/14/2020,3.11,3.11,3.13,3.11,0.00%
12-11-2020,3.11,3.1,3.12,3.1,0.97%
12-10-2020,3.08,3.1,3.12,3.08,0.33%
12-09-2020,3.07,3.04,3.08,3.04,1.32%
12-08-2020,3.03,3.01,3.06,3.01,0.00%
12-07-2020,3.03,3.05,3.05,3.02,0.66%
12-04-2020,3.01,3.08,3.08,2.97,-1.31%
12-03-2020,3.05,3.06,3.08,3.05,0.99%
12-02-2020,3.02,2.97,3.03,2.96,2.03%
12-01-2020,2.96,2.93,2.96,2.92,1.02%
11/27/2020,2.93,2.94,2.94,2.89,-0.34%
11/26/2020,2.94,2.95,2.96,2.94,-1.34%
11/25/2020,2.98,3.05,3.05,2.98,-1.97%
11/24/2020,3.04,3.02,3.04,3.02,1.33%
11/23/2020,3,3,3.01,3,0.33%
11/20/2020,2.99,2.97,3,2.97,0.34%
11/19/2020,2.98,3,3.05,2.95,-3.56%
11/18/2020,3.09,3.09,3.1,3.08,-1.59%
11/17/2020,3.14,3.13,3.14,3.12,0.00%
11/13/2020,3.14,3.14,3.15,3.12,0.00%
11-12-2020,3.14,3.19,3.19,3.12,-2.18%
11-11-2020,3.21,3.18,3.21,3.18,-0.62%
11-10-2020,3.23,3.22,3.23,3.18,2.54%
11-09-2020,3.15,3.13,3.16,3.12,-0.32%
11-06-2020,3.16,3.2,3.2,3.16,-1.56%
11-05-2020,3.21,3.22,3.22,3.19,-0.62%
11-04-2020,3.23,3.24,3.24,3.19,0.31%
11-03-2020,3.22,3.23,3.24,3.21,-0.62%
11-02-2020,3.24,3.21,3.24,3.21,0.31%
10/29/2020,3.23,3.23,3.23,3.19,0.31%
10/28/2020,3.22,3.22,3.24,3.22,0.62%
10/27/2020,3.2,3.22,3.22,3.2,-1.23%
10/26/2020,3.24,3.23,3.24,3.21,0.93%
10/23/2020,3.21,3.21,3.21,3.18,0.00%
10/22/2020,3.21,3.22,3.22,3.18,0.63%
10/21/2020,3.19,3.26,3.26,3.17,-1.85%
10/20/2020,3.25,3.26,3.26,3.23,0.00%
10/19/2020,3.25,3.24,3.27,3.23,0.31%
10/16/2020,3.24,3.28,3.29,3.24,0.00%
10/15/2020,3.24,3.29,3.29,3.24,-1.52%
10/14/2020,3.29,3.28,3.29,3.25,0.00%
10/13/2020,3.29,3.27,3.29,3.27,0.00%
10-12-2020,3.29,3.29,3.3,3.27,0.00%
10-09-2020,3.29,3.3,3.3,3.27,0.30%
10-08-2020,3.28,3.3,3.3,3.26,0.00%
10-07-2020,3.28,3.32,3.32,3.27,-1.20%
10-06-2020,3.32,3.32,3.32,3.28,0.00%
10-05-2020,3.32,3.32,3.33,3.32,1.84%
10-01-2020,3.26,3.3,3.31,3.26,-1.51%
09/30/2020,3.31,3.34,3.34,3.29,-1.78%
09/29/2020,3.37,3.39,3.39,3.36,-0.30%
09/28/2020,3.38,3.38,3.4,3.37,-0.29%
09/25/2020,3.39,3.39,3.39,3.37,0.00%
09/24/2020,3.39,3.39,3.4,3.36,0.30%
09/23/2020,3.38,3.36,3.38,3.34,-0.29%
09/22/2020,3.39,3.36,3.39,3.35,0.59%
09/21/2020,3.37,3.35,3.39,3.32,0.60%
09/18/2020,3.35,3.35,3.35,3.32,0.00%
09/17/2020,3.35,3.34,3.36,3.32,0.00%
09/16/2020,3.35,3.35,3.35,3.31,0.60%
09/15/2020,3.33,3.38,3.38,3.3,-0.60%
09/14/2020,3.35,3.35,3.35,3.33,0.30%
09-11-2020,3.34,3.3,3.34,3.3,0.60%
09-10-2020,3.32,3.3,3.32,3.3,1.84%
09-09-2020,3.26,3.28,3.32,3.25,-0.31%
09-08-2020,3.27,3.27,3.27,3.26,0.31%
09-07-2020,3.26,3.26,3.28,3.25,-0.31%
09-04-2020,3.27,3.27,3.28,3.23,0.31%
09-03-2020,3.26,3.23,3.26,3.23,0.00%
09-02-2020,3.26,3.26,3.29,3.25,-0.61%
09-01-2020,3.28,3.29,3.29,3.25,-0.30%
08/31/2020,3.29,3.3,3.3,3.27,-0.60%
08/28/2020,3.31,3.31,3.31,3.27,0.00%
08/27/2020,3.31,3.29,3.31,3.27,0.91%
08/26/2020,3.28,3.31,3.31,3.25,0.31%
08/25/2020,3.27,3.24,3.29,3.24,0.62%
08/24/2020,3.25,3.21,3.25,3.21,1.88%
08/21/2020,3.19,3.18,3.19,3.17,0.63%
08/20/2020,3.17,3.18,3.18,3.15,-3.06%
08/19/2020,3.27,3.29,3.29,3.27,-0.61%
08/18/2020,3.29,3.29,3.3,3.28,-0.60%
08/17/2020,3.31,3.28,3.32,3.28,0.30%
08/14/2020,3.3,3.29,3.33,3.29,0.30%
08/13/2020,3.29,3.29,3.31,3.29,-0.90%
08-12-2020,3.32,3.37,3.37,3.31,0.30%
08-11-2020,3.31,3.34,3.36,3.3,-0.30%
08-10-2020,3.32,3.32,3.35,3.32,0.61%
08-07-2020,3.3,3.3,3.31,3.3,0.00%
08-06-2020,3.3,3.3,3.32,3.3,0.00%
08-05-2020,3.3,3.32,3.35,3.3,0.00%
08-04-2020,3.3,3.33,3.33,3.3,0.00%
08-03-2020,3.3,3.32,3.33,3.29,-0.30%
07/31/2020,3.31,3.32,3.34,3.29,-0.30%
07/30/2020,3.32,3.32,3.34,3.32,0.00%
07/29/2020,3.32,3.28,3.34,3.28,0.00%
07/28/2020,3.32,3.3,3.32,3.29,0.61%
07/27/2020,3.3,3.3,3.31,3.28,0.30%
07/24/2020,3.29,3.27,3.3,3.27,0.30%
07/23/2020,3.28,3.29,3.3,3.28,0.92%
07/22/2020,3.25,3.26,3.28,3.24,0.00%
07/21/2020,3.25,3.25,3.26,3.22,-0.61%
07/20/2020,3.27,3.24,3.27,3.23,0.93%
07/17/2020,3.24,3.23,3.26,3.23,0.00%
07/16/2020,3.24,3.25,3.26,3.21,0.31%
07/15/2020,3.23,3.22,3.23,3.21,0.31%
07/14/2020,3.22,3.19,3.22,3.19,0.31%
07/13/2020,3.21,3.19,3.21,3.18,0.63%
07-10-2020,3.19,3.19,3.23,3.19,-0.62%
07-09-2020,3.21,3.19,3.21,3.19,0.94%
07-08-2020,3.18,3.19,3.19,3.17,-0.62%
07-07-2020,3.2,3.16,3.2,3.16,0.95%
07-06-2020,3.17,3.17,3.21,3.17,0.00%
07-03-2020,3.17,3.16,3.2,3.16,0.63%
07-02-2020,3.15,3.16,3.19,3.15,0.32%
07-01-2020,3.14,3.15,3.18,3.14,-0.32%
06/30/2020,3.15,3.16,3.18,3.15,-0.63%
06/29/2020,3.17,3.17,3.2,3.17,-0.31%
06/26/2020,3.18,3.2,3.2,3.16,0.00%
06/25/2020,3.18,3.21,3.25,3.18,-0.93%
06/24/2020,3.21,3.3,3.3,3.21,-2.13%
06/23/2020,3.28,3.28,3.3,3.28,-0.91%
06/22/2020,3.31,3.28,3.32,3.26,0.91%
06/19/2020,3.28,3.3,3.3,3.25,0.00%
06/18/2020,3.28,3.32,3.32,3.25,-0.61%
06/17/2020,3.3,3.36,3.36,3.29,-1.49%
06/16/2020,3.35,3.37,3.37,3.3,0.00%
06/15/2020,3.35,3.36,3.36,3.29,0.00%
06-12-2020,3.35,3.41,3.41,3.32,-0.59%
06-11-2020,3.37,3.46,3.46,3.35,-1.75%
06-10-2020,3.43,3.46,3.46,3.43,-0.58%
06-09-2020,3.45,3.47,3.47,3.42,-0.29%
06-08-2020,3.46,3.47,3.47,3.44,-0.86%
06-05-2020,3.49,3.45,3.49,3.4,1.45%
06-04-2020,3.44,3.4,3.45,3.4,2.69%
06-03-2020,3.35,3.37,3.4,3.35,1.52%
06-02-2020,3.3,3.35,3.35,3.3,0.30%
06-01-2020,3.29,3.29,3.31,3.25,0.61%
05/29/2020,3.27,3.3,3.3,3.22,1.24%
05/28/2020,3.23,3.23,3.26,3.17,4.19%
05/27/2020,3.1,3.05,3.1,3.03,1.64%
05/26/2020,3.05,3.03,3.05,3,12.96%
05/22/2020,2.7,3.27,3.27,2.68,-17.43%
05/21/2020,3.27,3.3,3.3,3.22,0.62%
05/20/2020,3.25,3.39,3.4,3.25,-3.56%
05/19/2020,3.37,3.41,3.41,3.37,-0.88%
05/18/2020,3.4,3.4,3.4,3.35,-0.29%
05/15/2020,3.41,3.48,3.48,3.37,-1.16%
05/14/2020,3.45,3.52,3.52,3.42,0.00%
05/13/2020,3.45,3.58,3.58,3.45,-1.43%
05-12-2020,3.5,3.57,3.6,3.5,-1.96%
05-11-2020,3.57,3.56,3.58,3.55,0.85%
05-08-2020,3.54,3.55,3.56,3.54,-0.28%
05-06-2020,3.55,3.63,3.63,3.53,-2.74%
05-05-2020,3.65,3.58,3.65,3.58,0.55%
05-04-2020,3.63,3.65,3.65,3.6,-0.27%
04/30/2020,3.64,3.68,3.69,3.64,-1.09%
04/29/2020,3.68,3.7,3.7,3.6,0.82%
04/28/2020,3.65,3.67,3.7,3.65,0.83%
04/27/2020,3.62,3.65,3.7,3.62,-0.82%
04/24/2020,3.65,3.65,3.7,3.65,-0.27%
04/23/2020,3.66,3.65,3.7,3.65,0.27%
04/22/2020,3.65,3.81,3.84,3.65,-3.95%
04/21/2020,3.8,3.88,3.88,3.8,-1.30%
04/20/2020,3.85,3.92,3.92,3.85,-1.28%
04/17/2020,3.9,4.11,4.11,3.9,-3.94%
04/16/2020,4.06,4.14,4.14,4.05,-0.49%
04/15/2020,4.08,4.2,4.2,4.08,-2.63%
04/13/2020,4.19,4.25,4.27,4.19,-1.41%
04-09-2020,4.25,4.3,4.3,4.23,3.66%
04-08-2020,4.1,4.16,4.16,4.1,0.00%
04-07-2020,4.1,4.16,4.16,4.1,-4.43%
04-03-2020,4.29,4.29,4.3,4.25,0.94%
03/31/2020,4.25,4.39,4.4,4.25,-1.16%
03/30/2020,4.3,4.3,4.35,4.28,0.94%
03/27/2020,4.26,5.07,5.09,4.26,-15.48%
03/26/2020,5.04,5.15,5.15,5.04,-0.20%
03/24/2020,5.05,4.75,5.05,4.72,6.99%
03/23/2020,4.72,4.74,4.75,4.72,-1.46%
03/20/2020,4.79,4.83,4.88,4.79,-1.84%
03/19/2020,4.88,4.85,4.88,4.85,0.00%
03/18/2020,4.88,4.87,4.9,4.85,1.67%
03/17/2020,4.8,4.78,4.83,4.78,1.48%
03/16/2020,4.73,4.85,4.9,4.73,-3.07%
03/13/2020,4.88,4.85,4.88,4.84,0.00%
03-12-2020,4.88,4.87,4.88,4.85,0.62%
03-11-2020,4.85,4.82,4.88,4.82,-1.02%
03-09-2020,4.9,4.87,4.92,4.87,-1.21%
03-06-2020,4.96,4.83,4.96,4.82,0.81%
03-05-2020,4.92,4.97,4.97,4.92,-1.99%
03-04-2020,5.02,5.05,5.05,5.02,-1.95%
03-03-2020,5.12,5.07,5.12,5.07,0.79%
03-02-2020,5.08,5.08,5.1,5.07,0.00%
02/28/2020,5.08,5.08,5.08,5.05,0.00%
02/27/2020,5.08,5.1,5.1,5.07,-0.20%
02/26/2020,5.09,5.06,5.1,5.03,0.39%
02/25/2020,5.07,5.06,5.08,5.05,0.20%
02/24/2020,5.06,5.05,5.1,5.03,-0.20%
02/20/2020,5.07,5.07,5.08,5.06,-0.20%
02/18/2020,5.08,5.11,5.11,5.07,-0.78%
02/17/2020,5.12,5.13,5.13,5.09,0.20%
02/14/2020,5.11,5.11,5.13,5.08,0.00%
02/13/2020,5.11,5.12,5.13,5.1,-0.20%
02-12-2020,5.12,5.11,5.13,5.11,0.59%
02-11-2020,5.09,5.09,5.09,5.07,-0.20%
02-10-2020,5.1,5.12,5.15,5.1,-0.20%
02-07-2020,5.11,5.13,5.15,5.1,-0.78%
02-06-2020,5.15,5.14,5.19,5.13,0.39%
02-05-2020,5.13,5.13,5.13,5.11,0.20%
02-04-2020,5.12,5.13,5.13,5.11,0.20%
02-03-2020,5.11,5.1,5.14,5.1,-0.39%
01/31/2020,5.13,5.13,5.15,5.13,0.20%
01/30/2020,5.12,5.11,5.15,5.11,0.39%
01/29/2020,5.1,5.11,5.11,5.09,-0.20%
01/28/2020,5.11,5.11,5.11,5.09,0.20%
01/27/2020,5.1,5.11,5.13,5.09,-0.39%
01/24/2020,5.12,5.12,5.12,5.09,0.00%
01/23/2020,5.12,5.14,5.14,5.1,0.20%
01/22/2020,5.11,5.07,5.13,5.07,0.20%
01/21/2020,5.1,5.09,5.11,5.09,-0.20%
01/20/2020,5.11,5.11,5.12,5.1,0.20%
01/17/2020,5.1,5.12,5.13,5.1,-0.39%
01/16/2020,5.12,5.15,5.15,5.11,0.39%
01/15/2020,5.1,5.1,5.12,5.1,0.59%
01/14/2020,5.07,5.07,5.08,5.06,0.40%
01/13/2020,5.05,5.04,5.07,5.04,0.00%
01-10-2020,5.05,5.05,5.07,5.02,0.00%
01-09-2020,5.05,5.02,5.06,5.01,0.60%
01-08-2020,5.02,5.02,5.04,5.02,0.20%
01-07-2020,5.01,5,5.04,4.99,0.60%
01-06-2020,4.98,4.98,5.02,4.97,-0.20%
01-03-2020,4.99,4.97,5.03,4.97,0.40%
01-02-2020,4.97,4.97,4.97,4.95,-1.39%
01-01-2020,5.04,5.06,5.08,5.03,-0.20%
