Date,Time,Net Profit and Loss,Call Premium Collected,Put Premium Collected,Close CE_1,SL Call 1,Close PE_1,SL Put 1,Close PE_2,SL Put 2,Close PE_3,SL Put 3,Close PE_4,SL Put 4
16-Jun-23,09:20,0,0,0,11.7,23.4,15.55,31.1,,,,,,
16-Jun-23,09:21,17.5,0.6,-0.25,11.1,23.4,15.8,31.1,,,,,,
16-Jun-23,09:22,20,0.3,0.1,11.4,23.4,15.45,31.1,,,,,,
16-Jun-23,09:23,25,0.25,0.25,11.45,23.4,15.3,31.1,,,,,,
16-Jun-23,09:24,52.5,0.3,0.75,11.4,23.4,14.8,31.1,,,,,,
16-Jun-23,09:25,32.5,-0.35,1,12.05,22.8,14.55,29.6,,,,,,
16-Jun-23,09:26,15,-0.7,1,12.4,22.8,14.55,29.6,,,,,,
16-Jun-23,09:27,15,-0.75,1.05,12.45,22.8,14.5,29.6,,,,,,
16-Jun-23,09:28,20,-0.7,1.1,12.4,22.8,14.45,29.6,,,,,,
16-Jun-23,09:29,20,-0.75,1.15,12.45,22.8,14.4,29.6,,,,,,
16-Jun-23,09:30,-12.5,-2,1.75,13.7,22.8,13.8,28.8,,,,,,
16-Jun-23,09:31,42.5,-1.55,2.4,13.25,22.8,13.15,28.8,,,,,,
16-Jun-23,09:32,52.5,-1.05,2.1,12.75,22.8,13.45,28.8,,,,,,
16-Jun-23,09:33,40,-1.15,1.95,12.85,22.8,13.6,28.8,,,,,,
16-Jun-23,09:34,17.5,-2.5,2.85,14.2,22.8,12.7,28.8,,,,,,
16-Jun-23,09:35,25,-1.95,2.45,13.65,22.8,13.1,25.4,,,,,,
16-Jun-23,09:36,20,-2.25,2.65,13.95,22.8,12.9,25.4,,,,,,
16-Jun-23,09:37,20,-2.05,2.45,13.75,22.8,13.1,25.4,,,,,,
16-Jun-23,09:38,32.5,-1.85,2.5,13.55,22.8,13.05,25.4,,,,,,
16-Jun-23,09:39,27.5,-2.3,2.85,14,22.8,12.7,25.4,,,,,,
16-Jun-23,09:40,35,-2.1,2.8,13.8,22.8,12.75,25.4,,,,,,
16-Jun-23,09:41,45,-1.8,2.7,13.5,22.8,12.85,25.4,,,,,,
16-Jun-23,09:42,42.5,-2.15,3,13.85,22.8,12.55,25.4,,,,,,
16-Jun-23,09:43,40,-2.15,2.95,13.85,22.8,12.6,25.4,,,,,,
16-Jun-23,09:44,47.5,-2,2.95,13.7,22.8,12.6,25.4,,,,,,
16-Jun-23,09:45,37.5,-2.65,3.4,14.35,22.8,12.15,25.2,,,,,,
16-Jun-23,09:46,50,-2.15,3.15,13.85,22.8,12.4,25.2,,,,,,
16-Jun-23,09:47,62.5,-2.2,3.45,13.9,22.8,12.1,25.2,,,,,,
16-Jun-23,09:48,57.5,-2.15,3.3,13.85,22.8,12.25,25.2,,,,,,
16-Jun-23,09:49,60,-2.1,3.3,13.8,22.8,12.25,25.2,,,,,,
16-Jun-23,09:50,65,-1.9,3.2,13.6,22.8,12.35,24.5,,,,,,
16-Jun-23,09:51,57.5,-1.9,3.05,13.6,22.8,12.5,24.5,,,,,,
16-Jun-23,09:52,62.5,-1.75,3,13.45,22.8,12.55,24.5,,,,,,
16-Jun-23,09:53,60,-2,3.2,13.7,22.8,12.35,24.5,,,,,,
16-Jun-23,09:54,57.5,-2.1,3.25,13.8,22.8,12.3,24.5,,,,,,
16-Jun-23,09:55,60,-1.65,2.85,13.35,22.8,12.7,24.5,,,,,,
16-Jun-23,09:56,52.5,-1.45,2.5,13.15,22.8,13.05,24.5,,,,,,
16-Jun-23,09:57,52.5,-1.35,2.4,13.05,22.8,13.15,24.5,,,,,,
16-Jun-23,09:58,47.5,-1.15,2.1,12.85,22.8,13.45,24.5,,,,,,
16-Jun-23,09:59,55,-1.15,2.25,12.85,22.8,13.3,24.5,,,,,,
16-Jun-23,10:00,47.5,-1.35,2.3,13.05,22.8,13.25,24.5,,,,,,
16-Jun-23,10:01,42.5,-1.35,2.2,13.05,22.8,13.35,24.5,,,,,,
16-Jun-23,10:02,47.5,-1.2,2.15,12.9,22.8,13.4,24.5,,,,,,
16-Jun-23,10:03,42.5,-1.2,2.05,12.9,22.8,13.5,24.5,,,,,,
16-Jun-23,10:04,45,-0.95,1.85,12.65,22.8,13.7,24.5,,,,,,
16-Jun-23,10:05,55,-0.9,2,12.6,22.8,13.55,24.5,,,,,,
16-Jun-23,10:06,47.5,-0.75,1.7,12.45,22.8,13.85,24.5,,,,,,
16-Jun-23,10:07,60,-0.25,1.45,11.95,22.8,14.1,24.5,,,,,,
16-Jun-23,10:08,62.5,0,1.25,11.7,22.8,14.3,24.5,,,,,,
16-Jun-23,10:09,67.5,0.2,1.15,11.5,22.8,14.4,24.5,,,,,,
16-Jun-23,10:10,77.5,-0.25,1.8,11.95,22.8,13.75,24.5,,,,,,
16-Jun-23,10:11,87.5,-0.5,2.25,12.2,22.8,13.3,24.5,,,,,,
16-Jun-23,10:12,92.5,-0.9,2.75,12.6,22.8,12.8,24.5,,,,,,
16-Jun-23,10:13,100,-1.25,3.25,12.95,22.8,12.3,24.5,,,,,,
16-Jun-23,10:14,107.5,-1.35,3.5,13.05,22.8,12.05,24.5,,,,,,
16-Jun-23,10:15,107.5,-1.75,3.9,13.45,22.8,11.65,24.1,,,,,,
16-Jun-23,10:16,107.5,-1.8,3.95,13.5,22.8,11.6,24.1,,,,,,
16-Jun-23,10:17,112.5,-1.65,3.9,13.35,22.8,11.65,24.1,,,,,,
16-Jun-23,10:18,105,-1.7,3.8,13.4,22.8,11.75,24.1,,,,,,
16-Jun-23,10:19,107.5,-1.5,3.65,13.2,22.8,11.9,24.1,,,,,,
16-Jun-23,10:20,102.5,-1.8,3.85,13.5,22.8,11.7,23.8,,,,,,
16-Jun-23,10:21,107.5,-1.6,3.75,13.3,22.8,11.8,23.8,,,,,,
16-Jun-23,10:22,105,-1.7,3.8,13.4,22.8,11.75,23.8,,,,,,
16-Jun-23,10:23,112.5,-1.45,3.7,13.15,22.8,11.85,23.8,,,,,,
16-Jun-23,10:24,110,-1.45,3.65,13.15,22.8,11.9,23.8,,,,,,
16-Jun-23,10:25,107.5,-1.7,3.85,13.4,22.8,11.7,23.8,,,,,,
16-Jun-23,10:26,112.5,-2.4,4.65,14.1,22.8,10.9,23.8,,,,,,
16-Jun-23,10:27,82.5,-2.9,4.55,14.6,22.8,11,23.8,,,,,,
16-Jun-23,10:28,72.5,-3.15,4.6,14.85,22.8,10.95,23.8,,,,,,
16-Jun-23,10:29,62.5,-3.2,4.45,14.9,22.8,11.1,23.8,,,,,,
16-Jun-23,10:30,55,-3.25,4.35,14.95,22.8,11.2,22.2,,,,,,
16-Jun-23,10:31,60,-3.05,4.25,14.75,22.8,11.3,22.2,,,,,,
16-Jun-23,10:32,70,-2.8,4.2,14.5,22.8,11.35,22.2,,,,,,
16-Jun-23,10:33,77.5,-2.7,4.25,14.4,22.8,11.3,22.2,,,,,,
16-Jun-23,10:34,67.5,-2.8,4.15,14.5,22.8,11.4,22.2,,,,,,
16-Jun-23,10:35,67.5,-2.75,4.1,14.45,22.8,11.45,22.2,,,,,,
16-Jun-23,10:36,67.5,-2.55,3.9,14.25,22.8,11.65,22.2,,,,,,
16-Jun-23,10:37,87.5,-2,3.75,13.7,22.8,11.8,22.2,,,,,,
16-Jun-23,10:38,82.5,-2.25,3.9,13.95,22.8,11.65,22.2,,,,,,
16-Jun-23,10:39,75,-2.5,4,14.2,22.8,11.55,22.2,,,,,,
16-Jun-23,10:40,62.5,-2.95,4.2,14.65,22.8,11.35,22.2,,,,,,
16-Jun-23,10:41,62.5,-2.95,4.2,14.65,22.8,11.35,22.2,,,,,,
16-Jun-23,10:42,50,-3.35,4.35,15.05,22.8,11.2,22.2,,,,,,
16-Jun-23,10:43,52.5,-3.3,4.35,15,22.8,11.2,22.2,,,,,,
16-Jun-23,10:44,60,-2.9,4.1,14.6,22.8,11.45,22.2,,,,,,
16-Jun-23,10:45,60,-2.65,3.85,14.35,22.8,11.7,22.2,,,,,,
16-Jun-23,10:46,60,-2.3,3.5,14,22.8,12.05,22.2,,,,,,
16-Jun-23,10:47,62.5,-1.9,3.15,13.6,22.8,12.4,22.2,,,,,,
16-Jun-23,10:48,72.5,-1.55,3,13.25,22.8,12.55,22.2,,,,,,
16-Jun-23,10:49,72.5,-1.75,3.2,13.45,22.8,12.35,22.2,,,,,,
16-Jun-23,10:50,65,-2.15,3.45,13.85,22.8,12.1,22.2,,,,,,
16-Jun-23,10:51,55,-2.45,3.55,14.15,22.8,12,22.2,,,,,,
16-Jun-23,10:52,60,-2.3,3.5,14,22.8,12.05,22.2,,,,,,
16-Jun-23,10:53,67.5,-1.65,3,13.35,22.8,12.55,22.2,,,,,,
16-Jun-23,10:54,67.5,-2,3.35,13.7,22.8,12.2,22.2,,,,,,
16-Jun-23,10:55,57.5,-2.2,3.35,13.9,22.8,12.2,22.2,,,,,,
16-Jun-23,10:56,65,-2.2,3.5,13.9,22.8,12.05,22.2,,,,,,
16-Jun-23,10:57,70,-2.3,3.7,14,22.8,11.85,22.2,,,,,,
16-Jun-23,10:58,67.5,-2.2,3.55,13.9,22.8,12,22.2,,,,,,
16-Jun-23,10:59,60,-2.4,3.6,14.1,22.8,11.95,22.2,,,,,,
16-Jun-23,11:00,62.5,-2.15,3.4,13.85,22.8,12.15,22.2,,,,,,
16-Jun-23,11:01,72.5,-1.55,3,13.25,22.8,12.55,22.2,,,,,,
16-Jun-23,11:02,70,-1.75,3.15,13.45,22.8,12.4,22.2,,,,,,
16-Jun-23,11:03,70,-1.65,3.05,13.35,22.8,12.5,22.2,,,,,,
16-Jun-23,11:04,70,-1.5,2.9,13.2,22.8,12.65,22.2,,,,,,
16-Jun-23,11:05,57.5,-1.95,3.1,13.65,22.8,12.45,22.2,,,,,,
16-Jun-23,11:06,57.5,-1.8,2.95,13.5,22.8,12.6,22.2,,,,,,
16-Jun-23,11:07,65,-1.6,2.9,13.3,22.8,12.65,22.2,,,,,,
16-Jun-23,11:08,70,-1.6,3,13.3,22.8,12.55,22.2,,,,,,
16-Jun-23,11:09,72.5,-1.8,3.25,13.5,22.8,12.3,22.2,,,,,,
16-Jun-23,11:10,75,-1.6,3.1,13.3,22.8,12.45,22.2,,,,,,
16-Jun-23,11:11,75,-1.5,3,13.2,22.8,12.55,22.2,,,,,,
16-Jun-23,11:12,80,-1.55,3.15,13.25,22.8,12.4,22.2,,,,,,
16-Jun-23,11:13,75,-1.7,3.2,13.4,22.8,12.35,22.2,,,,,,
16-Jun-23,11:14,75,-1.75,3.25,13.45,22.8,12.3,22.2,,,,,,
16-Jun-23,11:15,77.5,-1.85,3.4,13.55,22.8,12.15,22.2,,,,,,
16-Jun-23,11:16,77.5,-1.85,3.4,13.55,22.8,12.15,22.2,,,,,,
16-Jun-23,11:17,72.5,-1.75,3.2,13.45,22.8,12.35,22.2,,,,,,
16-Jun-23,11:18,75,-1.65,3.15,13.35,22.8,12.4,22.2,,,,,,
16-Jun-23,11:19,67.5,-2.35,3.7,14.05,22.8,11.85,22.2,,,,,,
16-Jun-23,11:20,75,-1.55,3.05,13.25,22.8,12.5,22.2,,,,,,
16-Jun-23,11:21,92.5,-1.05,2.9,12.75,22.8,12.65,22.2,,,,,,
16-Jun-23,11:22,97.5,-0.7,2.65,12.4,22.8,12.9,22.2,,,,,,
16-Jun-23,11:23,97.5,-0.65,2.6,12.35,22.8,12.95,22.2,,,,,,
16-Jun-23,11:24,97.5,-0.55,2.5,12.25,22.8,13.05,22.2,,,,,,
16-Jun-23,11:25,95,-0.65,2.55,12.35,22.8,13,22.2,,,,,,
16-Jun-23,11:26,95,-0.75,2.65,12.45,22.8,12.9,22.2,,,,,,
16-Jun-23,11:27,95,-1,2.9,12.7,22.8,12.65,22.2,,,,,,
16-Jun-23,11:28,92.5,-1.05,2.9,12.75,22.8,12.65,22.2,,,,,,
16-Jun-23,11:29,107.5,-1.15,3.3,12.85,22.8,12.25,22.2,,,,,,
16-Jun-23,11:30,105,-1.1,3.2,12.8,22.8,12.35,22.2,,,,,,
16-Jun-23,11:31,100,-1,3,12.7,22.8,12.55,22.2,,,,,,
16-Jun-23,11:32,92.5,-0.8,2.65,12.5,22.8,12.9,22.2,,,,,,
16-Jun-23,11:33,100,-1.05,3.05,12.75,22.8,12.5,22.2,,,,,,
16-Jun-23,11:34,97.5,-1.05,3,12.75,22.8,12.55,22.2,,,,,,
16-Jun-23,11:35,95,-1.05,2.95,12.75,22.8,12.6,22.2,,,,,,
16-Jun-23,11:36,100,-1,3,12.7,22.8,12.55,22.2,,,,,,
16-Jun-23,11:37,107.5,-1.05,3.2,12.75,22.8,12.35,22.2,,,,,,
16-Jun-23,11:38,100,-1.05,3.05,12.75,22.8,12.5,22.2,,,,,,
16-Jun-23,11:39,97.5,-1.25,3.2,12.95,22.8,12.35,22.2,,,,,,
16-Jun-23,11:40,97.5,-1.3,3.25,13,22.8,12.3,22.2,,,,,,
16-Jun-23,11:41,102.5,-1.2,3.25,12.9,22.8,12.3,22.2,,,,,,
16-Jun-23,11:42,100,-1.2,3.2,12.9,22.8,12.35,22.2,,,,,,
16-Jun-23,11:43,115,-1.25,3.55,12.95,22.8,12,22.2,,,,,,
16-Jun-23,11:44,117.5,-1.6,3.95,13.3,22.8,11.6,22.2,,,,,,
16-Jun-23,11:45,112.5,-1.9,4.15,13.6,22.8,11.4,22.2,,,,,,
16-Jun-23,11:46,112.5,-1.95,4.2,13.65,22.8,11.35,22.2,,,,,,
16-Jun-23,11:47,105,-2.2,4.3,13.9,22.8,11.25,22.2,,,,,,
16-Jun-23,11:48,107.5,-2.15,4.3,13.85,22.8,11.25,22.2,,,,,,
16-Jun-23,11:49,105,-2.4,4.5,14.1,22.8,11.05,22.2,,,,,,
16-Jun-23,11:50,100,-2.4,4.4,14.1,22.8,11.15,22.1,,,,,,
16-Jun-23,11:51,97.5,-2.3,4.25,14,22.8,11.3,22.1,,,,,,
16-Jun-23,11:52,97.5,-2.35,4.3,14.05,22.8,11.25,22.1,,,,,,
16-Jun-23,11:53,95,-2.4,4.3,14.1,22.8,11.25,22.1,,,,,,
16-Jun-23,11:54,92.5,-2.3,4.15,14,22.8,11.4,22.1,,,,,,
16-Jun-23,11:55,105,-2,4.1,13.7,22.8,11.45,22.1,,,,,,
16-Jun-23,11:56,92.5,-2.45,4.3,14.15,22.8,11.25,22.1,,,,,,
16-Jun-23,11:57,95,-2.2,4.1,13.9,22.8,11.45,22.1,,,,,,
16-Jun-23,11:58,92.5,-2.25,4.1,13.95,22.8,11.45,22.1,,,,,,
16-Jun-23,11:59,92.5,-2.55,4.4,14.25,22.8,11.15,22.1,,,,,,
16-Jun-23,12:00,80,-2.8,4.4,14.5,22.8,11.15,22.1,,,,,,
16-Jun-23,12:01,77.5,-2.85,4.4,14.55,22.8,11.15,22.1,,,,,,
16-Jun-23,12:02,90,-2.3,4.1,14,22.8,11.45,22.1,,,,,,
16-Jun-23,12:03,82.5,-2.45,4.1,14.15,22.8,11.45,22.1,,,,,,
16-Jun-23,12:04,72.5,-3.25,4.7,14.95,22.8,10.85,22.1,,,,,,
16-Jun-23,12:05,72.5,-2.65,4.1,14.35,22.8,11.45,21.7,,,,,,
16-Jun-23,12:06,85,-2.2,3.9,13.9,22.8,11.65,21.7,,,,,,
16-Jun-23,12:07,92.5,-2.35,4.2,14.05,22.8,11.35,21.7,,,,,,
16-Jun-23,12:08,95,-2.15,4.05,13.85,22.8,11.5,21.7,,,,,,
16-Jun-23,12:09,90,-2.3,4.1,14,22.8,11.45,21.7,,,,,,
16-Jun-23,12:10,102.5,-1.9,3.95,13.6,22.8,11.6,21.7,,,,,,
16-Jun-23,12:11,97.5,-2.3,4.25,14,22.8,11.3,21.7,,,,,,
16-Jun-23,12:12,97.5,-2.3,4.25,14,22.8,11.3,21.7,,,,,,
16-Jun-23,12:13,105,-1.95,4.05,13.65,22.8,11.5,21.7,,,,,,
16-Jun-23,12:14,112.5,-1.7,3.95,13.4,22.8,11.6,21.7,,,,,,
16-Jun-23,12:15,112.5,-1.9,4.15,13.6,22.8,11.4,21.7,,,,,,
16-Jun-23,12:16,110,-1.85,4.05,13.55,22.8,11.5,21.7,,,,,,
16-Jun-23,12:17,110,-2,4.2,13.7,22.8,11.35,21.7,,,,,,
16-Jun-23,12:18,100,-2.15,4.15,13.85,22.8,11.4,21.7,,,,,,
16-Jun-23,12:19,105,-1.85,3.95,13.55,22.8,11.6,21.7,,,,,,
16-Jun-23,12:20,100,-2.1,4.1,13.8,22.8,11.45,21.7,,,,,,
16-Jun-23,12:21,105,-1.55,3.65,13.25,22.8,11.9,21.7,,,,,,
16-Jun-23,12:22,112.5,-1.6,3.85,13.3,22.8,11.7,21.7,,,,,,
16-Jun-23,12:23,107.5,-1.7,3.85,13.4,22.8,11.7,21.7,,,,,,
16-Jun-23,12:24,110,-1.55,3.75,13.25,22.8,11.8,21.7,,,,,,
16-Jun-23,12:25,110,-1.45,3.65,13.15,22.8,11.9,21.7,,,,,,
16-Jun-23,12:26,120,-1.2,3.6,12.9,22.8,11.95,21.7,,,,,,
16-Jun-23,12:27,112.5,-1.25,3.5,12.95,22.8,12.05,21.7,,,,,,
16-Jun-23,12:28,112.5,-1.3,3.55,13,22.8,12,21.7,,,,,,
16-Jun-23,12:29,115,-1.2,3.5,12.9,22.8,12.05,21.7,,,,,,
16-Jun-23,12:30,107.5,-1.5,3.65,13.2,22.8,11.9,21.7,,,,,,
16-Jun-23,12:31,110,-1.2,3.4,12.9,22.8,12.15,21.7,,,,,,
16-Jun-23,12:32,117.5,-0.75,3.1,12.45,22.8,12.45,21.7,,,,,,
16-Jun-23,12:33,117.5,-1.05,3.4,12.75,22.8,12.15,21.7,,,,,,
16-Jun-23,12:34,115,-1.4,3.7,13.1,22.8,11.85,21.7,,,,,,
16-Jun-23,12:35,112.5,-0.85,3.1,12.55,22.8,12.45,21.7,,,,,,
16-Jun-23,12:36,112.5,-0.7,2.95,12.4,22.8,12.6,21.7,,,,,,
16-Jun-23,12:37,112.5,-0.55,2.8,12.25,22.8,12.75,21.7,,,,,,
16-Jun-23,12:38,110,-0.6,2.8,12.3,22.8,12.75,21.7,,,,,,
16-Jun-23,12:39,112.5,-0.65,2.9,12.35,22.8,12.65,21.7,,,,,,
16-Jun-23,12:40,107.5,-0.7,2.85,12.4,22.8,12.7,21.7,,,,,,
16-Jun-23,12:41,110,-0.75,2.95,12.45,22.8,12.6,21.7,,,,,,
16-Jun-23,12:42,105,-0.8,2.9,12.5,22.8,12.65,21.7,,,,,,
16-Jun-23,12:43,115,-0.7,3,12.4,22.8,12.55,21.7,,,,,,
16-Jun-23,12:44,120,-0.6,3,12.3,22.8,12.55,21.7,,,,,,
16-Jun-23,12:45,122.5,-0.65,3.1,12.35,22.8,12.45,21.7,,,,,,
16-Jun-23,12:46,127.5,-0.8,3.35,12.5,22.8,12.2,21.7,,,,,,
16-Jun-23,12:47,135,-1.15,3.85,12.85,22.8,11.7,21.7,,,,,,
16-Jun-23,12:48,130,-1.15,3.75,12.85,22.8,11.8,21.7,,,,,,
16-Jun-23,12:49,140,-1.2,4,12.9,22.8,11.55,21.7,,,,,,
16-Jun-23,12:50,150,-1.35,4.35,13.05,22.8,11.2,21.7,,,,,,
16-Jun-23,12:51,150,-0.85,3.85,12.55,22.8,11.7,21.7,,,,,,
16-Jun-23,12:52,155,-0.65,3.75,12.35,22.8,11.8,21.7,,,,,,
16-Jun-23,12:53,147.5,-0.85,3.8,12.55,22.8,11.75,21.7,,,,,,
16-Jun-23,12:54,140,-0.75,3.55,12.45,22.8,12,21.7,,,,,,
16-Jun-23,12:55,137.5,-0.6,3.35,12.3,22.8,12.2,21.7,,,,,,
16-Jun-23,12:56,155,0.1,3,11.6,22.8,12.55,21.7,,,,,,
16-Jun-23,12:57,147.5,-0.4,3.35,12.1,22.8,12.2,21.7,,,,,,
16-Jun-23,12:58,162.5,-0.55,3.8,12.25,22.8,11.75,21.7,,,,,,
16-Jun-23,12:59,160,-0.8,4,12.5,22.8,11.55,21.7,,,,,,
16-Jun-23,13:00,152.5,-1.05,4.1,12.75,22.8,11.45,21.7,,,,,,
16-Jun-23,13:01,147.5,-1.05,4,12.75,22.8,11.55,21.7,,,,,,
16-Jun-23,13:02,152.5,-1.05,4.1,12.75,22.8,11.45,21.7,,,,,,
16-Jun-23,13:03,167.5,-0.65,4,12.35,22.8,11.55,21.7,,,,,,
16-Jun-23,13:04,170,-0.8,4.2,12.5,22.8,11.35,21.7,,,,,,
16-Jun-23,13:05,170,-0.75,4.15,12.45,22.8,11.4,21.7,,,,,,
16-Jun-23,13:06,170,-0.9,4.3,12.6,22.8,11.25,21.7,,,,,,
16-Jun-23,13:07,185,-0.35,4.05,12.05,22.8,11.5,21.7,,,,,,
16-Jun-23,13:08,177.5,-0.5,4.05,12.2,22.8,11.5,21.7,,,,,,
16-Jun-23,13:09,175,-0.4,3.9,12.1,22.8,11.65,21.7,,,,,,
16-Jun-23,13:10,170,-0.6,4,12.3,22.8,11.55,21.7,,,,,,
16-Jun-23,13:11,172.5,-0.55,4,12.25,22.8,11.55,21.7,,,,,,
16-Jun-23,13:12,175,-0.65,4.15,12.35,22.8,11.4,21.7,,,,,,
16-Jun-23,13:13,177.5,-0.75,4.3,12.45,22.8,11.25,21.7,,,,,,
16-Jun-23,13:14,185,-0.8,4.5,12.5,22.8,11.05,21.7,,,,,,
16-Jun-23,13:15,180,-0.9,4.5,12.6,22.8,11.05,21.7,,,,,,
16-Jun-23,13:16,185,-0.5,4.2,12.2,22.8,11.35,21.7,,,,,,
16-Jun-23,13:17,192.5,-0.45,4.3,12.15,22.8,11.25,21.7,,,,,,
16-Jun-23,13:18,192.5,-0.55,4.4,12.25,22.8,11.15,21.7,,,,,,
16-Jun-23,13:19,190,-0.5,4.3,12.2,22.8,11.25,21.7,,,,,,
16-Jun-23,13:20,190,-0.25,4.05,11.95,22.8,11.5,21.7,,,,,,
16-Jun-23,13:21,187.5,-0.55,4.3,12.25,22.8,11.25,21.7,,,,,,
16-Jun-23,13:22,187.5,-0.65,4.4,12.35,22.8,11.15,21.7,,,,,,
16-Jun-23,13:23,182.5,-0.9,4.55,12.6,22.8,11,21.7,,,,,,
16-Jun-23,13:24,172.5,-1,4.45,12.7,22.8,11.1,21.7,,,,,,
16-Jun-23,13:25,180,-0.85,4.45,12.55,22.8,11.1,21.7,,,,,,
16-Jun-23,13:26,175,-1.3,4.8,13,22.8,10.75,21.7,,,,,,
16-Jun-23,13:27,175,-1.2,4.7,12.9,22.8,10.85,21.7,,,,,,
16-Jun-23,13:28,177.5,-1,4.55,12.7,22.8,11,21.7,,,,,,
16-Jun-23,13:29,190,-0.6,4.4,12.3,22.8,11.15,21.7,,,,,,
16-Jun-23,13:30,192.5,-0.5,4.35,12.2,22.8,11.2,21.7,,,,,,
16-Jun-23,13:31,190,-0.65,4.45,12.35,22.8,11.1,21.7,,,,,,
16-Jun-23,13:32,177.5,-1.1,4.65,12.8,22.8,10.9,21.7,,,,,,
16-Jun-23,13:33,180,-1.1,4.7,12.8,22.8,10.85,21.7,,,,,,
16-Jun-23,13:34,192.5,-0.7,4.55,12.4,22.8,11,21.7,,,,,,
16-Jun-23,13:35,197.5,-0.45,4.4,12.15,22.8,11.15,21.7,,,,,,
16-Jun-23,13:36,197.5,-0.45,4.4,12.15,22.8,11.15,21.7,,,,,,
16-Jun-23,13:37,192.5,-0.75,4.6,12.45,22.8,10.95,21.7,,,,,,
16-Jun-23,13:38,195,-0.7,4.6,12.4,22.8,10.95,21.7,,,,,,
16-Jun-23,13:39,195,-0.55,4.45,12.25,22.8,11.1,21.7,,,,,,
16-Jun-23,13:40,192.5,-0.75,4.6,12.45,22.8,10.95,21.7,,,,,,
16-Jun-23,13:41,192.5,-0.8,4.65,12.5,22.8,10.9,21.7,,,,,,
16-Jun-23,13:42,195,-0.95,4.85,12.65,22.8,10.7,21.7,,,,,,
16-Jun-23,13:43,190,-0.85,4.65,12.55,22.8,10.9,21.7,,,,,,
16-Jun-23,13:44,187.5,-0.9,4.65,12.6,22.8,10.9,21.7,,,,,,
16-Jun-23,13:45,182.5,-0.95,4.6,12.65,22.8,10.95,21.7,,,,,,
16-Jun-23,13:46,190,-0.85,4.65,12.55,22.8,10.9,21.7,,,,,,
16-Jun-23,13:47,192.5,-0.75,4.6,12.45,22.8,10.95,21.7,,,,,,
16-Jun-23,13:48,190,-0.8,4.6,12.5,22.8,10.95,21.7,,,,,,
16-Jun-23,13:49,192.5,-0.9,4.75,12.6,22.8,10.8,21.7,,,,,,
16-Jun-23,13:50,190,-0.8,4.6,12.5,22.8,10.95,21.6,,,,,,
16-Jun-23,13:51,202.5,-0.5,4.55,12.2,22.8,11,21.6,,,,,,
16-Jun-23,13:52,205,-0.3,4.4,12,22.8,11.15,21.6,,,,,,
16-Jun-23,13:53,207.5,-0.15,4.3,11.85,22.8,11.25,21.6,,,,,,
16-Jun-23,13:54,197.5,-0.35,4.3,12.05,22.8,11.25,21.6,,,,,,
16-Jun-23,13:55,202.5,-0.55,4.6,12.25,22.8,10.95,21.6,,,,,,
16-Jun-23,13:56,195,-0.75,4.65,12.45,22.8,10.9,21.6,,,,,,
16-Jun-23,13:57,197.5,-0.7,4.65,12.4,22.8,10.9,21.6,,,,,,
16-Jun-23,13:58,197.5,-0.75,4.7,12.45,22.8,10.85,21.6,,,,,,
16-Jun-23,13:59,197.5,-1.05,5,12.75,22.8,10.55,21.6,,,,,,
16-Jun-23,14:00,182.5,-1.45,5.1,13.15,22.8,10.45,21.1,,,,,,
16-Jun-23,14:01,170,-1.9,5.3,13.6,22.8,10.25,21.1,,,,,,
16-Jun-23,14:02,172.5,-1.75,5.2,13.45,22.8,10.35,21.1,,,,,,
16-Jun-23,14:03,170,-1.9,5.3,13.6,22.8,10.25,21.1,,,,,,
16-Jun-23,14:04,177.5,-1.65,5.2,13.35,22.8,10.35,21.1,,,,,,
16-Jun-23,14:05,165,-2.35,5.65,14.05,22.8,9.9,20.7,,,,,,
16-Jun-23,14:06,157.5,-2.65,5.8,14.35,22.8,9.75,20.7,,,,,,
16-Jun-23,14:07,152.5,-2.45,5.5,14.15,22.8,10.05,20.7,,,,,,
16-Jun-23,14:08,157.5,-2.25,5.4,13.95,22.8,10.15,20.7,,,,,,
16-Jun-23,14:09,155,-2.45,5.55,14.15,22.8,10,20.7,,,,,,
16-Jun-23,14:10,150,-2.7,5.7,14.4,22.8,9.85,20,,,,,,
16-Jun-23,14:11,155,-2.5,5.6,14.2,22.8,9.95,20,,,,,,
16-Jun-23,14:12,142.5,-2.9,5.75,14.6,22.8,9.8,20,,,,,,
16-Jun-23,14:13,147.5,-2.8,5.75,14.5,22.8,9.8,20,,,,,,
16-Jun-23,14:14,7.5,-6.2,6.35,17.9,22.8,9.2,20,,,,,,
16-Jun-23,14:15,-105,-8.1,6,19.8,22.8,9.55,18.4,,,,,,
16-Jun-23,14:16,-165,-9.3,6,21,22.8,9.55,18.4,,,,,,
16-Jun-23,14:17,-187.5,-9.55,5.8,21.25,22.8,9.75,18.4,,,,,,
16-Jun-23,14:18,-250,-11.1,6.1,23.85,22.8,9.3,18.4,,,,,,
16-Jun-23,14:20,-247.5,0,6.15,4.5,9,9.4,18.4,12.3,24.6,,,,
16-Jun-23,14:21,-260,-0.2,6.1,4.7,9,9.45,18.4,12.3,24.6,,,,
16-Jun-23,14:22,-252.5,-0.1,6.15,4.6,9,9.45,18.4,12.25,24.6,,,,
16-Jun-23,14:23,-247.5,0.05,6.1,4.45,9,9.45,18.4,12.3,24.6,,,,
16-Jun-23,14:24,-242.5,0.3,5.95,4.2,8.4,9.5,18.4,12.4,24.6,,,,
16-Jun-23,14:25,-245,0.2,6,4.3,8.4,9.5,18.4,12.35,24.6,,,,
16-Jun-23,14:26,-257.5,0.25,5.7,4.25,8.4,9.6,18.4,12.55,24.6,,,,
16-Jun-23,14:27,-270,0.15,5.55,4.35,8.4,9.7,18.4,12.6,24.6,,,,
16-Jun-23,14:28,-267.5,0.4,5.35,4.1,8.4,9.75,18.4,12.75,24.6,,,,
16-Jun-23,14:29,-255,0.1,5.9,4.4,8.4,9.6,18.4,12.35,24.6,,,,
16-Jun-23,14:30,-270,0.15,5.55,4.35,8.4,9.7,18.4,12.6,24.6,,,,
16-Jun-23,14:31,-260,0.2,5.7,4.3,8.4,9.65,18.4,12.5,24.6,,,,
16-Jun-23,14:32,-267.5,0.35,5.4,4.15,8.4,9.75,18.4,12.7,24.6,,,,
16-Jun-23,14:33,-250,0.3,5.8,4.2,8.4,9.55,18.4,12.5,24.6,,,,
16-Jun-23,14:34,-247.5,0.35,5.8,4.15,8.3,9.6,18.4,12.45,24.6,,,,
16-Jun-23,14:35,-252.5,0.25,5.8,4.25,8.3,9.55,18.4,12.5,24.6,,,,
16-Jun-23,14:36,-255,0.25,5.75,4.25,8.3,9.6,18.4,12.5,24.6,,,,
16-Jun-23,14:37,-247.5,0.25,5.9,4.25,8.3,9.55,18.4,12.4,24.6,,,,
16-Jun-23,14:38,-245,-0.15,6.35,4.65,8.3,9.4,18.4,12.1,24.6,,,,
16-Jun-23,14:39,-245,-0.7,6.9,5.2,8.3,9.15,18.3,11.8,23.6,,,,
16-Jun-23,14:40,-210,-0.7,7.6,5.2,8.3,8.85,18.3,11.4,23.6,,,,
16-Jun-23,14:41,-205,-0.85,7.85,5.35,8.3,8.75,18.3,11.25,23.6,,,,
16-Jun-23,14:42,-220,-0.9,7.6,5.4,8.3,8.85,18.3,11.4,23.6,,,,
16-Jun-23,14:43,-210,-1.05,7.95,5.55,8.3,8.65,18.3,11.25,23.6,,,,
16-Jun-23,14:44,-195,-0.85,8.05,5.35,8.3,8.6,17.2,11.2,22.4,,,,
16-Jun-23,14:45,-197.5,-1.35,8.5,5.85,8.3,8.45,17.2,10.9,22.4,,,,
16-Jun-23,14:46,-232.5,-2.25,8.7,6.75,8.3,8.4,17.2,10.75,22.4,,,,
16-Jun-23,14:47,-247.5,-2.35,8.5,6.85,8.3,8.5,17.2,10.85,22.4,,,,
16-Jun-23,14:48,-237.5,-2.1,8.45,6.6,8.3,8.5,17.2,10.9,22.4,,,,
16-Jun-23,14:49,-245,-2.55,8.75,7.05,8.3,8.45,16.9,10.65,21.3,,,,
16-Jun-23,14:50,-275,-3.4,9,7.9,8.3,8.35,16.9,10.5,21.3,,,,
16-Jun-23,14:49,-497.5,-3.8,8.75,8.4,5.3,8.45,16.9,10.65,21.3,10.65,21.3,,
16-Jun-23,14:50,-295,0,9,2.65,5.3,8.35,16.9,10.5,21.3,14,21.3,,
16-Jun-23,14:51,-285,-0.1,9.3,2.75,5.3,8.4,16.9,10.4,21.3,13.75,21.3,,
16-Jun-23,14:52,-387.5,-0.6,7.75,3.25,5.3,8.85,16.9,10.9,21.3,14.35,21.3,,
16-Jun-23,14:53,-395,0.05,6.95,2.6,5.3,8.9,16.9,11.15,21.3,14.85,21.3,,
16-Jun-23,14:54,-397.5,0.05,6.9,2.6,5.2,8.9,16.9,11.15,21.3,14.9,21.3,,
16-Jun-23,14:55,-360,0,7.7,2.65,5.2,8.7,16.9,10.9,21.3,14.55,21.3,,
16-Jun-23,14:56,-375,-0.2,7.6,2.85,5.2,8.75,16.9,10.95,21.3,14.55,21.3,,
16-Jun-23,14:57,-370,-0.1,7.6,2.75,5.2,8.85,16.9,10.9,21.3,14.5,21.3,,
16-Jun-23,14:58,-382.5,-0.1,7.35,2.75,5.2,8.9,16.9,10.95,21.3,14.65,21.3,,
16-Jun-23,14:59,-372.5,-0.1,7.55,2.75,5.2,8.85,16.9,10.95,21.3,14.5,21.3,,
16-Jun-23,15:00,-435,0.05,6.15,2.6,5.2,9.15,16.9,11.35,21.3,15.2,21.3,,
16-Jun-23,15:01,-397.5,0.2,6.75,2.45,5.2,8.95,16.9,11.15,21.3,15,21.3,,
16-Jun-23,15:02,-392.5,0.3,6.75,2.35,5.2,8.9,16.9,11.15,21.3,15.05,21.3,,
16-Jun-23,15:03,-380,0.45,6.85,2.2,5.2,8.85,16.9,11.1,21.3,15.05,21.3,,
16-Jun-23,15:04,-437.5,0.5,5.65,2.15,4.3,9.15,16.9,11.45,21.3,15.6,21.3,,
16-Jun-23,15:05,-530,0.55,3.75,2.1,4.3,9.55,16.9,12.05,21.3,16.5,21.3,,
16-Jun-23,15:06,-470,0.55,4.95,2.1,4.3,9.25,16.9,11.7,21.3,15.95,21.3,,
16-Jun-23,15:07,-457.5,0.6,5.15,2.05,4.3,9.15,16.9,11.65,21.3,15.9,21.3,,
16-Jun-23,15:08,-477.5,0.55,4.8,2.1,4.3,9.2,16.9,11.75,21.3,16.1,21.3,,
16-Jun-23,15:09,-507.5,0.6,4.15,2.05,4.1,9.3,16.9,11.9,21.3,16.5,21.3,,
16-Jun-23,15:10,-487.5,0.65,4.5,2,4.1,9.3,16.9,11.8,21.3,16.25,21.3,,
16-Jun-23,15:11,-432.5,0.65,5.6,2,4.1,9,16.9,11.45,21.3,15.8,21.3,,
16-Jun-23,15:12,-482.5,0.7,4.55,1.95,4.1,9.2,16.9,11.75,21.3,16.35,21.3,,
16-Jun-23,15:13,-477.5,0.65,4.7,2,4.1,9.15,16.9,11.75,21.3,16.25,21.3,,
16-Jun-23,15:14,-477.5,0.65,4.7,2,4,9.2,16.9,11.7,21.3,16.25,21.3,,
16-Jun-23,15:15,-500,0.75,4.15,1.9,4,9.35,16.9,11.95,21.3,16.4,21.3,,
16-Jun-23,15:16,-535,0.7,3.5,1.95,4,9.45,16.9,12.15,21.3,16.75,21.3,,
16-Jun-23,15:17,-550,0.7,3.2,1.95,4,9.5,16.9,12.2,21.3,16.95,21.3,,
16-Jun-23,15:18,-515,0.7,3.9,1.95,4,9.25,16.9,12,21.3,16.7,21.3,,
16-Jun-23,15:19,-462.5,0.75,4.9,1.9,3.8,9.05,16.9,11.65,21.3,16.25,21.3,,
16-Jun-23,15:20,-505,0.7,4.1,1.95,3.8,9.2,16.9,11.9,21.3,16.65,21.3,,
16-Jun-23,15:21,-532.5,0.75,3.5,1.9,3.8,9.3,16.9,12.05,21.3,17,21.3,,
16-Jun-23,15:22,-455,0.65,5.15,2,3.8,9,16.9,11.55,21.3,16.15,21.3,,
16-Jun-23,15:23,-402.5,0.7,6.15,1.95,3.8,8.8,16.9,11.25,21.3,15.65,21.3,,
16-Jun-23,15:24,-420,0.65,5.85,2,3.8,8.85,16.9,11.4,21.3,15.75,21.3,,
16-Jun-23,15:25,-405,0.75,6.05,1.9,3.8,8.75,16.9,11.35,21.3,15.7,21.3,,
16-Jun-23,15:26,-405,0.7,6.1,1.95,3.8,8.75,16.9,11.35,21.3,15.65,21.3,,
16-Jun-23,15:27,-450,0.7,5.2,1.95,3.8,9.05,16.9,11.65,21.3,15.95,21.3,,
16-Jun-23,15:28,-432.5,0.75,5.5,1.9,3.8,9,16.9,11.55,21.3,15.8,21.3,,
16-Jun-23,15:29,-342.5,0.7,7.35,1.95,3.8,8.35,16.7,11.15,21.3,15,21.3,,
19-Jun-23,09:29,-92.5,0.4,12.65,2.25,3.8,7.35,14.7,9.25,18.5,12.6,21.3,,
19-Jun-23,09:30,-85,0.5,12.7,2.15,3.8,7.35,14.7,9.25,18.5,12.55,21.3,,
19-Jun-23,09:31,-135,0.45,11.75,2.2,3.8,7.65,14.7,9.6,18.5,12.85,21.3,,
19-Jun-23,09:32,-187.5,0.5,10.65,2.15,3.8,7.9,14.7,9.95,18.5,13.35,21.3,,
19-Jun-23,09:33,-175,0.5,10.9,2.15,3.8,7.8,14.7,9.85,18.5,13.3,21.3,,
19-Jun-23,09:34,-155,0.5,11.3,2.15,3.8,7.7,14.7,9.7,18.5,13.15,21.3,,
19-Jun-23,09:35,-125,0.5,11.9,2.15,3.8,7.55,14.7,9.5,18.5,12.9,21.3,,
19-Jun-23,09:36,-147.5,0.5,11.45,2.15,3.8,7.6,14.7,9.65,18.5,13.15,21.3,,
19-Jun-23,09:37,-135,0.45,11.75,2.2,3.8,7.55,14.7,9.6,18.5,12.95,21.3,,
19-Jun-23,09:38,-102.5,0.5,12.35,2.15,3.8,7.45,14.7,9.35,18.5,12.7,21.3,,
19-Jun-23,09:39,-122.5,0.5,11.95,2.15,3.8,7.45,14.7,9.5,18.5,12.95,21.3,,
19-Jun-23,09:40,-42.5,0.5,13.55,2.15,3.8,7.1,14.7,9,18.5,12.2,21.3,,
19-Jun-23,09:41,-120,0.5,12,2.15,3.8,7.4,14.7,9.45,18.5,13,21.3,,
19-Jun-23,09:42,-35,0.55,13.65,2.1,3.8,7.05,14.7,8.95,18.5,12.2,21.3,,
19-Jun-23,09:43,-67.5,0.55,13,2.1,3.8,7.2,14.7,9.15,18.5,12.5,21.3,,
19-Jun-23,09:44,-40,0.55,13.55,2.1,3.8,7.1,14.2,8.95,17.9,12.25,21.3,,
19-Jun-23,09:45,-20,0.6,13.9,2.05,3.8,6.95,14.2,8.85,17.9,12.15,21.3,,
19-Jun-23,09:46,-15,0.6,14,2.05,3.8,6.95,14.2,8.8,17.9,12.1,21.3,,
19-Jun-23,09:47,-10,0.55,14.15,2.1,3.8,6.95,14.2,8.75,17.9,12,21.3,,
19-Jun-23,09:48,-20,0.55,13.95,2.1,3.8,6.9,14.2,8.85,17.9,12.15,21.3,,
19-Jun-23,09:49,-7.5,0.55,14.2,2.1,3.8,6.9,13.8,8.75,17.5,12,21.3,,
19-Jun-23,09:50,-52.5,0.55,13.3,2.1,3.8,7.05,13.8,9.05,17.5,12.45,21.3,,
19-Jun-23,09:51,-145,0.6,11.4,2.05,3.8,7.55,13.8,9.65,17.5,13.25,21.3,,
19-Jun-23,09:52,-72.5,0.55,12.9,2.1,3.8,7.2,13.8,9.2,17.5,12.55,21.3,,
19-Jun-23,09:53,-60,0.55,13.15,2.1,3.8,7.15,13.8,9.1,17.5,12.45,21.3,,
19-Jun-23,09:54,-30,0.55,13.75,2.1,3.8,7,13.8,8.9,17.5,12.2,21.3,,
19-Jun-23,09:55,-32.5,0.55,13.7,2.1,3.8,7,13.8,8.95,17.5,12.2,21.3,,
19-Jun-23,09:56,-20,0.55,13.95,2.1,3.8,6.9,13.8,8.9,17.5,12.1,21.3,,
19-Jun-23,09:57,7.5,0.55,14.5,2.1,3.8,6.75,13.8,8.7,17.5,11.9,21.3,,
19-Jun-23,09:58,17.5,0.6,14.65,2.05,3.8,6.8,13.8,8.65,17.5,11.75,21.3,,
19-Jun-23,09:59,30,0.6,14.9,2.05,3.8,6.65,13.3,8.6,17.2,11.7,21.3,,
19-Jun-23,10:00,-37.5,0.65,13.5,2,3.8,7,13.3,9.05,17.2,12.3,21.3,,
19-Jun-23,10:01,-75,0.65,12.75,2,3.8,7.15,13.3,9.2,17.2,12.75,21.3,,
19-Jun-23,10:02,-65,0.7,12.9,1.95,3.8,7.1,13.3,9.2,17.2,12.65,21.3,,
19-Jun-23,10:03,-102.5,0.65,12.2,2,3.8,7.3,13.3,9.45,17.2,12.9,21.3,,
19-Jun-23,10:04,-112.5,0.7,11.95,1.95,3.8,7.35,13.3,9.45,17.2,13.1,21.3,,
19-Jun-23,10:05,-162.5,0.65,11,2,3.8,7.55,13.3,9.8,17.2,13.5,21.3,,
19-Jun-23,10:06,-125,0.65,11.75,2,3.8,7.35,13.3,9.6,17.2,13.15,21.3,,
19-Jun-23,10:07,-115,0.65,11.95,2,3.8,7.35,13.3,9.5,17.2,13.05,21.3,,
19-Jun-23,10:08,-65,0.65,12.95,2,3.8,7.1,13.3,9.2,17.2,12.6,21.3,,
19-Jun-23,10:09,-85,0.65,12.55,2,3.8,7.2,13.3,9.3,17.2,12.8,21.3,,
19-Jun-23,10:10,-72.5,0.65,12.8,2,3.8,7.1,13.3,9.2,17.2,12.75,21.3,,
19-Jun-23,10:11,-52.5,0.6,13.25,2.05,3.8,7,13.3,9.1,17.2,12.5,21.3,,
19-Jun-23,10:12,-22.5,0.65,13.8,2,3.8,6.9,13.3,8.9,17.2,12.25,21.3,,
19-Jun-23,10:13,-7.5,0.65,14.1,2,3.8,6.8,13.3,8.85,17.2,12.1,21.3,,
19-Jun-23,10:14,-37.5,0.6,13.55,2.05,3.8,6.95,13.3,9,17.2,12.35,21.3,,
19-Jun-23,10:15,-80,0.6,12.7,2.05,3.8,7.15,13.3,9.25,17.2,12.75,21.3,,
19-Jun-23,10:16,-110,0.6,12.1,2.05,3.8,7.25,13.3,9.45,17.2,13.05,21.3,,
19-Jun-23,10:17,-147.5,0.65,11.3,2,3.8,7.45,13.3,9.65,17.2,13.45,21.3,,
19-Jun-23,10:18,-200,0.6,10.3,2.05,3.8,7.65,13.3,10,17.2,13.9,21.3,,
19-Jun-23,10:19,-207.5,0.6,10.15,2.05,3.8,7.7,13.3,10,17.2,14,21.3,,
19-Jun-23,10:20,-232.5,0.5,9.75,2.15,3.8,7.75,13.3,10.15,17.2,14.2,21.3,,
19-Jun-23,10:21,-305,0.55,8.25,2.1,3.8,8.1,13.3,10.65,17.2,14.85,21.3,,
19-Jun-23,10:22,-300,0.55,8.35,2.1,3.8,8.1,13.3,10.55,17.2,14.85,21.3,,
19-Jun-23,10:23,-227.5,0.55,9.8,2.1,3.8,7.75,13.3,10.1,17.2,14.2,21.3,,
19-Jun-23,10:24,-280,0.55,8.75,2.1,3.8,7.95,13.3,10.5,17.2,14.65,21.3,,
19-Jun-23,10:25,-275,0.55,8.85,2.1,3.8,7.95,13.3,10.45,17.2,14.6,21.3,,
19-Jun-23,10:26,-377.5,0.5,6.85,2.15,3.8,8.4,13.3,11.05,17.2,15.55,21.3,,
19-Jun-23,10:27,-355,0.6,7.2,2.05,3.8,8.35,13.3,10.95,17.2,15.35,21.3,,
19-Jun-23,10:28,-342.5,0.65,7.4,2,3.8,8.25,13.3,10.85,17.2,15.35,21.3,,
19-Jun-23,10:29,-295,0.55,8.45,2.1,3.8,8.1,13.3,10.5,17.2,14.8,21.3,,
19-Jun-23,10:30,-250,0.55,9.35,2.1,3.8,7.85,13.3,10.25,17.2,14.4,21.3,,
19-Jun-23,10:31,-297.5,0.55,8.4,2.1,3.8,8.05,13.3,10.6,17.2,14.8,21.3,,
19-Jun-23,10:32,-330,0.55,7.75,2.1,3.8,8.1,13.3,10.75,17.2,15.25,21.3,,
19-Jun-23,10:33,-390,0.65,6.45,2,3.8,8.4,13.3,11.2,17.2,15.8,21.3,,
19-Jun-23,10:34,-412.5,0.6,6.05,2.05,3.8,8.45,13.3,11.3,17.2,16.05,21.3,,
19-Jun-23,10:35,-420,0.6,5.9,2.05,3.8,8.4,13.3,11.4,17.2,16.15,21.3,,
19-Jun-23,10:36,-365,0.6,7,2.05,3.8,8.25,13.3,11,17.2,15.6,21.3,,
19-Jun-23,10:37,-300,0.6,8.3,2.05,3.8,7.9,13.3,10.6,17.2,15.05,21.3,,
19-Jun-23,10:38,-340,0.6,7.5,2.05,3.8,8.05,13.3,10.85,17.2,15.45,21.3,,
19-Jun-23,10:39,-305,0.6,8.2,2.05,3.8,7.95,13.3,10.65,17.2,15.05,21.3,,
19-Jun-23,10:40,-292.5,0.6,8.45,2.05,3.8,7.9,13.3,10.6,17.2,14.9,21.3,,
19-Jun-23,10:41,-297.5,0.6,8.35,2.05,3.8,7.95,13.3,10.55,17.2,15,21.3,,
19-Jun-23,10:42,-327.5,0.55,7.8,2.1,3.8,8,13.3,10.75,17.2,15.3,21.3,,
19-Jun-23,10:43,-340,0.55,7.55,2.1,3.8,8.1,13.3,10.85,17.2,15.35,21.3,,
19-Jun-23,10:44,-295,0.55,8.45,2.1,3.8,7.85,13.3,10.55,17.2,15,21.3,,
19-Jun-23,10:45,-342.5,0.55,7.5,2.1,3.8,8.1,13.3,10.85,17.2,15.4,21.3,,
19-Jun-23,10:46,-325,0.55,7.85,2.1,3.8,8,13.3,10.75,17.2,15.25,21.3,,
19-Jun-23,10:47,-342.5,0.55,7.5,2.1,3.8,8.05,13.3,10.85,17.2,15.45,21.3,,
19-Jun-23,10:48,-420,0.55,5.95,2.1,3.8,8.4,13.3,11.35,17.2,16.15,21.3,,
19-Jun-23,10:49,-382.5,0.55,6.7,2.1,3.8,8.2,13.3,11.15,17.2,15.8,21.3,,
19-Jun-23,10:50,-357.5,0.5,7.25,2.15,3.8,8.05,13.3,10.9,17.2,15.65,21.3,,
19-Jun-23,10:51,-370,0.55,6.95,2.1,3.8,8.15,13.3,11,17.2,15.75,21.3,,
19-Jun-23,10:52,-375,0.55,6.85,2.1,3.8,8.1,13.3,11.1,17.2,15.8,21.3,,
19-Jun-23,10:53,-322.5,0.55,7.9,2.1,3.8,7.85,13.3,10.8,17.2,15.3,21.3,,
19-Jun-23,10:54,-322.5,0.5,7.95,2.15,3.8,7.85,13.3,10.75,17.2,15.3,21.3,,
19-Jun-23,10:55,-347.5,0.5,7.45,2.15,3.8,8,13.3,10.85,17.2,15.55,21.3,,
19-Jun-23,10:56,-390,0.55,6.55,2.1,3.8,8.15,13.3,11.2,17.2,15.95,21.3,,
19-Jun-23,10:57,-380,0.55,6.75,2.1,3.8,8.15,13.3,11.05,17.2,15.9,21.3,,
19-Jun-23,10:58,-390,0.55,6.55,2.1,3.8,8.15,13.3,11.15,17.2,16,21.3,,
19-Jun-23,10:59,-370,0.55,6.95,2.1,3.8,8.05,13.3,11.05,17.2,15.8,21.3,,
19-Jun-23,11:00,-447.5,0.55,5.4,2.1,3.8,8.3,13.3,11.45,17.2,16.7,21.3,,
19-Jun-23,11:01,-402.5,0.55,6.3,2.1,3.8,8.15,13.3,11.2,17.2,16.2,21.3,,
19-Jun-23,11:02,-415,0.55,6.05,2.1,3.8,8.25,13.3,11.3,17.2,16.25,21.3,,
19-Jun-23,11:03,-440,0.5,5.6,2.15,3.8,8.3,13.3,11.45,17.2,16.5,21.3,,
19-Jun-23,11:04,-495,0.45,4.55,2.2,3.8,8.45,13.3,11.85,17.2,17,21.3,,
19-Jun-23,11:05,-595,0.35,2.65,2.3,3.8,8.95,13.3,12.4,17.2,17.85,21.3,,
19-Jun-23,11:06,-600,0.4,2.5,2.25,3.8,9.05,13.3,12.45,17.2,17.85,21.3,,
19-Jun-23,11:07,-587.5,0.4,2.75,2.25,3.8,9,13.3,12.35,17.2,17.75,21.3,,
19-Jun-23,11:08,-612.5,0.4,2.25,2.25,3.8,9.1,13.3,12.55,17.2,17.95,21.3,,
19-Jun-23,11:09,-620,0.45,2.05,2.2,3.8,9.1,13.3,12.65,17.2,18.05,21.3,,
19-Jun-23,11:10,-570,0.4,3.1,2.25,3.8,8.9,13.3,12.3,17.2,17.55,21.3,,
19-Jun-23,11:11,-562.5,0.35,3.3,2.3,3.8,8.85,13.3,12.25,17.2,17.45,21.3,,
19-Jun-23,11:12,-530,0.4,3.9,2.25,3.8,8.65,13.3,12,17.2,17.3,21.3,,
19-Jun-23,11:13,-487.5,0.4,4.75,2.25,3.8,8.5,13.3,11.7,17.2,16.9,21.3,,
19-Jun-23,11:14,-387.5,0.4,6.75,2.25,3.8,8.05,13.3,11.05,17.2,16,21.3,,
19-Jun-23,11:15,-335,0.5,7.7,2.15,3.8,7.8,13.3,10.8,17.2,15.55,21.3,,
19-Jun-23,11:16,-330,0.55,7.75,2.1,3.8,7.85,13.3,10.7,17.2,15.55,21.3,,
19-Jun-23,11:17,-392.5,0.45,6.6,2.2,3.8,8.05,13.3,11.1,17.2,16.1,21.3,,
19-Jun-23,11:18,-437.5,0.45,5.7,2.2,3.8,8.3,13.3,11.4,17.2,16.45,21.3,,
19-Jun-23,11:19,-480,0.5,4.8,2.15,3.8,8.45,13.3,11.75,17.2,16.85,21.3,,
19-Jun-23,11:20,-492.5,0.45,4.6,2.2,3.8,8.45,13.3,11.85,17.2,16.95,21.3,,
19-Jun-23,11:21,-477.5,0.45,4.9,2.2,3.8,8.5,13.3,11.65,17.2,16.8,21.3,,
19-Jun-23,11:22,-487.5,0.45,4.7,2.2,3.8,8.55,13.3,11.75,17.2,16.85,21.3,,
19-Jun-23,11:23,-492.5,0.45,4.6,2.2,3.8,8.55,13.3,11.8,17.2,16.9,21.3,,
19-Jun-23,11:24,-450,0.5,5.4,2.15,3.8,8.4,13.3,11.55,17.2,16.5,21.3,,
19-Jun-23,11:25,-442.5,0.4,5.65,2.25,3.8,8.35,13.3,11.45,17.2,16.4,21.3,,
19-Jun-23,11:26,-387.5,0.4,6.75,2.25,3.8,8.1,13.3,11.1,17.2,15.9,21.3,,
19-Jun-23,11:27,-457.5,0.35,5.4,2.3,3.8,8.4,13.3,11.5,17.2,16.55,21.3,,
19-Jun-23,11:28,-462.5,0.35,5.3,2.3,3.8,8.4,13.3,11.55,17.2,16.6,21.3,,
19-Jun-23,11:29,-462.5,0.35,5.3,2.3,3.8,8.45,13.3,11.55,17.2,16.55,21.3,,
19-Jun-23,11:30,-512.5,0.35,4.3,2.3,3.8,8.65,13.3,11.85,17.2,17.05,21.3,,
19-Jun-23,11:31,-520,0.4,4.1,2.25,3.8,8.65,13.3,11.95,17.2,17.15,21.3,,
19-Jun-23,11:32,-542.5,0.45,3.6,2.2,3.8,8.75,13.3,12.1,17.2,17.4,21.3,,
19-Jun-23,11:33,-532.5,0.45,3.8,2.2,3.8,8.75,13.3,12,17.2,17.3,21.3,,
19-Jun-23,11:34,-495,0.45,4.55,2.2,3.8,8.6,13.3,11.75,17.2,16.95,21.3,,
19-Jun-23,11:35,-450,0.45,5.45,2.2,3.8,8.4,13.3,11.5,17.2,16.5,21.3,,
19-Jun-23,11:36,-430,0.45,5.85,2.2,3.8,8.3,13.3,11.4,17.2,16.3,21.3,,
19-Jun-23,11:37,-505,0.45,4.35,2.2,3.8,8.6,13.3,11.9,17.2,17,21.3,,
19-Jun-23,11:38,-510,0.45,4.25,2.2,3.8,8.6,13.3,11.9,17.2,17.1,21.3,,
19-Jun-23,11:39,-507.5,0.4,4.35,2.25,3.8,8.6,13.3,11.85,17.2,17.05,21.3,,
19-Jun-23,11:40,-480,0.45,4.85,2.2,3.8,8.55,13.3,11.7,17.2,16.75,21.3,,
19-Jun-23,11:41,-432.5,0.5,5.75,2.15,3.8,8.3,13.3,11.4,17.2,16.4,21.3,,
19-Jun-23,11:42,-432.5,0.45,5.8,2.2,3.8,8.35,13.3,11.4,17.2,16.3,21.3,,
19-Jun-23,11:43,-462.5,0.45,5.2,2.2,3.8,8.45,13.3,11.55,17.2,16.65,21.3,,
19-Jun-23,11:44,-420,0.4,6.1,2.25,3.8,8.3,13.3,11.3,17.2,16.15,21.3,,
19-Jun-23,11:45,-415,0.4,6.2,2.25,3.8,8.3,13.3,11.25,17.2,16.1,21.3,,
19-Jun-23,11:46,-465,0.4,5.2,2.25,3.8,8.45,13.3,11.55,17.2,16.65,21.3,,
19-Jun-23,11:47,-507.5,0.4,4.35,2.25,3.8,8.65,13.3,11.9,17.2,16.95,21.3,,
19-Jun-23,11:48,-547.5,0.4,3.55,2.25,3.8,8.85,13.3,12.05,17.2,17.4,21.3,,
19-Jun-23,11:49,-637.5,0.4,1.75,2.25,3.8,9.2,13.3,12.65,17.2,18.25,21.3,,
19-Jun-23,11:50,-647.5,0.4,1.55,2.25,3.8,9.25,13.3,12.7,17.2,18.35,21.3,,
19-Jun-23,11:51,-582.5,0.35,2.9,2.3,3.8,9,13.3,12.2,17.2,17.75,21.3,,
19-Jun-23,11:52,-532.5,0.4,3.85,2.25,3.8,8.8,13.3,11.95,17.2,17.25,21.3,,
19-Jun-23,11:53,-572.5,0.35,3.1,2.3,3.8,8.9,13.3,12.2,17.2,17.65,21.3,,
19-Jun-23,11:54,-545,0.3,3.7,2.35,3.8,8.75,13.3,12.05,17.2,17.35,21.3,,
19-Jun-23,11:55,-542.5,0.3,3.75,2.35,3.8,8.75,13.3,12,17.2,17.35,21.3,,
19-Jun-23,11:56,-517.5,0.3,4.25,2.35,3.8,8.6,13.3,11.85,17.2,17.15,21.3,,
19-Jun-23,11:57,-505,0.3,4.5,2.35,3.8,8.55,13.3,11.8,17.2,17,21.3,,
19-Jun-23,11:58,-537.5,0.3,3.85,2.35,3.8,8.7,13.3,12,17.2,17.3,21.3,,
19-Jun-23,11:59,-550,0.25,3.65,2.4,3.8,8.7,13.3,12.05,17.2,17.45,21.3,,
19-Jun-23,12:00,-602.5,0.35,2.5,2.3,3.8,8.95,13.3,12.4,17.2,18,21.3,,
19-Jun-23,12:01,-607.5,0.35,2.4,2.3,3.8,9,13.3,12.45,17.2,18,21.3,,
19-Jun-23,12:02,-585,0.35,2.85,2.3,3.8,8.95,13.3,12.3,17.2,17.75,21.3,,
19-Jun-23,12:03,-480,0.35,4.95,2.3,3.8,8.45,13.3,11.7,17.2,16.75,21.3,,
19-Jun-23,12:04,-495,0.35,4.65,2.3,3.8,8.55,13.3,11.75,17.2,16.9,21.3,,
19-Jun-23,12:05,-505,0.35,4.45,2.3,3.8,8.65,13.3,11.75,17.2,17,21.3,,
19-Jun-23,12:06,-470,0.3,5.2,2.35,3.8,8.45,13.3,11.6,17.2,16.6,21.3,,
19-Jun-23,12:07,-450,0.3,5.6,2.35,3.8,8.35,13.3,11.45,17.2,16.45,21.3,,
19-Jun-23,12:08,-475,0.35,5.05,2.3,3.8,8.45,13.3,11.65,17.2,16.7,21.3,,
19-Jun-23,12:09,-447.5,0.35,5.6,2.3,3.8,8.35,13.3,11.45,17.2,16.45,21.3,,
19-Jun-23,12:10,-380,0.25,7.05,2.4,3.8,8.05,13.3,11,17.2,15.75,21.3,,
19-Jun-23,12:11,-230,0.35,9.95,2.3,3.8,7.45,13.3,10.05,17.2,14.4,21.3,,
19-Jun-23,12:12,-272.5,0.35,9.1,2.3,3.8,7.6,13.3,10.3,17.2,14.85,21.3,,
19-Jun-23,12:13,-305,0.35,8.45,2.3,3.8,7.7,13.3,10.55,17.2,15.15,21.3,,
19-Jun-23,12:14,-335,0.3,7.9,2.35,3.8,7.8,13.3,10.7,17.2,15.45,21.3,,
19-Jun-23,12:15,-260,0.35,9.35,2.3,3.8,7.55,13.3,10.25,17.2,14.7,21.3,,
19-Jun-23,12:16,-287.5,0.3,8.85,2.35,3.8,7.65,13.3,10.4,17.2,14.95,21.3,,
19-Jun-23,12:17,-272.5,0.3,9.15,2.35,3.8,7.6,13.3,10.3,17.2,14.8,21.3,,
19-Jun-23,12:18,-197.5,0.35,10.6,2.3,3.8,7.3,13.3,9.9,17.2,14.05,21.3,,
19-Jun-23,12:19,-162.5,0.3,11.35,2.35,3.8,7.15,13.3,9.65,17.2,13.7,21.3,,
19-Jun-23,12:20,-182.5,0.3,10.95,2.35,3.8,7.2,13.3,9.75,17.2,13.95,21.3,,
19-Jun-23,12:21,-270,0.25,9.25,2.4,3.8,7.55,13.3,10.35,17.2,14.7,21.3,,
19-Jun-23,12:22,-275,0.35,9.05,2.3,3.8,7.6,13.3,10.35,17.2,14.85,21.3,,
19-Jun-23,12:23,-242.5,0.35,9.7,2.3,3.8,7.45,13.3,10.15,17.2,14.55,21.3,,
19-Jun-23,12:24,-280,0.3,9,2.35,3.8,7.65,13.3,10.35,17.2,14.85,21.3,,
19-Jun-23,12:25,-265,0.35,9.25,2.3,3.8,7.55,13.3,10.3,17.2,14.75,21.3,,
19-Jun-23,12:26,-295,0.3,8.7,2.35,3.8,7.7,13.3,10.45,17.2,15,21.3,,
19-Jun-23,12:27,-267.5,0.35,9.2,2.3,3.8,7.6,13.3,10.3,17.2,14.75,21.3,,
19-Jun-23,12:28,-255,0.35,9.45,2.3,3.8,7.55,13.3,10.25,17.2,14.6,21.3,,
19-Jun-23,12:29,-260,0.35,9.35,2.3,3.8,7.55,13.3,10.2,17.2,14.75,21.3,,
19-Jun-23,12:30,-262.5,0.35,9.3,2.3,3.8,7.6,13.3,10.3,17.2,14.65,21.3,,
19-Jun-23,12:31,-317.5,0.35,8.2,2.3,3.8,7.8,13.3,10.65,17.2,15.2,21.3,,
19-Jun-23,12:32,-300,0.35,8.55,2.3,3.8,7.7,13.3,10.5,17.2,15.1,21.3,,
19-Jun-23,12:33,-307.5,0.35,8.4,2.3,3.8,7.8,13.3,10.55,17.2,15.1,21.3,,
19-Jun-23,12:34,-282.5,0.35,8.9,2.3,3.8,7.65,13.3,10.4,17.2,14.9,21.3,,
19-Jun-23,12:35,-310,0.35,8.35,2.3,3.8,7.8,13.3,10.55,17.2,15.15,21.3,,
19-Jun-23,12:36,-320,0.3,8.2,2.35,3.8,7.8,13.3,10.6,17.2,15.25,21.3,,
19-Jun-23,12:37,-315,0.4,8.2,2.25,3.8,7.75,13.3,10.6,17.2,15.3,21.3,,
19-Jun-23,12:38,-310,0.35,8.35,2.3,3.8,7.75,13.3,10.55,17.2,15.2,21.3,,
19-Jun-23,12:39,-337.5,0.3,7.85,2.35,3.8,7.85,13.3,10.7,17.2,15.45,21.3,,
19-Jun-23,12:40,-305,0.35,8.45,2.3,3.8,7.7,13.3,10.55,17.2,15.15,21.3,,
19-Jun-23,12:41,-302.5,0.3,8.55,2.35,3.8,7.7,13.3,10.55,17.2,15.05,21.3,,
19-Jun-23,12:42,-297.5,0.3,8.65,2.35,3.8,7.65,13.3,10.45,17.2,15.1,21.3,,
19-Jun-23,12:43,-362.5,0.35,7.3,2.3,3.8,7.95,13.3,10.95,17.2,15.65,21.3,,
19-Jun-23,12:44,-352.5,0.3,7.55,2.35,3.8,7.85,13.3,10.85,17.2,15.6,21.3,,
19-Jun-23,12:45,-355,0.3,7.5,2.35,3.8,7.9,13.3,10.85,17.2,15.6,21.3,,
19-Jun-23,12:46,-400,0.35,6.55,2.3,3.8,8.1,13.3,11.1,17.2,16.1,21.3,,
19-Jun-23,12:47,-420,0.3,6.2,2.35,3.8,8.15,13.3,11.25,17.2,16.25,21.3,,
19-Jun-23,12:48,-390,0.3,6.8,2.35,3.8,8.1,13.3,11.05,17.2,15.9,21.3,,
19-Jun-23,12:49,-370,0.35,7.15,2.3,3.8,8.05,13.3,10.95,17.2,15.7,21.3,,
19-Jun-23,12:50,-385,0.3,6.9,2.35,3.8,8.1,13.3,11.05,17.2,15.8,21.3,,
19-Jun-23,12:51,-410,0.35,6.35,2.3,3.8,8.2,13.3,11.15,17.2,16.15,21.3,,
19-Jun-23,12:52,-382.5,0.35,6.9,2.3,3.8,8.05,13.3,11.05,17.2,15.85,21.3,,
19-Jun-23,12:53,-400,0.35,6.55,2.3,3.8,8.15,13.3,11.2,17.2,15.95,21.3,,
19-Jun-23,12:54,-400,0.35,6.55,2.3,3.8,8.2,13.3,11.15,17.2,15.95,21.3,,
19-Jun-23,12:55,-402.5,0.4,6.45,2.25,3.8,8.2,13.3,11.15,17.2,16.05,21.3,,
19-Jun-23,12:56,-390,0.4,6.7,2.25,3.8,8.15,13.3,11.1,17.2,15.9,21.3,,
19-Jun-23,12:57,-375,0.4,7,2.25,3.8,8.1,13.3,11,17.2,15.75,21.3,,
19-Jun-23,12:58,-340,0.45,7.65,2.2,3.8,8,13.3,10.8,17.2,15.4,21.3,,
19-Jun-23,12:59,-355,0.4,7.4,2.25,3.8,8.05,13.3,10.9,17.2,15.5,21.3,,
19-Jun-23,13:00,-260,0.5,9.2,2.15,3.8,7.6,13.3,10.3,17.2,14.75,21.3,,
19-Jun-23,13:01,-107.5,0.45,12.3,2.2,3.8,6.95,13.3,9.3,17.2,13.3,21.3,,
19-Jun-23,13:02,-127.5,0.5,11.85,2.15,3.8,7,13.3,9.5,17.2,13.5,21.3,,
19-Jun-23,13:03,-180,0.5,10.8,2.15,3.8,7.25,13.3,9.85,17.2,13.95,21.3,,
19-Jun-23,13:04,-67.5,0.5,13.05,2.15,3.8,6.8,13.3,9.1,17.2,12.9,21.3,,
19-Jun-23,13:05,-85,0.5,12.7,2.15,3.8,6.8,13.3,9.2,17.2,13.15,21.3,,
19-Jun-23,13:06,-110,0.45,12.25,2.2,3.8,6.9,13.3,9.35,17.2,13.35,21.3,,
19-Jun-23,13:07,-145,0.5,11.5,2.15,3.8,7.05,13.3,9.6,17.2,13.7,21.3,,
19-Jun-23,13:08,-122.5,0.5,11.95,2.15,3.8,7,13.3,9.4,17.2,13.5,21.3,,
19-Jun-23,13:09,-275,0.55,8.85,2.1,3.8,7.6,13.3,10.4,17.2,15,21.3,,
19-Jun-23,13:10,-395,0.5,6.5,2.15,3.8,8.15,13.3,11.1,17.2,16.1,21.3,,
19-Jun-23,13:11,-540,0.5,3.6,2.15,3.8,8.65,13.3,12.1,17.2,17.5,21.3,,
19-Jun-23,13:12,-562.5,0.45,3.2,2.2,3.8,8.75,13.3,12.2,17.2,17.7,21.3,,
19-Jun-23,13:13,-482.5,0.45,4.8,2.2,3.8,8.4,13.3,11.65,17.2,17,21.3,,
19-Jun-23,13:14,-557.5,0.4,3.35,2.25,3.8,8.65,13.3,12.15,17.2,17.7,21.3,,
19-Jun-23,13:15,-627.5,0.35,2,2.3,3.8,8.95,13.3,12.5,17.2,18.4,21.3,,
19-Jun-23,13:16,-647.5,0.35,1.6,2.3,3.8,9.05,13.3,12.65,17.2,18.55,21.3,,
19-Jun-23,13:17,-662.5,0.35,1.3,2.3,3.8,9.1,13.3,12.8,17.2,18.65,21.3,,
19-Jun-23,13:18,-737.5,0.3,-0.15,2.35,3.8,9.35,13.3,13.25,17.2,19.4,21.3,,
19-Jun-23,13:19,-797.5,0.3,-1.35,2.35,3.8,9.6,13.3,13.65,17.2,19.95,21.3,,
19-Jun-23,13:20,-832.5,0.2,-1.95,2.45,3.8,9.7,13.3,13.85,17.2,20.25,21.3,,
19-Jun-23,13:21,-840,0.25,-2.15,2.4,3.8,9.65,13.3,13.85,17.2,20.5,21.3,,
19-Jun-23,13:22,-705,0.25,0.55,2.4,3.8,9.1,13.3,13,17.2,19.2,21.3,,
19-Jun-23,13:23,-802.5,0.25,-1.4,2.4,3.8,9.5,13.3,13.6,17.2,20.15,21.3,,
19-Jun-23,13:24,-835,0.25,-2.05,2.4,3.8,9.65,13.3,13.9,17.2,20.35,21.3,,
19-Jun-23,13:25,-830,0.2,-1.9,2.45,3.8,9.65,13.3,13.8,17.2,20.3,21.3,,
19-Jun-23,13:26,-1092.5,0.15,-3.55,2.5,3.8,9.95,13.3,14.15,17.2,,,,
19-Jun-23,13:27,-725,0.15,3.8,2.5,3.8,9.85,13.3,14.2,17.2,,,,
19-Jun-23,13:28,-707.5,0.3,4,2.35,3.8,9.8,13.3,14.05,17.2,,,,
19-Jun-23,13:29,-700,0.25,4.2,2.4,3.8,9.75,13.3,13.9,17.2,,,,
19-Jun-23,13:30,-792.5,0.35,2.25,2.3,3.8,10.5,13.3,15.1,17.2,,,,
19-Jun-23,13:31,-882.5,0.35,0.45,2.3,3.8,11.25,13.3,16.15,17.2,,,,
19-Jun-23,13:32,-867.5,0.3,0.8,2.35,3.8,11,13.3,16.05,17.2,,,,
19-Jun-23,13:33,-870,0.35,0.7,2.3,3.8,11.1,13.3,16.05,17.2,,,,
19-Jun-23,13:34,-855,0.3,1.05,2.35,3.8,11,13.3,15.8,17.2,,,,
19-Jun-23,13:35,-790,0.3,2.35,2.35,3.8,10.4,13.3,15.1,17.2,,,,
19-Jun-23,13:36,-745,0.25,3.3,2.4,3.8,10,13.3,14.55,17.2,,,,
19-Jun-23,13:37,-692.5,0.35,4.25,2.3,3.8,9.6,13.3,14,17.2,,,,
19-Jun-23,13:38,-677.5,0.35,4.55,2.3,3.8,9.55,13.3,13.75,17.2,,,,
19-Jun-23,13:39,-715,0.3,3.85,2.35,3.8,9.8,13.3,14.2,17.2,,,,
19-Jun-23,13:40,-752.5,0.3,3.1,2.35,3.8,10.15,13.3,14.6,17.2,,,,
19-Jun-23,13:41,-840,0.3,1.35,2.35,3.8,10.85,13.3,15.65,17.2,,,,
19-Jun-23,13:42,-790,0.3,2.35,2.35,3.8,10.45,13.3,15.05,17.2,,,,
19-Jun-23,13:43,-860,0.35,0.9,2.3,3.8,11.05,13.3,15.9,17.2,,,,
19-Jun-23,13:44,-795,0.35,2.2,2.3,3.8,10.55,13.3,15.1,17.2,,,,
19-Jun-23,13:45,-817.5,0.35,1.75,2.3,3.8,10.7,13.3,15.4,17.2,,,,
19-Jun-23,13:46,-795,0.35,2.2,2.3,3.8,10.5,13.3,15.15,17.2,,,,
19-Jun-23,13:47,-760,0.3,2.95,2.35,3.8,10.2,13.3,14.7,17.2,,,,
19-Jun-23,13:48,-740,0.35,3.3,2.3,3.8,10.1,13.3,14.45,17.2,,,,
19-Jun-23,13:49,-755,0.35,3,2.3,3.8,10.2,13.3,14.65,17.2,,,,
19-Jun-23,13:50,-807.5,0.3,2,2.35,3.8,10.6,13.3,15.25,17.2,,,,
19-Jun-23,13:51,-787.5,0.3,2.4,2.35,3.8,10.45,13.3,15,17.2,,,,
19-Jun-23,13:52,-782.5,0.3,2.5,2.35,3.8,10.4,13.3,14.95,17.2,,,,
19-Jun-23,13:53,-782.5,0.3,2.5,2.35,3.8,10.4,13.3,14.95,17.2,,,,
19-Jun-23,13:54,-682.5,0.3,4.5,2.35,3.8,9.6,13.3,13.75,17.2,,,,
19-Jun-23,13:55,-602.5,0.35,6.05,2.3,3.8,9,13.3,12.8,17.2,,,,
19-Jun-23,13:56,-665,0.35,4.8,2.3,3.8,9.45,13.3,13.6,17.2,,,,
19-Jun-23,13:57,-795,0.3,2.25,2.35,3.8,10.5,13.3,15.1,17.2,,,,
19-Jun-23,13:58,-760,0.3,2.95,2.35,3.8,10.15,13.3,14.75,17.2,,,,
19-Jun-23,13:59,-755,0.35,3,2.3,3.8,10.15,13.3,14.7,17.2,,,,
19-Jun-23,14:00,-765,0.3,2.85,2.35,3.8,10.25,13.3,14.75,17.2,,,,
19-Jun-23,14:01,-835,0.3,1.45,2.35,3.8,10.8,13.3,15.6,17.2,,,,
19-Jun-23,14:02,-770,0.25,2.8,2.4,3.8,10.25,13.3,14.8,17.2,,,,
19-Jun-23,14:03,-837.5,0.3,1.4,2.35,3.8,10.75,13.3,15.7,17.2,,,,
19-Jun-23,14:04,-745,0.3,3.25,2.35,3.8,10.05,13.3,14.55,17.2,,,,
19-Jun-23,14:05,-732.5,0.35,3.45,2.3,3.8,10,13.3,14.4,17.2,,,,
19-Jun-23,14:06,-727.5,0.4,3.5,2.25,3.8,10,13.3,14.35,17.2,,,,
19-Jun-23,14:07,-745,0.4,3.15,2.25,3.8,10.15,13.3,14.55,17.2,,,,
19-Jun-23,14:08,-755,0.4,2.95,2.25,3.8,10.2,13.3,14.7,17.2,,,,
19-Jun-23,14:09,-767.5,0.4,2.7,2.25,3.8,10.3,13.3,14.85,17.2,,,,
19-Jun-23,14:10,-782.5,0.4,2.4,2.25,3.8,10.4,13.3,15.05,17.2,,,,
19-Jun-23,14:11,-760,0.5,2.75,2.15,3.8,10.3,13.3,14.8,17.2,,,,
19-Jun-23,14:12,-807.5,0.45,1.85,2.2,3.8,10.6,13.3,15.4,17.2,,,,
19-Jun-23,14:13,-877.5,0.4,0.5,2.25,3.8,11.15,13.3,16.2,17.2,,,,
19-Jun-23,14:14,-702.5,0.35,4.05,2.3,3.8,9.75,13.3,14.05,17.2,,,,
19-Jun-23,14:15,-740,0.35,3.3,2.3,3.8,10.05,13.3,14.5,17.2,,,,
19-Jun-23,14:16,-725,0.35,3.6,2.3,3.8,9.95,13.3,14.3,17.2,,,,
19-Jun-23,14:17,-702.5,0.4,4,2.25,3.8,9.75,13.3,14.1,17.2,,,,
19-Jun-23,14:18,-712.5,0.35,3.85,2.3,3.8,9.8,13.3,14.2,17.2,,,,
19-Jun-23,14:19,-720,0.4,3.65,2.25,3.8,9.9,13.3,14.3,17.2,,,,
19-Jun-23,14:20,-712.5,0.4,3.8,2.25,3.8,9.9,13.3,14.15,17.2,,,,
19-Jun-23,14:21,-680,0.35,4.5,2.3,3.8,9.6,13.3,13.75,17.2,,,,
19-Jun-23,14:22,-687.5,0.35,4.35,2.3,3.8,9.65,13.3,13.85,17.2,,,,
19-Jun-23,14:23,-697.5,0.4,4.1,2.25,3.8,9.75,13.3,14,17.2,,,,
19-Jun-23,14:24,-692.5,0.4,4.2,2.25,3.8,9.7,13.3,13.95,17.2,,,,
19-Jun-23,14:25,-707.5,0.4,3.9,2.25,3.8,9.85,13.3,14.1,17.2,,,,
19-Jun-23,14:26,-560,0.35,6.9,2.3,3.8,8.65,13.3,12.3,17.2,,,,
19-Jun-23,14:27,-607.5,0.35,5.95,2.3,3.8,9,13.3,12.9,17.2,,,,
19-Jun-23,14:28,-705,0.35,4,2.3,3.8,9.8,13.3,14.05,17.2,,,,
19-Jun-23,14:29,-730,0.35,3.5,2.3,3.8,10.05,13.3,14.3,17.2,,,,
19-Jun-23,14:30,-612.5,0.3,5.9,2.35,3.8,9.05,13.3,12.9,17.2,,,,
19-Jun-23,14:31,-657.5,0.3,5,2.35,3.8,9.35,13.3,13.5,17.2,,,,
19-Jun-23,14:32,-672.5,0.3,4.7,2.35,3.8,9.55,13.3,13.6,17.2,,,,
19-Jun-23,14:33,-630,0.3,5.55,2.35,3.8,9.2,13.3,13.1,17.2,,,,
19-Jun-23,14:34,-595,0.3,6.25,2.35,3.8,8.9,13.3,12.7,17.2,,,,
19-Jun-23,14:35,-447.5,0.3,9.2,2.35,3.8,7.65,13.3,11,17.2,,,,
19-Jun-23,14:36,-335,0.3,11.45,2.35,3.8,6.85,13.3,9.55,17.2,,,,
19-Jun-23,14:37,-347.5,0.4,11.1,2.25,3.8,7,13.3,9.75,17.2,,,,
19-Jun-23,14:38,-375,0.4,10.55,2.25,3.8,7.25,13.3,10.05,17.2,,,,
19-Jun-23,14:39,-337.5,0.4,11.3,2.25,3.8,6.95,13.3,9.6,17.2,,,,
19-Jun-23,14:40,-370,0.5,10.55,2.15,3.8,7.25,13.3,10.05,17.2,,,,
19-Jun-23,14:41,-390,0.55,10.1,2.1,3.8,7.45,13.3,10.3,17.2,,,,
19-Jun-23,14:42,-360,0.55,10.7,2.1,3.8,7.3,13.3,9.85,17.2,,,,
19-Jun-23,14:43,-272.5,0.5,12.5,2.15,3.8,6.55,13.3,8.8,17.2,,,,
19-Jun-23,14:44,-255,0.5,12.85,2.15,3.8,6.4,12.8,8.6,17.2,,,,
19-Jun-23,14:45,-272.5,0.55,12.45,2.1,3.8,6.6,12.8,8.8,17.2,,,,
19-Jun-23,14:46,-265,0.6,12.55,2.05,3.8,6.55,12.8,8.75,17.2,,,,
19-Jun-23,14:47,-262.5,0.6,12.6,2.05,3.8,6.55,12.8,8.7,17.2,,,,
19-Jun-23,14:48,-275,0.6,12.35,2.05,3.8,6.65,12.8,8.85,17.2,,,,
19-Jun-23,14:49,-295,0.7,11.85,1.95,3.8,6.8,12.8,9.2,17.2,,,,
19-Jun-23,14:50,-275,0.7,12.25,1.95,3.8,6.65,12.8,8.95,17.2,,,,
19-Jun-23,14:51,-227.5,0.75,13.15,1.9,3.8,6.3,12.8,8.4,17.2,,,,
19-Jun-23,14:52,-225,0.7,13.25,1.95,3.8,6.25,12.8,8.35,17.2,,,,
19-Jun-23,14:53,-260,0.65,12.6,2,3.8,6.5,12.8,8.75,17.2,,,,
19-Jun-23,14:54,-202.5,0.7,13.7,1.95,3.8,6.1,12.2,8.05,16.1,,,,
19-Jun-23,14:55,-207.5,0.65,13.65,2,3.8,6.1,12.2,8.1,16.1,,,,
19-Jun-23,14:56,-185,0.65,14.1,2,3.8,5.9,12.2,7.85,16.1,,,,
19-Jun-23,14:57,-222.5,0.6,13.4,2.05,3.8,6.2,12.2,8.25,16.1,,,,
19-Jun-23,14:58,-245,0.55,13,2.1,3.8,6.35,12.2,8.5,16.1,,,,
19-Jun-23,14:59,-215,0.55,13.6,2.1,3.8,6.05,12.1,8.2,16.1,,,,
19-Jun-23,15:00,-207.5,0.6,13.7,2.05,3.8,6,12.1,8.15,16.1,,,,
19-Jun-23,15:01,-262.5,0.65,12.55,2,3.8,6.45,12.1,8.85,16.1,,,,
19-Jun-23,15:02,-297.5,0.6,11.9,2.05,3.8,6.7,12.1,9.25,16.1,,,,
19-Jun-23,15:03,-290,0.65,12,2,3.8,6.6,12.1,9.25,16.1,,,,
19-Jun-23,15:04,-335,0.7,11.05,1.95,3.8,7,12.1,9.8,16.1,,,,
19-Jun-23,15:05,-285,0.8,11.95,1.85,3.8,6.7,12.1,9.2,16.1,,,,
19-Jun-23,15:06,-327.5,0.8,11.1,1.85,3.8,7,12.1,9.75,16.1,,,,
19-Jun-23,15:07,-287.5,0.85,11.85,1.8,3.8,6.75,12.1,9.25,16.1,,,,
19-Jun-23,15:08,-282.5,0.85,11.95,1.8,3.8,6.7,12.1,9.2,16.1,,,,
19-Jun-23,15:09,-285,0.8,11.95,1.85,3.7,6.7,12.1,9.2,16.1,,,,
19-Jun-23,15:10,-255,0.8,12.55,1.85,3.7,6.5,12.1,8.8,16.1,,,,
19-Jun-23,15:11,-307.5,0.75,11.55,1.9,3.7,6.9,12.1,9.4,16.1,,,,
19-Jun-23,15:12,-247.5,0.75,12.75,1.9,3.7,6.4,12.1,8.7,16.1,,,,
19-Jun-23,15:13,-260,0.65,12.6,2,3.7,6.45,12.1,8.8,16.1,,,,
19-Jun-23,15:14,-232.5,0.65,13.15,2,3.7,6.25,12.1,8.45,16.1,,,,
19-Jun-23,15:15,-227.5,0.8,13.1,1.85,3.7,6.25,12.1,8.5,16.1,,,,
19-Jun-23,15:16,-220,0.8,13.25,1.85,3.7,6.2,12.1,8.4,16.1,,,,
19-Jun-23,15:17,-220,0.85,13.2,1.8,3.7,6.2,12.1,8.45,16.1,,,,
19-Jun-23,15:18,-232.5,0.8,13,1.85,3.7,6.3,12.1,8.55,16.1,,,,
19-Jun-23,15:19,-227.5,0.8,13.1,1.85,3.7,6.3,12.1,8.45,16.1,,,,
19-Jun-23,15:20,-232.5,0.8,13,1.85,3.7,6.3,12.1,8.55,16.1,,,,
19-Jun-23,15:21,-220,0.8,13.25,1.85,3.7,6.2,12.1,8.4,16.1,,,,
19-Jun-23,15:22,-195,0.8,13.75,1.85,3.7,6,12.1,8.1,16.1,,,,
19-Jun-23,15:23,-190,0.85,13.8,1.8,3.7,5.9,12.1,8.15,16.1,,,,
19-Jun-23,15:24,-185,0.85,13.9,1.8,3.6,5.9,11.8,8.05,16.1,,,,
19-Jun-23,15:25,-187.5,0.7,14,1.95,3.6,5.8,11.8,8.05,16.1,,,,
19-Jun-23,15:26,-195,0.7,13.85,1.95,3.6,5.9,11.8,8.1,16.1,,,,
19-Jun-23,15:27,-175,0.75,14.2,1.9,3.6,5.75,11.8,7.9,16.1,,,,
19-Jun-23,15:28,-172.5,0.85,14.15,1.8,3.6,5.8,11.8,7.9,16.1,,,,
19-Jun-23,15:29,-162.5,0.9,14.3,1.75,3.5,5.65,11.3,7.9,15.8,,,,
20-Jun-23,09:29,-785,0.25,1.25,2.4,3.5,10.8,11.3,,,,,,
20-Jun-23,09:30,-590,0.3,5.1,2.35,3.5,10.45,11.3,,,,,,
20-Jun-23,09:31,-422.5,0.25,4.25,2.4,3.5,,,,,,,,
20-Jun-23,09:32,-637.5,0.2,0,2.45,3.5,,,,,,,,
20-Jun-23,09:33,-635,0.25,0,2.4,3.5,,,,,,,,
20-Jun-23,09:34,-640,0.15,0,2.5,3.5,,,,,,,,
20-Jun-23,09:35,-635,0.25,0,2.4,3.5,,,,,,,,
20-Jun-23,09:36,-637.5,0.2,0,2.45,3.5,,,,,,,,
20-Jun-23,09:37,-637.5,0.2,0,2.45,3.5,,,,,,,,
20-Jun-23,09:38,-632.5,0.3,0,2.35,3.5,,,,,,,,
20-Jun-23,09:39,-627.5,0.4,0,2.25,3.5,,,,,,,,
20-Jun-23,09:40,-627.5,0.4,0,2.25,3.5,,,,,,,,
20-Jun-23,09:41,-630,0.35,0,2.3,3.5,,,,,,,,
20-Jun-23,09:42,-630,0.35,0,2.3,3.5,,,,,,,,
20-Jun-23,09:43,-630,0.35,0,2.3,3.5,,,,,,,,
20-Jun-23,09:44,-632.5,0.3,0,2.35,3.5,,,,,,,,
20-Jun-23,09:45,-632.5,0.3,0,2.35,3.5,,,,,,,,
20-Jun-23,09:46,-635,0.25,0,2.4,3.5,,,,,,,,
20-Jun-23,09:47,-635,0.25,0,2.4,3.5,,,,,,,,
20-Jun-23,09:48,-635,0.25,0,2.4,3.5,,,,,,,,
20-Jun-23,09:49,-632.5,0.3,0,2.35,3.5,,,,,,,,
20-Jun-23,09:50,-630,0.35,0,2.3,3.5,,,,,,,,
20-Jun-23,09:51,-627.5,0.4,0,2.25,3.5,,,,,,,,
20-Jun-23,09:52,-632.5,0.3,0,2.35,3.5,,,,,,,,
20-Jun-23,09:53,-630,0.35,0,2.3,3.5,,,,,,,,
20-Jun-23,09:54,-632.5,0.3,0,2.35,3.5,,,,,,,,
20-Jun-23,09:55,-630,0.35,0,2.3,3.5,,,,,,,,
20-Jun-23,09:56,-630,0.35,0,2.3,3.5,,,,,,,,
20-Jun-23,09:57,-630,0.35,0,2.3,3.5,,,,,,,,
20-Jun-23,09:58,-630,0.35,0,2.3,3.5,,,,,,,,
20-Jun-23,09:59,-630,0.35,0,2.3,3.5,,,,,,,,
20-Jun-23,10:00,-630,0.35,0,2.3,3.5,,,,,,,,
20-Jun-23,10:01,-632.5,0.3,0,2.35,3.5,,,,,,,,
20-Jun-23,10:02,-630,0.35,0,2.3,3.5,,,,,,,,
20-Jun-23,10:03,-630,0.35,0,2.3,3.5,,,,,,,,
20-Jun-23,10:04,-627.5,0.4,0,2.25,3.5,,,,,,,,
20-Jun-23,10:05,-630,0.35,0,2.3,3.5,,,,,,,,
20-Jun-23,10:06,-627.5,0.4,0,2.25,3.5,,,,,,,,
20-Jun-23,10:07,-627.5,0.4,0,2.25,3.5,,,,,,,,
20-Jun-23,10:08,-627.5,0.4,0,2.25,3.5,,,,,,,,
20-Jun-23,10:09,-627.5,0.4,0,2.25,3.5,,,,,,,,
20-Jun-23,10:10,-630,0.35,0,2.3,3.5,,,,,,,,
20-Jun-23,10:11,-627.5,0.4,0,2.25,3.5,,,,,,,,
20-Jun-23,10:12,-630,0.35,0,2.3,3.5,,,,,,,,
20-Jun-23,10:13,-630,0.35,0,2.3,3.5,,,,,,,,
20-Jun-23,10:14,-627.5,0.4,0,2.25,3.5,,,,,,,,
20-Jun-23,10:15,-630,0.35,0,2.3,3.5,,,,,,,,
20-Jun-23,10:16,-630,0.35,0,2.3,3.5,,,,,,,,
20-Jun-23,10:17,-630,0.35,0,2.3,3.5,,,,,,,,
20-Jun-23,10:18,-630,0.35,0,2.3,3.5,,,,,,,,
20-Jun-23,10:19,-630,0.35,0,2.3,3.5,,,,,,,,
20-Jun-23,10:20,-630,0.35,0,2.3,3.5,,,,,,,,
20-Jun-23,10:21,-632.5,0.3,0,2.35,3.5,,,,,,,,
20-Jun-23,10:22,-630,0.35,0,2.3,3.5,,,,,,,,
20-Jun-23,10:23,-632.5,0.3,0,2.35,3.5,,,,,,,,
20-Jun-23,10:24,-632.5,0.3,0,2.35,3.5,,,,,,,,
20-Jun-23,10:25,-635,0.25,0,2.4,3.5,,,,,,,,
20-Jun-23,10:26,-630,0.35,0,2.3,3.5,,,,,,,,
20-Jun-23,10:27,-635,0.25,0,2.4,3.5,,,,,,,,
20-Jun-23,10:28,-637.5,0.2,0,2.45,3.5,,,,,,,,
20-Jun-23,10:29,-637.5,0.2,0,2.45,3.5,,,,,,,,
20-Jun-23,10:30,-642.5,0.1,0,2.55,3.5,,,,,,,,
20-Jun-23,10:31,-645,0.05,0,2.6,3.5,,,,,,,,
20-Jun-23,10:32,-642.5,0.1,0,2.55,3.5,,,,,,,,
20-Jun-23,10:33,-645,0.05,0,2.6,3.5,,,,,,,,
20-Jun-23,10:34,-642.5,0.1,0,2.55,3.5,,,,,,,,
20-Jun-23,10:35,-635,0.25,0,2.4,3.5,,,,,,,,
20-Jun-23,10:36,-637.5,0.2,0,2.45,3.5,,,,,,,,
20-Jun-23,10:37,-635,0.25,0,2.4,3.5,,,,,,,,
20-Jun-23,10:38,-642.5,0.1,0,2.55,3.5,,,,,,,,
20-Jun-23,10:39,-640,0.15,0,2.5,3.5,,,,,,,,
20-Jun-23,10:40,-627.5,0.4,0,2.25,3.5,,,,,,,,
20-Jun-23,10:41,-632.5,0.3,0,2.35,3.5,,,,,,,,
20-Jun-23,10:42,-632.5,0.3,0,2.35,3.5,,,,,,,,
20-Jun-23,10:43,-635,0.25,0,2.4,3.5,,,,,,,,
20-Jun-23,10:44,-637.5,0.2,0,2.45,3.5,,,,,,,,
20-Jun-23,10:45,-637.5,0.2,0,2.45,3.5,,,,,,,,
20-Jun-23,10:46,-637.5,0.2,0,2.45,3.5,,,,,,,,
20-Jun-23,10:47,-635,0.25,0,2.4,3.5,,,,,,,,
20-Jun-23,10:48,-635,0.25,0,2.4,3.5,,,,,,,,
20-Jun-23,10:49,-637.5,0.2,0,2.45,3.5,,,,,,,,
20-Jun-23,10:50,-637.5,0.2,0,2.45,3.5,,,,,,,,
20-Jun-23,10:51,-632.5,0.3,0,2.35,3.5,,,,,,,,
20-Jun-23,10:52,-635,0.25,0,2.4,3.5,,,,,,,,
20-Jun-23,10:53,-632.5,0.3,0,2.35,3.5,,,,,,,,
20-Jun-23,10:54,-635,0.25,0,2.4,3.5,,,,,,,,
20-Jun-23,10:55,-632.5,0.3,0,2.35,3.5,,,,,,,,
20-Jun-23,10:56,-635,0.25,0,2.4,3.5,,,,,,,,
20-Jun-23,10:57,-637.5,0.2,0,2.45,3.5,,,,,,,,
20-Jun-23,10:58,-637.5,0.2,0,2.45,3.5,,,,,,,,
20-Jun-23,10:59,-637.5,0.2,0,2.45,3.5,,,,,,,,
20-Jun-23,11:00,-635,0.25,0,2.4,3.5,,,,,,,,
20-Jun-23,11:01,-635,0.25,0,2.4,3.5,,,,,,,,
20-Jun-23,11:02,-635,0.25,0,2.4,3.5,,,,,,,,
20-Jun-23,11:03,-635,0.25,0,2.4,3.5,,,,,,,,
20-Jun-23,11:04,-632.5,0.3,0,2.35,3.5,,,,,,,,
20-Jun-23,11:05,-630,0.35,0,2.3,3.5,,,,,,,,
20-Jun-23,11:06,-625,0.45,0,2.2,3.5,,,,,,,,
20-Jun-23,11:07,-625,0.45,0,2.2,3.5,,,,,,,,
20-Jun-23,11:08,-627.5,0.4,0,2.25,3.5,,,,,,,,
20-Jun-23,11:09,-620,0.55,0,2.1,3.5,,,,,,,,
20-Jun-23,11:10,-615,0.65,0,2,3.5,,,,,,,,
20-Jun-23,11:11,-612.5,0.7,0,1.95,3.5,,,,,,,,
20-Jun-23,11:12,-612.5,0.7,0,1.95,3.5,,,,,,,,
20-Jun-23,11:13,-615,0.65,0,2,3.5,,,,,,,,
20-Jun-23,11:14,-610,0.75,0,1.9,3.5,,,,,,,,
20-Jun-23,11:15,-610,0.75,0,1.9,3.5,,,,,,,,
20-Jun-23,11:16,-612.5,0.7,0,1.95,3.5,,,,,,,,
20-Jun-23,11:17,-615,0.65,0,2,3.5,,,,,,,,
20-Jun-23,11:18,-615,0.65,0,2,3.5,,,,,,,,
20-Jun-23,11:19,-612.5,0.7,0,1.95,3.5,,,,,,,,
20-Jun-23,11:20,-612.5,0.7,0,1.95,3.5,,,,,,,,
20-Jun-23,11:21,-615,0.65,0,2,3.5,,,,,,,,
20-Jun-23,11:22,-612.5,0.7,0,1.95,3.5,,,,,,,,
20-Jun-23,11:23,-612.5,0.7,0,1.95,3.5,,,,,,,,
20-Jun-23,11:24,-615,0.65,0,2,3.5,,,,,,,,
20-Jun-23,11:25,-612.5,0.7,0,1.95,3.5,,,,,,,,
20-Jun-23,11:26,-615,0.65,0,2,3.5,,,,,,,,
20-Jun-23,11:27,-612.5,0.7,0,1.95,3.5,,,,,,,,
20-Jun-23,11:28,-615,0.65,0,2,3.5,,,,,,,,
20-Jun-23,11:29,-615,0.65,0,2,3.5,,,,,,,,
20-Jun-23,11:30,-615,0.65,0,2,3.5,,,,,,,,
20-Jun-23,11:31,-615,0.65,0,2,3.5,,,,,,,,
20-Jun-23,11:32,-612.5,0.7,0,1.95,3.5,,,,,,,,
20-Jun-23,11:33,-610,0.75,0,1.9,3.5,,,,,,,,
20-Jun-23,11:34,-610,0.75,0,1.9,3.5,,,,,,,,
20-Jun-23,11:35,-610,0.75,0,1.9,3.5,,,,,,,,
20-Jun-23,11:36,-612.5,0.7,0,1.95,3.5,,,,,,,,
20-Jun-23,11:37,-612.5,0.7,0,1.95,3.5,,,,,,,,
20-Jun-23,11:38,-615,0.65,0,2,3.5,,,,,,,,
20-Jun-23,11:39,-615,0.65,0,2,3.5,,,,,,,,
20-Jun-23,11:40,-615,0.65,0,2,3.5,,,,,,,,
20-Jun-23,11:41,-615,0.65,0,2,3.5,,,,,,,,
20-Jun-23,11:42,-612.5,0.7,0,1.95,3.5,,,,,,,,
20-Jun-23,11:43,-615,0.65,0,2,3.5,,,,,,,,
20-Jun-23,11:44,-615,0.65,0,2,3.5,,,,,,,,
20-Jun-23,11:45,-615,0.65,0,2,3.5,,,,,,,,
20-Jun-23,11:46,-615,0.65,0,2,3.5,,,,,,,,
20-Jun-23,11:47,-615,0.65,0,2,3.5,,,,,,,,
20-Jun-23,11:48,-615,0.65,0,2,3.5,,,,,,,,
20-Jun-23,11:49,-615,0.65,0,2,3.5,,,,,,,,
20-Jun-23,11:50,-615,0.65,0,2,3.5,,,,,,,,
20-Jun-23,11:51,-615,0.65,0,2,3.5,,,,,,,,
20-Jun-23,11:52,-615,0.65,0,2,3.5,,,,,,,,
20-Jun-23,11:53,-615,0.65,0,2,3.5,,,,,,,,
20-Jun-23,11:54,-615,0.65,0,2,3.5,,,,,,,,
20-Jun-23,11:55,-612.5,0.7,0,1.95,3.5,,,,,,,,
20-Jun-23,11:56,-615,0.65,0,2,3.5,,,,,,,,
20-Jun-23,11:57,-615,0.65,0,2,3.5,,,,,,,,
20-Jun-23,11:58,-615,0.65,0,2,3.5,,,,,,,,
20-Jun-23,11:59,-615,0.65,0,2,3.5,,,,,,,,
20-Jun-23,12:00,-612.5,0.7,0,1.95,3.5,,,,,,,,
20-Jun-23,12:01,-612.5,0.7,0,1.95,3.5,,,,,,,,
20-Jun-23,12:02,-615,0.65,0,2,3.5,,,,,,,,
20-Jun-23,12:03,-612.5,0.7,0,1.95,3.5,,,,,,,,
20-Jun-23,12:04,-615,0.65,0,2,3.5,,,,,,,,
20-Jun-23,12:05,-615,0.65,0,2,3.5,,,,,,,,
20-Jun-23,12:06,-615,0.65,0,2,3.5,,,,,,,,
20-Jun-23,12:07,-617.5,0.6,0,2.05,3.5,,,,,,,,
20-Jun-23,12:08,-615,0.65,0,2,3.5,,,,,,,,
20-Jun-23,12:09,-617.5,0.6,0,2.05,3.5,,,,,,,,
20-Jun-23,12:10,-615,0.65,0,2,3.5,,,,,,,,
20-Jun-23,12:11,-617.5,0.6,0,2.05,3.5,,,,,,,,
20-Jun-23,12:12,-615,0.65,0,2,3.5,,,,,,,,
20-Jun-23,12:13,-617.5,0.6,0,2.05,3.5,,,,,,,,
20-Jun-23,12:14,-617.5,0.6,0,2.05,3.5,,,,,,,,
20-Jun-23,12:15,-615,0.65,0,2,3.5,,,,,,,,
20-Jun-23,12:16,-615,0.65,0,2,3.5,,,,,,,,
20-Jun-23,12:17,-615,0.65,0,2,3.5,,,,,,,,
20-Jun-23,12:18,-615,0.65,0,2,3.5,,,,,,,,
20-Jun-23,12:19,-615,0.65,0,2,3.5,,,,,,,,
20-Jun-23,12:20,-612.5,0.7,0,1.95,3.5,,,,,,,,
20-Jun-23,12:21,-615,0.65,0,2,3.5,,,,,,,,
20-Jun-23,12:22,-617.5,0.6,0,2.05,3.5,,,,,,,,
20-Jun-23,12:23,-617.5,0.6,0,2.05,3.5,,,,,,,,
20-Jun-23,12:24,-615,0.65,0,2,3.5,,,,,,,,
20-Jun-23,12:25,-617.5,0.6,0,2.05,3.5,,,,,,,,
20-Jun-23,12:26,-615,0.65,0,2,3.5,,,,,,,,
20-Jun-23,12:27,-615,0.65,0,2,3.5,,,,,,,,
20-Jun-23,12:28,-615,0.65,0,2,3.5,,,,,,,,
20-Jun-23,12:29,-617.5,0.6,0,2.05,3.5,,,,,,,,
20-Jun-23,12:30,-617.5,0.6,0,2.05,3.5,,,,,,,,
20-Jun-23,12:31,-617.5,0.6,0,2.05,3.5,,,,,,,,
20-Jun-23,12:32,-620,0.55,0,2.1,3.5,,,,,,,,
20-Jun-23,12:33,-617.5,0.6,0,2.05,3.5,,,,,,,,
20-Jun-23,12:34,-617.5,0.6,0,2.05,3.5,,,,,,,,
20-Jun-23,12:35,-620,0.55,0,2.1,3.5,,,,,,,,
20-Jun-23,12:36,-617.5,0.6,0,2.05,3.5,,,,,,,,
20-Jun-23,12:37,-617.5,0.6,0,2.05,3.5,,,,,,,,
20-Jun-23,12:38,-617.5,0.6,0,2.05,3.5,,,,,,,,
20-Jun-23,12:39,-617.5,0.6,0,2.05,3.5,,,,,,,,
20-Jun-23,12:40,-615,0.65,0,2,3.5,,,,,,,,
20-Jun-23,12:41,-617.5,0.6,0,2.05,3.5,,,,,,,,
20-Jun-23,12:42,-612.5,0.7,0,1.95,3.5,,,,,,,,
20-Jun-23,12:43,-615,0.65,0,2,3.5,,,,,,,,
20-Jun-23,12:44,-612.5,0.7,0,1.95,3.5,,,,,,,,
20-Jun-23,12:45,-610,0.75,0,1.9,3.5,,,,,,,,
20-Jun-23,12:46,-612.5,0.7,0,1.95,3.5,,,,,,,,
20-Jun-23,12:47,-607.5,0.8,0,1.85,3.5,,,,,,,,
20-Jun-23,12:48,-610,0.75,0,1.9,3.5,,,,,,,,
20-Jun-23,12:49,-610,0.75,0,1.9,3.5,,,,,,,,
20-Jun-23,12:50,-605,0.85,0,1.8,3.5,,,,,,,,
20-Jun-23,12:51,-605,0.85,0,1.8,3.5,,,,,,,,
20-Jun-23,12:52,-605,0.85,0,1.8,3.5,,,,,,,,
20-Jun-23,12:53,-605,0.85,0,1.8,3.5,,,,,,,,
20-Jun-23,12:54,-605,0.85,0,1.8,3.5,,,,,,,,
20-Jun-23,12:55,-605,0.85,0,1.8,3.5,,,,,,,,
20-Jun-23,12:56,-605,0.85,0,1.8,3.5,,,,,,,,
20-Jun-23,12:57,-602.5,0.9,0,1.75,3.5,,,,,,,,
20-Jun-23,12:58,-600,0.95,0,1.7,3.5,,,,,,,,
20-Jun-23,12:59,-600,0.95,0,1.7,3.4,,,,,,,,
20-Jun-23,13:00,-595,1.05,0,1.6,3.4,,,,,,,,
20-Jun-23,13:01,-595,1.05,0,1.6,3.4,,,,,,,,
20-Jun-23,13:02,-597.5,1,0,1.65,3.4,,,,,,,,
20-Jun-23,13:03,-595,1.05,0,1.6,3.4,,,,,,,,
20-Jun-23,13:04,-595,1.05,0,1.6,3.2,,,,,,,,
20-Jun-23,13:05,-597.5,1,0,1.65,3.2,,,,,,,,
20-Jun-23,13:06,-595,1.05,0,1.6,3.2,,,,,,,,
20-Jun-23,13:07,-592.5,1.1,0,1.55,3.2,,,,,,,,
20-Jun-23,13:08,-592.5,1.1,0,1.55,3.2,,,,,,,,
20-Jun-23,13:09,-595,1.05,0,1.6,3.2,,,,,,,,
20-Jun-23,13:10,-592.5,1.1,0,1.55,3.2,,,,,,,,
20-Jun-23,13:11,-592.5,1.1,0,1.55,3.2,,,,,,,,
20-Jun-23,13:12,-592.5,1.1,0,1.55,3.2,,,,,,,,
20-Jun-23,13:13,-592.5,1.1,0,1.55,3.2,,,,,,,,
20-Jun-23,13:14,-590,1.15,0,1.5,3,,,,,,,,
20-Jun-23,13:15,-590,1.15,0,1.5,3,,,,,,,,
20-Jun-23,13:16,-590,1.15,0,1.5,3,,,,,,,,
20-Jun-23,13:17,-592.5,1.1,0,1.55,3,,,,,,,,
20-Jun-23,13:18,-590,1.15,0,1.5,3,,,,,,,,
20-Jun-23,13:19,-587.5,1.2,0,1.45,2.9,,,,,,,,
20-Jun-23,13:20,-590,1.15,0,1.5,2.9,,,,,,,,
20-Jun-23,13:21,-587.5,1.2,0,1.45,2.9,,,,,,,,
20-Jun-23,13:22,-590,1.15,0,1.5,2.9,,,,,,,,
20-Jun-23,13:23,-587.5,1.2,0,1.45,2.9,,,,,,,,
20-Jun-23,13:24,-590,1.15,0,1.5,2.9,,,,,,,,
20-Jun-23,13:25,-590,1.15,0,1.5,2.9,,,,,,,,
20-Jun-23,13:26,-590,1.15,0,1.5,2.9,,,,,,,,
20-Jun-23,13:27,-587.5,1.2,0,1.45,2.9,,,,,,,,
20-Jun-23,13:28,-587.5,1.2,0,1.45,2.9,,,,,,,,
20-Jun-23,13:29,-587.5,1.2,0,1.45,2.9,,,,,,,,
20-Jun-23,13:30,-585,1.25,0,1.4,2.9,,,,,,,,
20-Jun-23,13:31,-587.5,1.2,0,1.45,2.9,,,,,,,,
20-Jun-23,13:32,-587.5,1.2,0,1.45,2.9,,,,,,,,
20-Jun-23,13:33,-587.5,1.2,0,1.45,2.9,,,,,,,,
20-Jun-23,13:34,-585,1.25,0,1.4,2.8,,,,,,,,
20-Jun-23,13:35,-585,1.25,0,1.4,2.8,,,,,,,,
20-Jun-23,13:36,-585,1.25,0,1.4,2.8,,,,,,,,
20-Jun-23,13:37,-587.5,1.2,0,1.45,2.8,,,,,,,,
20-Jun-23,13:38,-587.5,1.2,0,1.45,2.8,,,,,,,,
20-Jun-23,13:39,-585,1.25,0,1.4,2.8,,,,,,,,
20-Jun-23,13:40,-585,1.25,0,1.4,2.8,,,,,,,,
20-Jun-23,13:41,-587.5,1.2,0,1.45,2.8,,,,,,,,
20-Jun-23,13:42,-587.5,1.2,0,1.45,2.8,,,,,,,,
20-Jun-23,13:43,-587.5,1.2,0,1.45,2.8,,,,,,,,
20-Jun-23,13:44,-587.5,1.2,0,1.45,2.8,,,,,,,,
20-Jun-23,13:45,-585,1.25,0,1.4,2.8,,,,,,,,
20-Jun-23,13:46,-582.5,1.3,0,1.35,2.8,,,,,,,,
20-Jun-23,13:47,-585,1.25,0,1.4,2.8,,,,,,,,
20-Jun-23,13:48,-585,1.25,0,1.4,2.8,,,,,,,,
20-Jun-23,13:49,-585,1.25,0,1.4,2.8,,,,,,,,
20-Jun-23,13:50,-585,1.25,0,1.4,2.8,,,,,,,,
20-Jun-23,13:51,-585,1.25,0,1.4,2.8,,,,,,,,
20-Jun-23,13:52,-582.5,1.3,0,1.35,2.8,,,,,,,,
20-Jun-23,13:53,-585,1.25,0,1.4,2.8,,,,,,,,
20-Jun-23,13:54,-582.5,1.3,0,1.35,2.7,,,,,,,,
20-Jun-23,13:55,-585,1.25,0,1.4,2.7,,,,,,,,
20-Jun-23,13:56,-585,1.25,0,1.4,2.7,,,,,,,,
20-Jun-23,13:57,-587.5,1.2,0,1.45,2.7,,,,,,,,
20-Jun-23,13:58,-585,1.25,0,1.4,2.7,,,,,,,,
20-Jun-23,13:59,-587.5,1.2,0,1.45,2.7,,,,,,,,
20-Jun-23,14:00,-587.5,1.2,0,1.45,2.7,,,,,,,,
20-Jun-23,14:01,-587.5,1.2,0,1.45,2.7,,,,,,,,
20-Jun-23,14:02,-585,1.25,0,1.4,2.7,,,,,,,,
20-Jun-23,14:03,-587.5,1.2,0,1.45,2.7,,,,,,,,
20-Jun-23,14:04,-587.5,1.2,0,1.45,2.7,,,,,,,,
20-Jun-23,14:05,-587.5,1.2,0,1.45,2.7,,,,,,,,
20-Jun-23,14:06,-587.5,1.2,0,1.45,2.7,,,,,,,,
20-Jun-23,14:07,-590,1.15,0,1.5,2.7,,,,,,,,
20-Jun-23,14:08,-590,1.15,0,1.5,2.7,,,,,,,,
20-Jun-23,14:09,-592.5,1.1,0,1.55,2.7,,,,,,,,
20-Jun-23,14:10,-592.5,1.1,0,1.55,2.7,,,,,,,,
20-Jun-23,14:11,-590,1.15,0,1.5,2.7,,,,,,,,
20-Jun-23,14:12,-595,1.05,0,1.6,2.7,,,,,,,,
20-Jun-23,14:13,-595,1.05,0,1.6,2.7,,,,,,,,
20-Jun-23,14:14,-597.5,1,0,1.65,2.7,,,,,,,,
20-Jun-23,14:15,-597.5,1,0,1.65,2.7,,,,,,,,
20-Jun-23,14:16,-597.5,1,0,1.65,2.7,,,,,,,,
20-Jun-23,14:17,-597.5,1,0,1.65,2.7,,,,,,,,
20-Jun-23,14:18,-595,1.05,0,1.6,2.7,,,,,,,,
20-Jun-23,14:19,-595,1.05,0,1.6,2.7,,,,,,,,
20-Jun-23,14:20,-595,1.05,0,1.6,2.7,,,,,,,,
20-Jun-23,14:21,-595,1.05,0,1.6,2.7,,,,,,,,
20-Jun-23,14:22,-597.5,1,0,1.65,2.7,,,,,,,,
20-Jun-23,14:23,-597.5,1,0,1.65,2.7,,,,,,,,
20-Jun-23,14:24,-597.5,1,0,1.65,2.7,,,,,,,,
20-Jun-23,14:25,-597.5,1,0,1.65,2.7,,,,,,,,
20-Jun-23,14:26,-597.5,1,0,1.65,2.7,,,,,,,,
20-Jun-23,14:27,-597.5,1,0,1.65,2.7,,,,,,,,
20-Jun-23,14:28,-595,1.05,0,1.6,2.7,,,,,,,,
20-Jun-23,14:29,-597.5,1,0,1.65,2.7,,,,,,,,
20-Jun-23,14:30,-595,1.05,0,1.6,2.7,,,,,,,,
20-Jun-23,14:31,-595,1.05,0,1.6,2.7,,,,,,,,
20-Jun-23,14:32,-595,1.05,0,1.6,2.7,,,,,,,,
20-Jun-23,14:33,-592.5,1.1,0,1.55,2.7,,,,,,,,
20-Jun-23,14:34,-595,1.05,0,1.6,2.7,,,,,,,,
20-Jun-23,14:35,-592.5,1.1,0,1.55,2.7,,,,,,,,
20-Jun-23,14:36,-592.5,1.1,0,1.55,2.7,,,,,,,,
20-Jun-23,14:37,-592.5,1.1,0,1.55,2.7,,,,,,,,
20-Jun-23,14:38,-595,1.05,0,1.6,2.7,,,,,,,,
20-Jun-23,14:39,-592.5,1.1,0,1.55,2.7,,,,,,,,
20-Jun-23,14:40,-590,1.15,0,1.5,2.7,,,,,,,,
20-Jun-23,14:41,-590,1.15,0,1.5,2.7,,,,,,,,
20-Jun-23,14:42,-590,1.15,0,1.5,2.7,,,,,,,,
20-Jun-23,14:43,-587.5,1.2,0,1.45,2.7,,,,,,,,
20-Jun-23,14:44,-587.5,1.2,0,1.45,2.7,,,,,,,,
20-Jun-23,14:45,-590,1.15,0,1.5,2.7,,,,,,,,
20-Jun-23,14:46,-587.5,1.2,0,1.45,2.7,,,,,,,,
20-Jun-23,14:47,-590,1.15,0,1.5,2.7,,,,,,,,
20-Jun-23,14:48,-590,1.15,0,1.5,2.7,,,,,,,,
20-Jun-23,14:49,-587.5,1.2,0,1.45,2.7,,,,,,,,
20-Jun-23,14:50,-590,1.15,0,1.5,2.7,,,,,,,,
20-Jun-23,14:51,-587.5,1.2,0,1.45,2.7,,,,,,,,
20-Jun-23,14:52,-587.5,1.2,0,1.45,2.7,,,,,,,,
20-Jun-23,14:53,-585,1.25,0,1.4,2.7,,,,,,,,
20-Jun-23,14:54,-587.5,1.2,0,1.45,2.7,,,,,,,,
20-Jun-23,14:55,-585,1.25,0,1.4,2.7,,,,,,,,
20-Jun-23,14:56,-585,1.25,0,1.4,2.7,,,,,,,,
20-Jun-23,14:57,-585,1.25,0,1.4,2.7,,,,,,,,
20-Jun-23,14:58,-585,1.25,0,1.4,2.7,,,,,,,,
20-Jun-23,14:59,-587.5,1.2,0,1.45,2.7,,,,,,,,
20-Jun-23,15:00,-585,1.25,0,1.4,2.7,,,,,,,,
20-Jun-23,15:01,-582.5,1.3,0,1.35,2.7,,,,,,,,
20-Jun-23,15:02,-582.5,1.3,0,1.35,2.7,,,,,,,,
20-Jun-23,15:03,-580,1.35,0,1.3,2.7,,,,,,,,
20-Jun-23,15:04,-575,1.45,0,1.2,2.4,,,,,,,,
20-Jun-23,15:05,-572.5,1.5,0,1.15,2.4,,,,,,,,
20-Jun-23,15:06,-572.5,1.5,0,1.15,2.4,,,,,,,,
20-Jun-23,15:07,-575,1.45,0,1.2,2.4,,,,,,,,
20-Jun-23,15:08,-575,1.45,0,1.2,2.4,,,,,,,,
20-Jun-23,15:09,-575,1.45,0,1.2,2.4,,,,,,,,
20-Jun-23,15:10,-570,1.55,0,1.1,2.4,,,,,,,,
20-Jun-23,15:11,-572.5,1.5,0,1.15,2.4,,,,,,,,
20-Jun-23,15:12,-562.5,1.7,0,0.95,2.4,,,,,,,,
20-Jun-23,15:13,-562.5,1.7,0,0.95,2.4,,,,,,,,
20-Jun-23,15:14,-565,1.65,0,1,2,,,,,,,,
20-Jun-23,15:15,-560,1.75,0,0.9,2,,,,,,,,
20-Jun-23,15:16,-562.5,1.7,0,0.95,2,,,,,,,,
20-Jun-23,15:17,-562.5,1.7,0,0.95,2,,,,,,,,
20-Jun-23,15:18,-562.5,1.7,0,0.95,2,,,,,,,,
20-Jun-23,15:19,-565,1.65,0,1,2,,,,,,,,
20-Jun-23,15:20,-562.5,1.7,0,0.95,2,,,,,,,,
20-Jun-23,15:21,-562.5,1.7,0,0.95,2,,,,,,,,
20-Jun-23,15:22,-560,1.75,0,0.9,2,,,,,,,,
20-Jun-23,15:23,-560,1.75,0,0.9,2,,,,,,,,
20-Jun-23,15:24,-560,1.75,0,0.9,1.8,,,,,,,,
20-Jun-23,15:25,-560,1.75,0,0.9,1.8,,,,,,,,
20-Jun-23,15:26,-562.5,1.7,0,0.95,1.8,,,,,,,,
20-Jun-23,15:27,-562.5,1.7,0,0.95,1.8,,,,,,,,
20-Jun-23,15:28,-565,1.65,0,1,1.8,,,,,,,,
20-Jun-23,15:29,-565,1.65,0,1,1.8,,,,,,,,
21-Jun-23,09:29,-565,1.65,0,1,1.8,,,,,,,,
21-Jun-23,09:30,-565,1.65,0,1,1.8,,,,,,,,
21-Jun-23,09:31,-565,1.65,0,1,1.8,,,,,,,,
21-Jun-23,09:32,-565,1.65,0,1,1.8,,,,,,,,
21-Jun-23,09:33,-567.5,1.6,0,1.05,1.8,,,,,,,,
21-Jun-23,09:34,-567.5,1.6,0,1.05,1.8,,,,,,,,
21-Jun-23,09:35,-565,1.65,0,1,1.8,,,,,,,,
21-Jun-23,09:36,-565,1.65,0,1,1.8,,,,,,,,
21-Jun-23,09:37,-567.5,1.6,0,1.05,1.8,,,,,,,,
21-Jun-23,09:38,-567.5,1.6,0,1.05,1.8,,,,,,,,
21-Jun-23,09:39,-567.5,1.6,0,1.05,1.8,,,,,,,,
21-Jun-23,09:40,-567.5,1.6,0,1.05,1.8,,,,,,,,
21-Jun-23,09:41,-567.5,1.6,0,1.05,1.8,,,,,,,,
21-Jun-23,09:42,-565,1.65,0,1,1.8,,,,,,,,
21-Jun-23,09:43,-567.5,1.6,0,1.05,1.8,,,,,,,,
21-Jun-23,09:44,-567.5,1.6,0,1.05,1.8,,,,,,,,
21-Jun-23,09:45,-565,1.65,0,1,1.8,,,,,,,,
21-Jun-23,09:46,-567.5,1.6,0,1.05,1.8,,,,,,,,
21-Jun-23,09:47,-567.5,1.6,0,1.05,1.8,,,,,,,,
21-Jun-23,09:48,-570,1.55,0,1.1,1.8,,,,,,,,
21-Jun-23,09:49,-567.5,1.6,0,1.05,1.8,,,,,,,,
21-Jun-23,09:50,-570,1.55,0,1.1,1.8,,,,,,,,
21-Jun-23,09:51,-570,1.55,0,1.1,1.8,,,,,,,,
21-Jun-23,09:52,-567.5,1.6,0,1.05,1.8,,,,,,,,
21-Jun-23,09:53,-567.5,1.6,0,1.05,1.8,,,,,,,,
21-Jun-23,09:54,-570,1.55,0,1.1,1.8,,,,,,,,
21-Jun-23,09:55,-567.5,1.6,0,1.05,1.8,,,,,,,,
21-Jun-23,09:56,-570,1.55,0,1.1,1.8,,,,,,,,
21-Jun-23,09:57,-567.5,1.6,0,1.05,1.8,,,,,,,,
21-Jun-23,09:58,-570,1.55,0,1.1,1.8,,,,,,,,
21-Jun-23,09:59,-567.5,1.6,0,1.05,1.8,,,,,,,,
21-Jun-23,10:00,-570,1.55,0,1.1,1.8,,,,,,,,
21-Jun-23,10:01,-570,1.55,0,1.1,1.8,,,,,,,,
21-Jun-23,10:02,-567.5,1.6,0,1.05,1.8,,,,,,,,
21-Jun-23,10:03,-570,1.55,0,1.1,1.8,,,,,,,,
21-Jun-23,10:04,-567.5,1.6,0,1.05,1.8,,,,,,,,
21-Jun-23,10:05,-567.5,1.6,0,1.05,1.8,,,,,,,,
21-Jun-23,10:06,-570,1.55,0,1.1,1.8,,,,,,,,
21-Jun-23,10:07,-567.5,1.6,0,1.05,1.8,,,,,,,,
21-Jun-23,10:08,-567.5,1.6,0,1.05,1.8,,,,,,,,
21-Jun-23,10:09,-567.5,1.6,0,1.05,1.8,,,,,,,,
21-Jun-23,10:10,-570,1.55,0,1.1,1.8,,,,,,,,
21-Jun-23,10:11,-567.5,1.6,0,1.05,1.8,,,,,,,,
21-Jun-23,10:12,-567.5,1.6,0,1.05,1.8,,,,,,,,
21-Jun-23,10:13,-570,1.55,0,1.1,1.8,,,,,,,,
21-Jun-23,10:14,-570,1.55,0,1.1,1.8,,,,,,,,
21-Jun-23,10:15,-570,1.55,0,1.1,1.8,,,,,,,,
21-Jun-23,10:16,-570,1.55,0,1.1,1.8,,,,,,,,
21-Jun-23,10:17,-570,1.55,0,1.1,1.8,,,,,,,,
21-Jun-23,10:18,-567.5,1.6,0,1.05,1.8,,,,,,,,
21-Jun-23,10:19,-567.5,1.6,0,1.05,1.8,,,,,,,,
21-Jun-23,10:20,-567.5,1.6,0,1.05,1.8,,,,,,,,
21-Jun-23,10:21,-567.5,1.6,0,1.05,1.8,,,,,,,,
21-Jun-23,10:22,-567.5,1.6,0,1.05,1.8,,,,,,,,
21-Jun-23,10:23,-570,1.55,0,1.1,1.8,,,,,,,,
21-Jun-23,10:24,-567.5,1.6,0,1.05,1.8,,,,,,,,
21-Jun-23,10:25,-567.5,1.6,0,1.05,1.8,,,,,,,,
21-Jun-23,10:26,-567.5,1.6,0,1.05,1.8,,,,,,,,
21-Jun-23,10:27,-567.5,1.6,0,1.05,1.8,,,,,,,,
21-Jun-23,10:28,-567.5,1.6,0,1.05,1.8,,,,,,,,
21-Jun-23,10:29,-570,1.55,0,1.1,1.8,,,,,,,,
21-Jun-23,10:30,-567.5,1.6,0,1.05,1.8,,,,,,,,
21-Jun-23,10:31,-570,1.55,0,1.1,1.8,,,,,,,,
21-Jun-23,10:32,-570,1.55,0,1.1,1.8,,,,,,,,
21-Jun-23,10:33,-570,1.55,0,1.1,1.8,,,,,,,,
21-Jun-23,10:34,-570,1.55,0,1.1,1.8,,,,,,,,
21-Jun-23,10:35,-567.5,1.6,0,1.05,1.8,,,,,,,,
21-Jun-23,10:36,-570,1.55,0,1.1,1.8,,,,,,,,
21-Jun-23,10:37,-567.5,1.6,0,1.05,1.8,,,,,,,,
21-Jun-23,10:38,-570,1.55,0,1.1,1.8,,,,,,,,
21-Jun-23,10:39,-567.5,1.6,0,1.05,1.8,,,,,,,,
21-Jun-23,10:40,-567.5,1.6,0,1.05,1.8,,,,,,,,
21-Jun-23,10:41,-570,1.55,0,1.1,1.8,,,,,,,,
21-Jun-23,10:42,-570,1.55,0,1.1,1.8,,,,,,,,
21-Jun-23,10:43,-570,1.55,0,1.1,1.8,,,,,,,,
21-Jun-23,10:44,-567.5,1.6,0,1.05,1.8,,,,,,,,
21-Jun-23,10:45,-570,1.55,0,1.1,1.8,,,,,,,,
21-Jun-23,10:46,-570,1.55,0,1.1,1.8,,,,,,,,
21-Jun-23,10:47,-567.5,1.6,0,1.05,1.8,,,,,,,,
21-Jun-23,10:48,-567.5,1.6,0,1.05,1.8,,,,,,,,
21-Jun-23,10:49,-570,1.55,0,1.1,1.8,,,,,,,,
21-Jun-23,10:50,-567.5,1.6,0,1.05,1.8,,,,,,,,
21-Jun-23,10:51,-570,1.55,0,1.1,1.8,,,,,,,,
21-Jun-23,10:52,-567.5,1.6,0,1.05,1.8,,,,,,,,
21-Jun-23,10:53,-567.5,1.6,0,1.05,1.8,,,,,,,,
21-Jun-23,10:54,-567.5,1.6,0,1.05,1.8,,,,,,,,
21-Jun-23,10:55,-565,1.65,0,1,1.8,,,,,,,,
21-Jun-23,10:56,-565,1.65,0,1,1.8,,,,,,,,
21-Jun-23,10:57,-567.5,1.6,0,1.05,1.8,,,,,,,,
21-Jun-23,10:58,-567.5,1.6,0,1.05,1.8,,,,,,,,
21-Jun-23,10:59,-565,1.65,0,1,1.8,,,,,,,,
21-Jun-23,11:00,-567.5,1.6,0,1.05,1.8,,,,,,,,
21-Jun-23,11:01,-565,1.65,0,1,1.8,,,,,,,,
21-Jun-23,11:02,-567.5,1.6,0,1.05,1.8,,,,,,,,
21-Jun-23,11:03,-567.5,1.6,0,1.05,1.8,,,,,,,,
21-Jun-23,11:04,-567.5,1.6,0,1.05,1.8,,,,,,,,
21-Jun-23,11:05,-570,1.55,0,1.1,1.8,,,,,,,,
21-Jun-23,11:06,-570,1.55,0,1.1,1.8,,,,,,,,
21-Jun-23,11:07,-570,1.55,0,1.1,1.8,,,,,,,,
21-Jun-23,11:08,-567.5,1.6,0,1.05,1.8,,,,,,,,
21-Jun-23,11:09,-567.5,1.6,0,1.05,1.8,,,,,,,,
21-Jun-23,11:10,-570,1.55,0,1.1,1.8,,,,,,,,
21-Jun-23,11:11,-570,1.55,0,1.1,1.8,,,,,,,,
21-Jun-23,11:12,-567.5,1.6,0,1.05,1.8,,,,,,,,
21-Jun-23,11:13,-570,1.55,0,1.1,1.8,,,,,,,,
21-Jun-23,11:14,-570,1.55,0,1.1,1.8,,,,,,,,
21-Jun-23,11:15,-567.5,1.6,0,1.05,1.8,,,,,,,,
21-Jun-23,11:16,-570,1.55,0,1.1,1.8,,,,,,,,
21-Jun-23,11:17,-567.5,1.6,0,1.05,1.8,,,,,,,,
21-Jun-23,11:18,-567.5,1.6,0,1.05,1.8,,,,,,,,
21-Jun-23,11:19,-567.5,1.6,0,1.05,1.8,,,,,,,,
21-Jun-23,11:20,-567.5,1.6,0,1.05,1.8,,,,,,,,
21-Jun-23,11:21,-567.5,1.6,0,1.05,1.8,,,,,,,,
21-Jun-23,11:22,-567.5,1.6,0,1.05,1.8,,,,,,,,
21-Jun-23,11:23,-567.5,1.6,0,1.05,1.8,,,,,,,,
21-Jun-23,11:24,-567.5,1.6,0,1.05,1.8,,,,,,,,
21-Jun-23,11:25,-567.5,1.6,0,1.05,1.8,,,,,,,,
21-Jun-23,11:26,-567.5,1.6,0,1.05,1.8,,,,,,,,
21-Jun-23,11:27,-567.5,1.6,0,1.05,1.8,,,,,,,,
21-Jun-23,11:28,-567.5,1.6,0,1.05,1.8,,,,,,,,
21-Jun-23,11:29,-567.5,1.6,0,1.05,1.8,,,,,,,,
21-Jun-23,11:30,-567.5,1.6,0,1.05,1.8,,,,,,,,
21-Jun-23,11:31,-570,1.55,0,1.1,1.8,,,,,,,,
21-Jun-23,11:32,-570,1.55,0,1.1,1.8,,,,,,,,
21-Jun-23,11:33,-567.5,1.6,0,1.05,1.8,,,,,,,,
21-Jun-23,11:34,-567.5,1.6,0,1.05,1.8,,,,,,,,
21-Jun-23,11:35,-570,1.55,0,1.1,1.8,,,,,,,,
21-Jun-23,11:36,-567.5,1.6,0,1.05,1.8,,,,,,,,
21-Jun-23,11:37,-567.5,1.6,0,1.05,1.8,,,,,,,,
21-Jun-23,11:38,-567.5,1.6,0,1.05,1.8,,,,,,,,
21-Jun-23,11:39,-567.5,1.6,0,1.05,1.8,,,,,,,,
21-Jun-23,11:40,-567.5,1.6,0,1.05,1.8,,,,,,,,
21-Jun-23,11:41,-567.5,1.6,0,1.05,1.8,,,,,,,,
21-Jun-23,11:42,-567.5,1.6,0,1.05,1.8,,,,,,,,
21-Jun-23,11:43,-567.5,1.6,0,1.05,1.8,,,,,,,,
21-Jun-23,11:44,-567.5,1.6,0,1.05,1.8,,,,,,,,
21-Jun-23,11:45,-565,1.65,0,1,1.8,,,,,,,,
21-Jun-23,11:46,-567.5,1.6,0,1.05,1.8,,,,,,,,
21-Jun-23,11:47,-565,1.65,0,1,1.8,,,,,,,,
21-Jun-23,11:48,-567.5,1.6,0,1.05,1.8,,,,,,,,
21-Jun-23,11:49,-565,1.65,0,1,1.8,,,,,,,,
21-Jun-23,11:50,-567.5,1.6,0,1.05,1.8,,,,,,,,
21-Jun-23,11:51,-565,1.65,0,1,1.8,,,,,,,,
21-Jun-23,11:52,-565,1.65,0,1,1.8,,,,,,,,
21-Jun-23,11:53,-567.5,1.6,0,1.05,1.8,,,,,,,,
21-Jun-23,11:54,-567.5,1.6,0,1.05,1.8,,,,,,,,
21-Jun-23,11:55,-565,1.65,0,1,1.8,,,,,,,,
21-Jun-23,11:56,-565,1.65,0,1,1.8,,,,,,,,
21-Jun-23,11:57,-567.5,1.6,0,1.05,1.8,,,,,,,,
21-Jun-23,11:58,-567.5,1.6,0,1.05,1.8,,,,,,,,
21-Jun-23,11:59,-567.5,1.6,0,1.05,1.8,,,,,,,,
21-Jun-23,12:00,-565,1.65,0,1,1.8,,,,,,,,
21-Jun-23,12:01,-562.5,1.7,0,0.95,1.8,,,,,,,,
21-Jun-23,12:02,-562.5,1.7,0,0.95,1.8,,,,,,,,
21-Jun-23,12:03,-565,1.65,0,1,1.8,,,,,,,,
21-Jun-23,12:04,-565,1.65,0,1,1.8,,,,,,,,
21-Jun-23,12:05,-565,1.65,0,1,1.8,,,,,,,,
21-Jun-23,12:06,-565,1.65,0,1,1.8,,,,,,,,
21-Jun-23,12:07,-565,1.65,0,1,1.8,,,,,,,,
21-Jun-23,12:08,-565,1.65,0,1,1.8,,,,,,,,
21-Jun-23,12:09,-565,1.65,0,1,1.8,,,,,,,,
21-Jun-23,12:10,-565,1.65,0,1,1.8,,,,,,,,
21-Jun-23,12:11,-565,1.65,0,1,1.8,,,,,,,,
21-Jun-23,12:12,-565,1.65,0,1,1.8,,,,,,,,
21-Jun-23,12:13,-562.5,1.7,0,0.95,1.8,,,,,,,,
21-Jun-23,12:14,-565,1.65,0,1,1.8,,,,,,,,
21-Jun-23,12:15,-562.5,1.7,0,0.95,1.8,,,,,,,,
21-Jun-23,12:16,-560,1.75,0,0.9,1.8,,,,,,,,
21-Jun-23,12:17,-562.5,1.7,0,0.95,1.8,,,,,,,,
21-Jun-23,12:18,-560,1.75,0,0.9,1.8,,,,,,,,
21-Jun-23,12:19,-562.5,1.7,0,0.95,1.8,,,,,,,,
21-Jun-23,12:20,-562.5,1.7,0,0.95,1.8,,,,,,,,
21-Jun-23,12:21,-560,1.75,0,0.9,1.8,,,,,,,,
21-Jun-23,12:22,-560,1.75,0,0.9,1.8,,,,,,,,
21-Jun-23,12:23,-560,1.75,0,0.9,1.8,,,,,,,,
21-Jun-23,12:24,-560,1.75,0,0.9,1.8,,,,,,,,
21-Jun-23,12:25,-560,1.75,0,0.9,1.8,,,,,,,,
21-Jun-23,12:26,-560,1.75,0,0.9,1.8,,,,,,,,
21-Jun-23,12:27,-560,1.75,0,0.9,1.8,,,,,,,,
21-Jun-23,12:28,-562.5,1.7,0,0.95,1.8,,,,,,,,
21-Jun-23,12:29,-560,1.75,0,0.9,1.8,,,,,,,,
21-Jun-23,12:30,-560,1.75,0,0.9,1.8,,,,,,,,
21-Jun-23,12:31,-560,1.75,0,0.9,1.8,,,,,,,,
21-Jun-23,12:32,-562.5,1.7,0,0.95,1.8,,,,,,,,
21-Jun-23,12:33,-560,1.75,0,0.9,1.8,,,,,,,,
21-Jun-23,12:34,-562.5,1.7,0,0.95,1.8,,,,,,,,
21-Jun-23,12:35,-562.5,1.7,0,0.95,1.8,,,,,,,,
21-Jun-23,12:36,-562.5,1.7,0,0.95,1.8,,,,,,,,
21-Jun-23,12:37,-560,1.75,0,0.9,1.8,,,,,,,,
21-Jun-23,12:38,-560,1.75,0,0.9,1.8,,,,,,,,
21-Jun-23,12:39,-560,1.75,0,0.9,1.8,,,,,,,,
21-Jun-23,12:40,-562.5,1.7,0,0.95,1.8,,,,,,,,
21-Jun-23,12:41,-560,1.75,0,0.9,1.8,,,,,,,,
21-Jun-23,12:42,-560,1.75,0,0.9,1.8,,,,,,,,
21-Jun-23,12:43,-560,1.75,0,0.9,1.8,,,,,,,,
21-Jun-23,12:44,-560,1.75,0,0.9,1.8,,,,,,,,
21-Jun-23,12:45,-560,1.75,0,0.9,1.8,,,,,,,,
21-Jun-23,12:46,-560,1.75,0,0.9,1.8,,,,,,,,
21-Jun-23,12:47,-560,1.75,0,0.9,1.8,,,,,,,,
21-Jun-23,12:48,-562.5,1.7,0,0.95,1.8,,,,,,,,
21-Jun-23,12:49,-562.5,1.7,0,0.95,1.8,,,,,,,,
21-Jun-23,12:50,-560,1.75,0,0.9,1.8,,,,,,,,
21-Jun-23,12:51,-562.5,1.7,0,0.95,1.8,,,,,,,,
21-Jun-23,12:52,-560,1.75,0,0.9,1.8,,,,,,,,
21-Jun-23,12:53,-562.5,1.7,0,0.95,1.8,,,,,,,,
21-Jun-23,12:54,-560,1.75,0,0.9,1.8,,,,,,,,
21-Jun-23,12:55,-562.5,1.7,0,0.95,1.8,,,,,,,,
21-Jun-23,12:56,-562.5,1.7,0,0.95,1.8,,,,,,,,
21-Jun-23,12:57,-562.5,1.7,0,0.95,1.8,,,,,,,,
21-Jun-23,12:58,-562.5,1.7,0,0.95,1.8,,,,,,,,
21-Jun-23,12:59,-560,1.75,0,0.9,1.8,,,,,,,,
21-Jun-23,13:00,-560,1.75,0,0.9,1.8,,,,,,,,
21-Jun-23,13:01,-560,1.75,0,0.9,1.8,,,,,,,,
21-Jun-23,13:02,-562.5,1.7,0,0.95,1.8,,,,,,,,
21-Jun-23,13:03,-562.5,1.7,0,0.95,1.8,,,,,,,,
21-Jun-23,13:04,-560,1.75,0,0.9,1.8,,,,,,,,
21-Jun-23,13:05,-562.5,1.7,0,0.95,1.8,,,,,,,,
21-Jun-23,13:06,-562.5,1.7,0,0.95,1.8,,,,,,,,
21-Jun-23,13:07,-560,1.75,0,0.9,1.8,,,,,,,,
21-Jun-23,13:08,-560,1.75,0,0.9,1.8,,,,,,,,
21-Jun-23,13:09,-560,1.75,0,0.9,1.8,,,,,,,,
21-Jun-23,13:10,-562.5,1.7,0,0.95,1.8,,,,,,,,
21-Jun-23,13:11,-560,1.75,0,0.9,1.8,,,,,,,,
21-Jun-23,13:12,-560,1.75,0,0.9,1.8,,,,,,,,
21-Jun-23,13:13,-562.5,1.7,0,0.95,1.8,,,,,,,,
21-Jun-23,13:14,-560,1.75,0,0.9,1.8,,,,,,,,
21-Jun-23,13:15,-560,1.75,0,0.9,1.8,,,,,,,,
21-Jun-23,13:16,-562.5,1.7,0,0.95,1.8,,,,,,,,
21-Jun-23,13:17,-560,1.75,0,0.9,1.8,,,,,,,,
21-Jun-23,13:18,-560,1.75,0,0.9,1.8,,,,,,,,
21-Jun-23,13:19,-562.5,1.7,0,0.95,1.8,,,,,,,,
21-Jun-23,13:20,-560,1.75,0,0.9,1.8,,,,,,,,
21-Jun-23,13:21,-560,1.75,0,0.9,1.8,,,,,,,,
21-Jun-23,13:22,-560,1.75,0,0.9,1.8,,,,,,,,
21-Jun-23,13:23,-562.5,1.7,0,0.95,1.8,,,,,,,,
21-Jun-23,13:24,-560,1.75,0,0.9,1.8,,,,,,,,
21-Jun-23,13:25,-560,1.75,0,0.9,1.8,,,,,,,,
21-Jun-23,13:26,-560,1.75,0,0.9,1.8,,,,,,,,
21-Jun-23,13:27,-557.5,1.8,0,0.85,1.8,,,,,,,,
21-Jun-23,13:28,-560,1.75,0,0.9,1.8,,,,,,,,
21-Jun-23,13:29,-560,1.75,0,0.9,1.8,,,,,,,,
21-Jun-23,13:30,-557.5,1.8,0,0.85,1.8,,,,,,,,
21-Jun-23,13:31,-557.5,1.8,0,0.85,1.8,,,,,,,,
21-Jun-23,13:32,-557.5,1.8,0,0.85,1.8,,,,,,,,
21-Jun-23,13:33,-557.5,1.8,0,0.85,1.8,,,,,,,,
21-Jun-23,13:34,-557.5,1.8,0,0.85,1.7,,,,,,,,
21-Jun-23,13:35,-560,1.75,0,0.9,1.7,,,,,,,,
21-Jun-23,13:36,-557.5,1.8,0,0.85,1.7,,,,,,,,
21-Jun-23,13:37,-560,1.75,0,0.9,1.7,,,,,,,,
21-Jun-23,13:38,-557.5,1.8,0,0.85,1.7,,,,,,,,
21-Jun-23,13:39,-557.5,1.8,0,0.85,1.7,,,,,,,,
21-Jun-23,13:40,-557.5,1.8,0,0.85,1.7,,,,,,,,
21-Jun-23,13:41,-557.5,1.8,0,0.85,1.7,,,,,,,,
21-Jun-23,13:42,-557.5,1.8,0,0.85,1.7,,,,,,,,
21-Jun-23,13:43,-557.5,1.8,0,0.85,1.7,,,,,,,,
21-Jun-23,13:44,-560,1.75,0,0.9,1.7,,,,,,,,
21-Jun-23,13:45,-557.5,1.8,0,0.85,1.7,,,,,,,,
21-Jun-23,13:46,-557.5,1.8,0,0.85,1.7,,,,,,,,
21-Jun-23,13:47,-557.5,1.8,0,0.85,1.7,,,,,,,,
21-Jun-23,13:48,-555,1.85,0,0.8,1.7,,,,,,,,
21-Jun-23,13:49,-555,1.85,0,0.8,1.6,,,,,,,,
21-Jun-23,13:50,-557.5,1.8,0,0.85,1.6,,,,,,,,
21-Jun-23,13:51,-557.5,1.8,0,0.85,1.6,,,,,,,,
21-Jun-23,13:52,-557.5,1.8,0,0.85,1.6,,,,,,,,
21-Jun-23,13:53,-555,1.85,0,0.8,1.6,,,,,,,,
21-Jun-23,13:54,-557.5,1.8,0,0.85,1.6,,,,,,,,
21-Jun-23,13:55,-557.5,1.8,0,0.85,1.6,,,,,,,,
21-Jun-23,13:56,-555,1.85,0,0.8,1.6,,,,,,,,
21-Jun-23,13:57,-555,1.85,0,0.8,1.6,,,,,,,,
21-Jun-23,13:58,-557.5,1.8,0,0.85,1.6,,,,,,,,
21-Jun-23,13:59,-555,1.85,0,0.8,1.6,,,,,,,,
21-Jun-23,14:00,-557.5,1.8,0,0.85,1.6,,,,,,,,
21-Jun-23,14:01,-557.5,1.8,0,0.85,1.6,,,,,,,,
21-Jun-23,14:02,-555,1.85,0,0.8,1.6,,,,,,,,
21-Jun-23,14:03,-557.5,1.8,0,0.85,1.6,,,,,,,,
21-Jun-23,14:04,-555,1.85,0,0.8,1.6,,,,,,,,
21-Jun-23,14:05,-552.5,1.9,0,0.75,1.6,,,,,,,,
21-Jun-23,14:06,-552.5,1.9,0,0.75,1.6,,,,,,,,
21-Jun-23,14:07,-555,1.85,0,0.8,1.6,,,,,,,,
21-Jun-23,14:08,-555,1.85,0,0.8,1.6,,,,,,,,
21-Jun-23,14:09,-555,1.85,0,0.8,1.6,,,,,,,,
21-Jun-23,14:10,-555,1.85,0,0.8,1.6,,,,,,,,
21-Jun-23,14:11,-557.5,1.8,0,0.85,1.6,,,,,,,,
21-Jun-23,14:12,-555,1.85,0,0.8,1.6,,,,,,,,
21-Jun-23,14:13,-557.5,1.8,0,0.85,1.6,,,,,,,,
21-Jun-23,14:14,-557.5,1.8,0,0.85,1.6,,,,,,,,
21-Jun-23,14:15,-555,1.85,0,0.8,1.6,,,,,,,,
21-Jun-23,14:16,-557.5,1.8,0,0.85,1.6,,,,,,,,
21-Jun-23,14:17,-557.5,1.8,0,0.85,1.6,,,,,,,,
21-Jun-23,14:18,-557.5,1.8,0,0.85,1.6,,,,,,,,
21-Jun-23,14:19,-555,1.85,0,0.8,1.6,,,,,,,,
21-Jun-23,14:20,-555,1.85,0,0.8,1.6,,,,,,,,
21-Jun-23,14:21,-555,1.85,0,0.8,1.6,,,,,,,,
21-Jun-23,14:22,-555,1.85,0,0.8,1.6,,,,,,,,
21-Jun-23,14:23,-557.5,1.8,0,0.85,1.6,,,,,,,,
21-Jun-23,14:24,-555,1.85,0,0.8,1.6,,,,,,,,
21-Jun-23,14:25,-555,1.85,0,0.8,1.6,,,,,,,,
21-Jun-23,14:26,-552.5,1.9,0,0.75,1.6,,,,,,,,
21-Jun-23,14:27,-552.5,1.9,0,0.75,1.6,,,,,,,,
21-Jun-23,14:28,-555,1.85,0,0.8,1.6,,,,,,,,
21-Jun-23,14:29,-552.5,1.9,0,0.75,1.5,,,,,,,,
21-Jun-23,14:30,-555,1.85,0,0.8,1.5,,,,,,,,
21-Jun-23,14:31,-552.5,1.9,0,0.75,1.5,,,,,,,,
21-Jun-23,14:32,-552.5,1.9,0,0.75,1.5,,,,,,,,
21-Jun-23,14:33,-555,1.85,0,0.8,1.5,,,,,,,,
21-Jun-23,14:34,-550,1.95,0,0.7,1.4,,,,,,,,
21-Jun-23,14:35,-550,1.95,0,0.7,1.4,,,,,,,,
21-Jun-23,14:36,-550,1.95,0,0.7,1.4,,,,,,,,
21-Jun-23,14:37,-552.5,1.9,0,0.75,1.4,,,,,,,,
21-Jun-23,14:38,-552.5,1.9,0,0.75,1.4,,,,,,,,
21-Jun-23,14:39,-550,1.95,0,0.7,1.4,,,,,,,,
21-Jun-23,14:40,-552.5,1.9,0,0.75,1.4,,,,,,,,
21-Jun-23,14:41,-555,1.85,0,0.8,1.4,,,,,,,,
21-Jun-23,14:42,-555,1.85,0,0.8,1.4,,,,,,,,
21-Jun-23,14:43,-552.5,1.9,0,0.75,1.4,,,,,,,,
21-Jun-23,14:44,-555,1.85,0,0.8,1.4,,,,,,,,
21-Jun-23,14:45,-552.5,1.9,0,0.75,1.4,,,,,,,,
21-Jun-23,14:46,-555,1.85,0,0.8,1.4,,,,,,,,
21-Jun-23,14:47,-555,1.85,0,0.8,1.4,,,,,,,,
21-Jun-23,14:48,-552.5,1.9,0,0.75,1.4,,,,,,,,
21-Jun-23,14:49,-552.5,1.9,0,0.75,1.4,,,,,,,,
21-Jun-23,14:50,-552.5,1.9,0,0.75,1.4,,,,,,,,
21-Jun-23,14:51,-552.5,1.9,0,0.75,1.4,,,,,,,,
21-Jun-23,14:52,-552.5,1.9,0,0.75,1.4,,,,,,,,
21-Jun-23,14:53,-552.5,1.9,0,0.75,1.4,,,,,,,,
21-Jun-23,14:54,-552.5,1.9,0,0.75,1.4,,,,,,,,
21-Jun-23,14:55,-550,1.95,0,0.7,1.4,,,,,,,,
21-Jun-23,14:56,-550,1.95,0,0.7,1.4,,,,,,,,
21-Jun-23,14:57,-547.5,2,0,0.65,1.4,,,,,,,,
21-Jun-23,14:58,-550,1.95,0,0.7,1.4,,,,,,,,
21-Jun-23,14:59,-550,1.95,0,0.7,1.4,,,,,,,,
21-Jun-23,15:00,-552.5,1.9,0,0.75,1.4,,,,,,,,
21-Jun-23,15:01,-552.5,1.9,0,0.75,1.4,,,,,,,,
21-Jun-23,15:02,-552.5,1.9,0,0.75,1.4,,,,,,,,
21-Jun-23,15:03,-550,1.95,0,0.7,1.4,,,,,,,,
21-Jun-23,15:04,-552.5,1.9,0,0.75,1.4,,,,,,,,
21-Jun-23,15:05,-552.5,1.9,0,0.75,1.4,,,,,,,,
21-Jun-23,15:06,-552.5,1.9,0,0.75,1.4,,,,,,,,
21-Jun-23,15:07,-552.5,1.9,0,0.75,1.4,,,,,,,,
21-Jun-23,15:08,-552.5,1.9,0,0.75,1.4,,,,,,,,
21-Jun-23,15:09,-552.5,1.9,0,0.75,1.4,,,,,,,,
21-Jun-23,15:10,-550,1.95,0,0.7,1.4,,,,,,,,
21-Jun-23,15:11,-552.5,1.9,0,0.75,1.4,,,,,,,,
21-Jun-23,15:12,-552.5,1.9,0,0.75,1.4,,,,,,,,
21-Jun-23,15:13,-552.5,1.9,0,0.75,1.4,,,,,,,,
21-Jun-23,15:14,-552.5,1.9,0,0.75,1.4,,,,,,,,
21-Jun-23,15:15,-550,1.95,0,0.7,1.4,,,,,,,,
21-Jun-23,15:16,-550,1.95,0,0.7,1.4,,,,,,,,
21-Jun-23,15:17,-550,1.95,0,0.7,1.4,,,,,,,,
21-Jun-23,15:18,-550,1.95,0,0.7,1.4,,,,,,,,
21-Jun-23,15:19,-550,1.95,0,0.7,1.4,,,,,,,,
21-Jun-23,15:20,-550,1.95,0,0.7,1.4,,,,,,,,
21-Jun-23,15:21,-547.5,2,0,0.65,1.4,,,,,,,,
21-Jun-23,15:22,-547.5,2,0,0.65,1.4,,,,,,,,
21-Jun-23,15:23,-550,1.95,0,0.7,1.4,,,,,,,,
21-Jun-23,15:24,-547.5,2,0,0.65,1.3,,,,,,,,
21-Jun-23,15:25,-547.5,2,0,0.65,1.3,,,,,,,,
21-Jun-23,15:26,-547.5,2,0,0.65,1.3,,,,,,,,
21-Jun-23,15:27,-552.5,1.9,0,0.75,1.3,,,,,,,,
21-Jun-23,15:28,-550,1.95,0,0.7,1.3,,,,,,,,
22-Jun-23,09:29,-560,1.75,0,0.9,1.3,,,,,,,,
22-Jun-23,09:30,-560,1.75,0,0.9,1.3,,,,,,,,
22-Jun-23,09:31,-562.5,1.7,0,0.95,1.3,,,,,,,,
22-Jun-23,09:32,-562.5,1.7,0,0.95,1.3,,,,,,,,
22-Jun-23,09:33,-562.5,1.7,0,0.95,1.3,,,,,,,,
22-Jun-23,09:34,-560,1.75,0,0.9,1.3,,,,,,,,
22-Jun-23,09:35,-560,1.75,0,0.9,1.3,,,,,,,,
22-Jun-23,09:36,-557.5,1.8,0,0.85,1.3,,,,,,,,
22-Jun-23,09:37,-555,1.85,0,0.8,1.3,,,,,,,,
22-Jun-23,09:38,-557.5,1.8,0,0.85,1.3,,,,,,,,
22-Jun-23,09:39,-557.5,1.8,0,0.85,1.3,,,,,,,,
22-Jun-23,09:40,-557.5,1.8,0,0.85,1.3,,,,,,,,
22-Jun-23,09:41,-557.5,1.8,0,0.85,1.3,,,,,,,,
22-Jun-23,09:42,-557.5,1.8,0,0.85,1.3,,,,,,,,
22-Jun-23,09:43,-557.5,1.8,0,0.85,1.3,,,,,,,,
22-Jun-23,09:44,-557.5,1.8,0,0.85,1.3,,,,,,,,
22-Jun-23,09:45,-557.5,1.8,0,0.85,1.3,,,,,,,,
22-Jun-23,09:46,-557.5,1.8,0,0.85,1.3,,,,,,,,
22-Jun-23,09:47,-557.5,1.8,0,0.85,1.3,,,,,,,,
22-Jun-23,09:48,-555,1.85,0,0.8,1.3,,,,,,,,
22-Jun-23,09:49,-557.5,1.8,0,0.85,1.3,,,,,,,,
22-Jun-23,09:50,-557.5,1.8,0,0.85,1.3,,,,,,,,
22-Jun-23,09:51,-557.5,1.8,0,0.85,1.3,,,,,,,,
22-Jun-23,09:52,-557.5,1.8,0,0.85,1.3,,,,,,,,
22-Jun-23,09:53,-555,1.85,0,0.8,1.3,,,,,,,,
22-Jun-23,09:54,-557.5,1.8,0,0.85,1.3,,,,,,,,
22-Jun-23,09:55,-557.5,1.8,0,0.85,1.3,,,,,,,,
22-Jun-23,09:56,-555,1.85,0,0.8,1.3,,,,,,,,
22-Jun-23,09:57,-555,1.85,0,0.8,1.3,,,,,,,,
22-Jun-23,09:58,-555,1.85,0,0.8,1.3,,,,,,,,
22-Jun-23,09:59,-557.5,1.8,0,0.85,1.3,,,,,,,,
22-Jun-23,10:00,-557.5,1.8,0,0.85,1.3,,,,,,,,
22-Jun-23,10:01,-557.5,1.8,0,0.85,1.3,,,,,,,,
22-Jun-23,10:02,-557.5,1.8,0,0.85,1.3,,,,,,,,
22-Jun-23,10:03,-557.5,1.8,0,0.85,1.3,,,,,,,,
22-Jun-23,10:04,-557.5,1.8,0,0.85,1.3,,,,,,,,
22-Jun-23,10:05,-560,1.75,0,0.9,1.3,,,,,,,,
22-Jun-23,10:06,-557.5,1.8,0,0.85,1.3,,,,,,,,
22-Jun-23,10:07,-557.5,1.8,0,0.85,1.3,,,,,,,,
22-Jun-23,10:08,-557.5,1.8,0,0.85,1.3,,,,,,,,
22-Jun-23,10:09,-560,1.75,0,0.9,1.3,,,,,,,,
22-Jun-23,10:10,-557.5,1.8,0,0.85,1.3,,,,,,,,
22-Jun-23,10:11,-557.5,1.8,0,0.85,1.3,,,,,,,,
22-Jun-23,10:12,-557.5,1.8,0,0.85,1.3,,,,,,,,
22-Jun-23,10:13,-557.5,1.8,0,0.85,1.3,,,,,,,,
22-Jun-23,10:14,-557.5,1.8,0,0.85,1.3,,,,,,,,
22-Jun-23,10:15,-557.5,1.8,0,0.85,1.3,,,,,,,,
22-Jun-23,10:16,-557.5,1.8,0,0.85,1.3,,,,,,,,
22-Jun-23,10:17,-557.5,1.8,0,0.85,1.3,,,,,,,,
22-Jun-23,10:18,-557.5,1.8,0,0.85,1.3,,,,,,,,
22-Jun-23,10:19,-557.5,1.8,0,0.85,1.3,,,,,,,,
22-Jun-23,10:20,-557.5,1.8,0,0.85,1.3,,,,,,,,
22-Jun-23,10:21,-557.5,1.8,0,0.85,1.3,,,,,,,,
22-Jun-23,10:22,-555,1.85,0,0.8,1.3,,,,,,,,
22-Jun-23,10:23,-555,1.85,0,0.8,1.3,,,,,,,,
22-Jun-23,10:24,-557.5,1.8,0,0.85,1.3,,,,,,,,
22-Jun-23,10:25,-557.5,1.8,0,0.85,1.3,,,,,,,,
22-Jun-23,10:26,-555,1.85,0,0.8,1.3,,,,,,,,
22-Jun-23,10:27,-557.5,1.8,0,0.85,1.3,,,,,,,,
22-Jun-23,10:28,-557.5,1.8,0,0.85,1.3,,,,,,,,
22-Jun-23,10:29,-555,1.85,0,0.8,1.3,,,,,,,,
22-Jun-23,10:30,-557.5,1.8,0,0.85,1.3,,,,,,,,
22-Jun-23,10:31,-552.5,1.9,0,0.75,1.3,,,,,,,,
22-Jun-23,10:32,-555,1.85,0,0.8,1.3,,,,,,,,
22-Jun-23,10:33,-555,1.85,0,0.8,1.3,,,,,,,,
22-Jun-23,10:34,-552.5,1.9,0,0.75,1.3,,,,,,,,
22-Jun-23,10:35,-552.5,1.9,0,0.75,1.3,,,,,,,,
22-Jun-23,10:36,-552.5,1.9,0,0.75,1.3,,,,,,,,
22-Jun-23,10:37,-552.5,1.9,0,0.75,1.3,,,,,,,,
22-Jun-23,10:38,-552.5,1.9,0,0.75,1.3,,,,,,,,
22-Jun-23,10:39,-552.5,1.9,0,0.75,1.3,,,,,,,,
22-Jun-23,10:40,-555,1.85,0,0.8,1.3,,,,,,,,
22-Jun-23,10:41,-552.5,1.9,0,0.75,1.3,,,,,,,,
22-Jun-23,10:42,-555,1.85,0,0.8,1.3,,,,,,,,
22-Jun-23,10:43,-555,1.85,0,0.8,1.3,,,,,,,,
22-Jun-23,10:44,-555,1.85,0,0.8,1.3,,,,,,,,
22-Jun-23,10:45,-555,1.85,0,0.8,1.3,,,,,,,,
22-Jun-23,10:46,-555,1.85,0,0.8,1.3,,,,,,,,
22-Jun-23,10:47,-552.5,1.9,0,0.75,1.3,,,,,,,,
22-Jun-23,10:48,-552.5,1.9,0,0.75,1.3,,,,,,,,
22-Jun-23,10:49,-552.5,1.9,0,0.75,1.3,,,,,,,,
22-Jun-23,10:50,-552.5,1.9,0,0.75,1.3,,,,,,,,
22-Jun-23,10:51,-555,1.85,0,0.8,1.3,,,,,,,,
22-Jun-23,10:52,-552.5,1.9,0,0.75,1.3,,,,,,,,
22-Jun-23,10:53,-552.5,1.9,0,0.75,1.3,,,,,,,,
22-Jun-23,10:54,-550,1.95,0,0.7,1.3,,,,,,,,
22-Jun-23,10:55,-552.5,1.9,0,0.75,1.3,,,,,,,,
22-Jun-23,10:56,-550,1.95,0,0.7,1.3,,,,,,,,
22-Jun-23,10:57,-550,1.95,0,0.7,1.3,,,,,,,,
22-Jun-23,10:58,-550,1.95,0,0.7,1.3,,,,,,,,
22-Jun-23,10:59,-552.5,1.9,0,0.75,1.3,,,,,,,,
22-Jun-23,11:00,-552.5,1.9,0,0.75,1.3,,,,,,,,
22-Jun-23,11:01,-555,1.85,0,0.8,1.3,,,,,,,,
22-Jun-23,11:02,-555,1.85,0,0.8,1.3,,,,,,,,
22-Jun-23,11:03,-555,1.85,0,0.8,1.3,,,,,,,,
22-Jun-23,11:04,-552.5,1.9,0,0.75,1.3,,,,,,,,
22-Jun-23,11:05,-557.5,1.8,0,0.85,1.3,,,,,,,,
22-Jun-23,11:06,-555,1.85,0,0.8,1.3,,,,,,,,
22-Jun-23,11:07,-555,1.85,0,0.8,1.3,,,,,,,,
22-Jun-23,11:08,-555,1.85,0,0.8,1.3,,,,,,,,
22-Jun-23,11:09,-552.5,1.9,0,0.75,1.3,,,,,,,,
22-Jun-23,11:10,-552.5,1.9,0,0.75,1.3,,,,,,,,
22-Jun-23,11:11,-552.5,1.9,0,0.75,1.3,,,,,,,,
22-Jun-23,11:12,-555,1.85,0,0.8,1.3,,,,,,,,
22-Jun-23,11:13,-552.5,1.9,0,0.75,1.3,,,,,,,,
22-Jun-23,11:14,-555,1.85,0,0.8,1.3,,,,,,,,
22-Jun-23,11:15,-552.5,1.9,0,0.75,1.3,,,,,,,,
22-Jun-23,11:16,-555,1.85,0,0.8,1.3,,,,,,,,
22-Jun-23,11:17,-552.5,1.9,0,0.75,1.3,,,,,,,,
22-Jun-23,11:18,-555,1.85,0,0.8,1.3,,,,,,,,
22-Jun-23,11:19,-552.5,1.9,0,0.75,1.3,,,,,,,,
22-Jun-23,11:20,-552.5,1.9,0,0.75,1.3,,,,,,,,
22-Jun-23,11:21,-555,1.85,0,0.8,1.3,,,,,,,,
22-Jun-23,11:22,-555,1.85,0,0.8,1.3,,,,,,,,
22-Jun-23,11:23,-555,1.85,0,0.8,1.3,,,,,,,,
22-Jun-23,11:24,-555,1.85,0,0.8,1.3,,,,,,,,
22-Jun-23,11:25,-555,1.85,0,0.8,1.3,,,,,,,,
22-Jun-23,11:26,-555,1.85,0,0.8,1.3,,,,,,,,
22-Jun-23,11:27,-555,1.85,0,0.8,1.3,,,,,,,,
22-Jun-23,11:28,-555,1.85,0,0.8,1.3,,,,,,,,
22-Jun-23,11:29,-557.5,1.8,0,0.85,1.3,,,,,,,,
22-Jun-23,11:30,-557.5,1.8,0,0.85,1.3,,,,,,,,
22-Jun-23,11:31,-557.5,1.8,0,0.85,1.3,,,,,,,,
22-Jun-23,11:32,-560,1.75,0,0.9,1.3,,,,,,,,
22-Jun-23,11:33,-560,1.75,0,0.9,1.3,,,,,,,,
22-Jun-23,11:34,-560,1.75,0,0.9,1.3,,,,,,,,
22-Jun-23,11:35,-560,1.75,0,0.9,1.3,,,,,,,,
22-Jun-23,11:36,-560,1.75,0,0.9,1.3,,,,,,,,
22-Jun-23,11:37,-560,1.75,0,0.9,1.3,,,,,,,,
22-Jun-23,11:38,-560,1.75,0,0.9,1.3,,,,,,,,
22-Jun-23,11:39,-562.5,1.7,0,0.95,1.3,,,,,,,,
22-Jun-23,11:40,-560,1.75,0,0.9,1.3,,,,,,,,
22-Jun-23,11:41,-562.5,1.7,0,0.95,1.3,,,,,,,,
22-Jun-23,11:42,-560,1.75,0,0.9,1.3,,,,,,,,
22-Jun-23,11:43,-557.5,1.8,0,0.85,1.3,,,,,,,,
22-Jun-23,11:44,-560,1.75,0,0.9,1.3,,,,,,,,
22-Jun-23,11:45,-560,1.75,0,0.9,1.3,,,,,,,,
22-Jun-23,11:46,-560,1.75,0,0.9,1.3,,,,,,,,
22-Jun-23,11:47,-560,1.75,0,0.9,1.3,,,,,,,,
22-Jun-23,11:48,-562.5,1.7,0,0.95,1.3,,,,,,,,
22-Jun-23,11:49,-565,1.65,0,1,1.3,,,,,,,,
22-Jun-23,11:50,-560,1.75,0,0.9,1.3,,,,,,,,
22-Jun-23,11:51,-562.5,1.7,0,0.95,1.3,,,,,,,,
22-Jun-23,11:52,-565,1.65,0,1,1.3,,,,,,,,
22-Jun-23,11:53,-565,1.65,0,1,1.3,,,,,,,,
22-Jun-23,11:54,-565,1.65,0,1,1.3,,,,,,,,
22-Jun-23,11:55,-562.5,1.7,0,0.95,1.3,,,,,,,,
22-Jun-23,11:56,-565,1.65,0,1,1.3,,,,,,,,
22-Jun-23,11:57,-562.5,1.7,0,0.95,1.3,,,,,,,,
22-Jun-23,11:58,-562.5,1.7,0,0.95,1.3,,,,,,,,
22-Jun-23,11:59,-562.5,1.7,0,0.95,1.3,,,,,,,,
22-Jun-23,12:00,-560,1.75,0,0.9,1.3,,,,,,,,
22-Jun-23,12:01,-562.5,1.7,0,0.95,1.3,,,,,,,,
22-Jun-23,12:02,-560,1.75,0,0.9,1.3,,,,,,,,
22-Jun-23,12:03,-560,1.75,0,0.9,1.3,,,,,,,,
22-Jun-23,12:04,-562.5,1.7,0,0.95,1.3,,,,,,,,
22-Jun-23,12:05,-562.5,1.7,0,0.95,1.3,,,,,,,,
22-Jun-23,12:06,-562.5,1.7,0,0.95,1.3,,,,,,,,
22-Jun-23,12:07,-562.5,1.7,0,0.95,1.3,,,,,,,,
22-Jun-23,12:08,-560,1.75,0,0.9,1.3,,,,,,,,
22-Jun-23,12:09,-562.5,1.7,0,0.95,1.3,,,,,,,,
22-Jun-23,12:10,-565,1.65,0,1,1.3,,,,,,,,
22-Jun-23,12:11,-565,1.65,0,1,1.3,,,,,,,,
22-Jun-23,12:12,-565,1.65,0,1,1.3,,,,,,,,
22-Jun-23,12:13,-567.5,1.6,0,1.05,1.3,,,,,,,,
22-Jun-23,12:14,-560,1.75,0,0.9,1.3,,,,,,,,
22-Jun-23,12:15,-560,1.75,0,0.9,1.3,,,,,,,,
22-Jun-23,12:16,-562.5,1.7,0,0.95,1.3,,,,,,,,
22-Jun-23,12:17,-560,1.75,0,0.9,1.3,,,,,,,,
22-Jun-23,12:18,-562.5,1.7,0,0.95,1.3,,,,,,,,
22-Jun-23,12:19,-560,1.75,0,0.9,1.3,,,,,,,,
22-Jun-23,12:20,-562.5,1.7,0,0.95,1.3,,,,,,,,
22-Jun-23,12:21,-560,1.75,0,0.9,1.3,,,,,,,,
22-Jun-23,12:22,-562.5,1.7,0,0.95,1.3,,,,,,,,
22-Jun-23,12:23,-562.5,1.7,0,0.95,1.3,,,,,,,,
22-Jun-23,12:24,-560,1.75,0,0.9,1.3,,,,,,,,
22-Jun-23,12:25,-560,1.75,0,0.9,1.3,,,,,,,,
22-Jun-23,12:26,-562.5,1.7,0,0.95,1.3,,,,,,,,
22-Jun-23,12:27,-562.5,1.7,0,0.95,1.3,,,,,,,,
22-Jun-23,12:28,-560,1.75,0,0.9,1.3,,,,,,,,
22-Jun-23,12:29,-562.5,1.7,0,0.95,1.3,,,,,,,,
22-Jun-23,12:30,-562.5,1.7,0,0.95,1.3,,,,,,,,
22-Jun-23,12:31,-562.5,1.7,0,0.95,1.3,,,,,,,,
22-Jun-23,12:32,-560,1.75,0,0.9,1.3,,,,,,,,
22-Jun-23,12:33,-562.5,1.7,0,0.95,1.3,,,,,,,,
22-Jun-23,12:34,-562.5,1.7,0,0.95,1.3,,,,,,,,
22-Jun-23,12:35,-557.5,1.8,0,0.85,1.3,,,,,,,,
22-Jun-23,12:36,-557.5,1.8,0,0.85,1.3,,,,,,,,
22-Jun-23,12:37,-562.5,1.7,0,0.95,1.3,,,,,,,,
22-Jun-23,12:38,-562.5,1.7,0,0.95,1.3,,,,,,,,
22-Jun-23,12:39,-562.5,1.7,0,0.95,1.3,,,,,,,,
22-Jun-23,12:40,-560,1.75,0,0.9,1.3,,,,,,,,
22-Jun-23,12:41,-560,1.75,0,0.9,1.3,,,,,,,,
22-Jun-23,12:42,-562.5,1.7,0,0.95,1.3,,,,,,,,
22-Jun-23,12:43,-562.5,1.7,0,0.95,1.3,,,,,,,,
22-Jun-23,12:44,-560,1.75,0,0.9,1.3,,,,,,,,
22-Jun-23,12:45,-560,1.75,0,0.9,1.3,,,,,,,,
22-Jun-23,12:46,-557.5,1.8,0,0.85,1.3,,,,,,,,
22-Jun-23,12:47,-560,1.75,0,0.9,1.3,,,,,,,,
22-Jun-23,12:48,-557.5,1.8,0,0.85,1.3,,,,,,,,
22-Jun-23,12:49,-555,1.85,0,0.8,1.3,,,,,,,,
22-Jun-23,12:50,-555,1.85,0,0.8,1.3,,,,,,,,
22-Jun-23,12:51,-555,1.85,0,0.8,1.3,,,,,,,,
22-Jun-23,12:52,-557.5,1.8,0,0.85,1.3,,,,,,,,
22-Jun-23,12:53,-557.5,1.8,0,0.85,1.3,,,,,,,,
22-Jun-23,12:54,-555,1.85,0,0.8,1.3,,,,,,,,
22-Jun-23,12:55,-560,1.75,0,0.9,1.3,,,,,,,,
22-Jun-23,12:56,-557.5,1.8,0,0.85,1.3,,,,,,,,
22-Jun-23,12:57,-557.5,1.8,0,0.85,1.3,,,,,,,,
22-Jun-23,12:58,-560,1.75,0,0.9,1.3,,,,,,,,
22-Jun-23,12:59,-557.5,1.8,0,0.85,1.3,,,,,,,,
22-Jun-23,13:00,-560,1.75,0,0.9,1.3,,,,,,,,
22-Jun-23,13:01,-560,1.75,0,0.9,1.3,,,,,,,,
22-Jun-23,13:02,-560,1.75,0,0.9,1.3,,,,,,,,
22-Jun-23,13:03,-560,1.75,0,0.9,1.3,,,,,,,,
22-Jun-23,13:04,-562.5,1.7,0,0.95,1.3,,,,,,,,
22-Jun-23,13:05,-560,1.75,0,0.9,1.3,,,,,,,,
22-Jun-23,13:06,-567.5,1.6,0,1.05,1.3,,,,,,,,
22-Jun-23,13:07,-565,1.65,0,1,1.3,,,,,,,,
22-Jun-23,13:08,-562.5,1.7,0,0.95,1.3,,,,,,,,
22-Jun-23,13:09,-562.5,1.7,0,0.95,1.3,,,,,,,,
22-Jun-23,13:10,-562.5,1.7,0,0.95,1.3,,,,,,,,
22-Jun-23,13:11,-560,1.75,0,0.9,1.3,,,,,,,,
22-Jun-23,13:12,-562.5,1.7,0,0.95,1.3,,,,,,,,
22-Jun-23,13:13,-562.5,1.7,0,0.95,1.3,,,,,,,,
22-Jun-23,13:14,-560,1.75,0,0.9,1.3,,,,,,,,
22-Jun-23,13:15,-562.5,1.7,0,0.95,1.3,,,,,,,,
22-Jun-23,13:16,-560,1.75,0,0.9,1.3,,,,,,,,
22-Jun-23,13:17,-560,1.75,0,0.9,1.3,,,,,,,,
22-Jun-23,13:18,-560,1.75,0,0.9,1.3,,,,,,,,
22-Jun-23,13:19,-557.5,1.8,0,0.85,1.3,,,,,,,,
22-Jun-23,13:20,-557.5,1.8,0,0.85,1.3,,,,,,,,
22-Jun-23,13:21,-557.5,1.8,0,0.85,1.3,,,,,,,,
22-Jun-23,13:22,-560,1.75,0,0.9,1.3,,,,,,,,
22-Jun-23,13:23,-560,1.75,0,0.9,1.3,,,,,,,,
22-Jun-23,13:24,-557.5,1.8,0,0.85,1.3,,,,,,,,
22-Jun-23,13:25,-552.5,1.9,0,0.75,1.3,,,,,,,,
22-Jun-23,13:26,-552.5,1.9,0,0.75,1.3,,,,,,,,
22-Jun-23,13:27,-552.5,1.9,0,0.75,1.3,,,,,,,,
22-Jun-23,13:28,-550,1.95,0,0.7,1.3,,,,,,,,
22-Jun-23,13:29,-552.5,1.9,0,0.75,1.3,,,,,,,,
22-Jun-23,13:30,-550,1.95,0,0.7,1.3,,,,,,,,
22-Jun-23,13:31,-550,1.95,0,0.7,1.3,,,,,,,,
22-Jun-23,13:32,-547.5,2,0,0.65,1.3,,,,,,,,
22-Jun-23,13:33,-547.5,2,0,0.65,1.3,,,,,,,,
22-Jun-23,13:34,-547.5,2,0,0.65,1.3,,,,,,,,
22-Jun-23,13:35,-547.5,2,0,0.65,1.3,,,,,,,,
22-Jun-23,13:36,-547.5,2,0,0.65,1.3,,,,,,,,
22-Jun-23,13:37,-545,2.05,0,0.6,1.3,,,,,,,,
22-Jun-23,13:38,-547.5,2,0,0.65,1.3,,,,,,,,
22-Jun-23,13:39,-542.5,2.1,0,0.55,1.1,,,,,,,,
22-Jun-23,13:40,-542.5,2.1,0,0.55,1.1,,,,,,,,
22-Jun-23,13:41,-540,2.15,0,0.5,1.1,,,,,,,,
22-Jun-23,13:42,-540,2.15,0,0.5,1.1,,,,,,,,
22-Jun-23,13:43,-540,2.15,0,0.5,1.1,,,,,,,,
22-Jun-23,13:44,-535,2.25,0,0.4,1.1,,,,,,,,
22-Jun-23,13:45,-532.5,2.3,0,0.35,1.1,,,,,,,,
22-Jun-23,13:46,-532.5,2.3,0,0.35,1.1,,,,,,,,
22-Jun-23,13:47,-532.5,2.3,0,0.35,1.1,,,,,,,,
22-Jun-23,13:48,-532.5,2.3,0,0.35,1.1,,,,,,,,
22-Jun-23,13:49,-535,2.25,0,0.4,1.1,,,,,,,,
22-Jun-23,13:50,-535,2.25,0,0.4,1.1,,,,,,,,
22-Jun-23,13:51,-537.5,2.2,0,0.45,1.1,,,,,,,,
22-Jun-23,13:52,-537.5,2.2,0,0.45,1.1,,,,,,,,
22-Jun-23,13:53,-535,2.25,0,0.4,1.1,,,,,,,,
22-Jun-23,13:54,-532.5,2.3,0,0.35,1.1,,,,,,,,
22-Jun-23,13:55,-532.5,2.3,0,0.35,1.1,,,,,,,,
22-Jun-23,13:56,-532.5,2.3,0,0.35,1.1,,,,,,,,
22-Jun-23,13:57,-532.5,2.3,0,0.35,1.1,,,,,,,,
22-Jun-23,13:58,-532.5,2.3,0,0.35,1.1,,,,,,,,
22-Jun-23,13:59,-532.5,2.3,0,0.35,1.1,,,,,,,,
22-Jun-23,14:00,-535,2.25,0,0.4,1.1,,,,,,,,
22-Jun-23,14:01,-532.5,2.3,0,0.35,1.1,,,,,,,,
22-Jun-23,14:02,-532.5,2.3,0,0.35,1.1,,,,,,,,
22-Jun-23,14:03,-532.5,2.3,0,0.35,1.1,,,,,,,,
22-Jun-23,14:04,-535,2.25,0,0.4,1.1,,,,,,,,
22-Jun-23,14:05,-532.5,2.3,0,0.35,1.1,,,,,,,,
22-Jun-23,14:06,-532.5,2.3,0,0.35,1.1,,,,,,,,
22-Jun-23,14:07,-535,2.25,0,0.4,1.1,,,,,,,,
22-Jun-23,14:08,-532.5,2.3,0,0.35,1.1,,,,,,,,
22-Jun-23,14:09,-530,2.35,0,0.3,1.1,,,,,,,,
22-Jun-23,14:10,-530,2.35,0,0.3,1.1,,,,,,,,
22-Jun-23,14:11,-532.5,2.3,0,0.35,1.1,,,,,,,,
22-Jun-23,14:12,-532.5,2.3,0,0.35,1.1,,,,,,,,
22-Jun-23,14:13,-530,2.35,0,0.3,1.1,,,,,,,,
22-Jun-23,14:14,-532.5,2.3,0,0.35,1.1,,,,,,,,
22-Jun-23,14:15,-532.5,2.3,0,0.35,1.1,,,,,,,,
22-Jun-23,14:16,-530,2.35,0,0.3,1.1,,,,,,,,
22-Jun-23,14:17,-530,2.35,0,0.3,1.1,,,,,,,,
22-Jun-23,14:18,-532.5,2.3,0,0.35,1.1,,,,,,,,
22-Jun-23,14:19,-527.5,2.4,0,0.25,1.1,,,,,,,,
22-Jun-23,14:20,-530,2.35,0,0.3,1.1,,,,,,,,
22-Jun-23,14:21,-530,2.35,0,0.3,1.1,,,,,,,,
22-Jun-23,14:22,-530,2.35,0,0.3,1.1,,,,,,,,
22-Jun-23,14:23,-527.5,2.4,0,0.25,1.1,,,,,,,,
22-Jun-23,14:24,-527.5,2.4,0,0.25,1.1,,,,,,,,
22-Jun-23,14:25,-527.5,2.4,0,0.25,1.1,,,,,,,,
22-Jun-23,14:26,-530,2.35,0,0.3,1.1,,,,,,,,
22-Jun-23,14:27,-532.5,2.3,0,0.35,1.1,,,,,,,,
22-Jun-23,14:28,-532.5,2.3,0,0.35,1.1,,,,,,,,
22-Jun-23,14:29,-535,2.25,0,0.4,1.1,,,,,,,,
22-Jun-23,14:30,-530,2.35,0,0.3,1.1,,,,,,,,
22-Jun-23,14:31,-532.5,2.3,0,0.35,1.1,,,,,,,,
22-Jun-23,14:32,-532.5,2.3,0,0.35,1.1,,,,,,,,
22-Jun-23,14:33,-532.5,2.3,0,0.35,1.1,,,,,,,,
22-Jun-23,14:34,-530,2.35,0,0.3,1.1,,,,,,,,
22-Jun-23,14:35,-530,2.35,0,0.3,1.1,,,,,,,,
22-Jun-23,14:36,-535,2.25,0,0.4,1.1,,,,,,,,
22-Jun-23,14:37,-532.5,2.3,0,0.35,1.1,,,,,,,,
22-Jun-23,14:38,-532.5,2.3,0,0.35,1.1,,,,,,,,
22-Jun-23,14:39,-532.5,2.3,0,0.35,1.1,,,,,,,,
22-Jun-23,14:40,-532.5,2.3,0,0.35,1.1,,,,,,,,
22-Jun-23,14:41,-532.5,2.3,0,0.35,1.1,,,,,,,,
22-Jun-23,14:42,-532.5,2.3,0,0.35,1.1,,,,,,,,
22-Jun-23,14:43,-532.5,2.3,0,0.35,1.1,,,,,,,,
22-Jun-23,14:44,-530,2.35,0,0.3,1.1,,,,,,,,
22-Jun-23,14:45,-530,2.35,0,0.3,1.1,,,,,,,,
22-Jun-23,14:46,-527.5,2.4,0,0.25,1.1,,,,,,,,
22-Jun-23,14:47,-527.5,2.4,0,0.25,1.1,,,,,,,,
22-Jun-23,14:48,-527.5,2.4,0,0.25,1.1,,,,,,,,
22-Jun-23,14:49,-525,2.45,0,0.2,1.1,,,,,,,,
22-Jun-23,14:50,-525,2.45,0,0.2,1.1,,,,,,,,
22-Jun-23,14:51,-527.5,2.4,0,0.25,1.1,,,,,,,,
22-Jun-23,14:52,-525,2.45,0,0.2,1.1,,,,,,,,
22-Jun-23,14:53,-522.5,2.5,0,0.15,1.1,,,,,,,,
22-Jun-23,14:54,-522.5,2.5,0,0.15,1.1,,,,,,,,
22-Jun-23,14:55,-522.5,2.5,0,0.15,1.1,,,,,,,,
22-Jun-23,14:56,-522.5,2.5,0,0.15,1.1,,,,,,,,
22-Jun-23,14:57,-520,2.55,0,0.1,1.1,,,,,,,,
22-Jun-23,14:58,-520,2.55,0,0.1,1.1,,,,,,,,
22-Jun-23,14:59,-520,2.55,0,0.1,1.1,,,,,,,,
22-Jun-23,15:00,-522.5,2.5,0,0.15,1.1,,,,,,,,
22-Jun-23,15:01,-517.5,2.6,0,0.05,1.1,,,,,,,,
22-Jun-23,15:02,-520,2.55,0,0.1,1.1,,,,,,,,
22-Jun-23,15:03,-520,2.55,0,0.1,1.1,,,,,,,,
22-Jun-23,15:04,-517.5,2.6,0,0.05,1.1,,,,,,,,
22-Jun-23,15:05,-517.5,2.6,0,0.05,1.1,,,,,,,,
22-Jun-23,15:06,-517.5,2.6,0,0.05,1.1,,,,,,,,
22-Jun-23,15:07,-517.5,2.6,0,0.05,1.1,,,,,,,,
22-Jun-23,15:08,-517.5,2.6,0,0.05,1.1,,,,,,,,
22-Jun-23,15:09,-520,2.55,0,0.1,1.1,,,,,,,,
22-Jun-23,15:10,-520,2.55,0,0.1,1.1,,,,,,,,
22-Jun-23,15:11,-520,2.55,0,0.1,1.1,,,,,,,,
22-Jun-23,15:12,-520,2.55,0,0.1,1.1,,,,,,,,
22-Jun-23,15:13,-517.5,2.6,0,0.05,1.1,,,,,,,,
22-Jun-23,15:14,-520,2.55,0,0.1,1.1,,,,,,,,
22-Jun-23,15:15,-517.5,2.6,0,0.05,1.1,,,,,,,,
22-Jun-23,15:16,-517.5,2.6,0,0.05,1.1,,,,,,,,
22-Jun-23,15:17,-517.5,2.6,0,0.05,1.1,,,,,,,,
22-Jun-23,15:18,-517.5,2.6,0,0.05,1.1,,,,,,,,
22-Jun-23,15:19,-520,2.55,0,0.1,1.1,,,,,,,,
22-Jun-23,15:20,-517.5,2.6,0,0.05,1.1,,,,,,,,
22-Jun-23,15:21,-517.5,2.6,0,0.05,1.1,,,,,,,,
22-Jun-23,15:22,-517.5,2.6,0,0.05,1.1,,,,,,,,
22-Jun-23,15:23,-517.5,2.6,0,0.05,1.1,,,,,,,,
22-Jun-23,15:24,-517.5,2.6,0,0.05,1.1,,,,,,,,
22-Jun-23,15:25,-517.5,2.6,0,0.05,1.1,,,,,,,,
22-Jun-23,15:26,-517.5,2.6,0,0.05,1.1,,,,,,,,
22-Jun-23,15:27,-517.5,2.6,0,0.05,1.1,,,,,,,,
22-Jun-23,15:28,-517.5,2.6,0,0.05,1.1,,,,,,,,
