INSTRUMENT,SYMBOL,EXPIRY_DT,OpnPric,HghPric,LwPric,ClsPric,LastPric,PrvsClsgPric,UndrlygPric,SttlmPric,OpnIntrst,ChngInOpnIntrst,TtlTradgVol,TtlTrfVal,TtlNbOfTxsExctd
FUTIDX,BANKNIFTY,31-Jul-24,52535.0,52640.0,52131.95,52270.65,52250.0,52670.35,52265.6,52270.65,1946745,-123660,147765,116024355186.75,75691
FUTIDX,BANKNIFTY,28-Aug-24,52779.35,52779.35,52330.9,52459.75,52439.0,52829.9,52265.6,52459.75,367260,41160,16443,12955775586.0,9560
FUTIDX,BANKNIFTY,25-Sep-24,53198.85,53199.0,52644.05,52753.75,52750.0,53108.9,52265.6,52753.75,67575,-1305,3215,2548040349.0,2008
FUTIDX,FINNIFTY,30-Jul-24,23772.55,23789.2,23571.3,23605.55,23581.95,23802.15,23596.35,23605.55,67950,-4275,3134,1852708963.75,1659
FUTIDX,FINNIFTY,27-Aug-24,23850.0,23878.6,23666.35,23708.0,23717.4,23895.95,23596.35,23708.0,6275,-1475,311,184578997.5,229
FUTIDX,FINNIFTY,24-Sep-24,23799.0,23799.0,23711.0,23711.0,23711.0,23872.5,23596.35,23711.0,400,150,8,4761240.0,4
FUTIDX,MIDCPNIFTY,29-Jul-24,12460.45,12462.85,12161.25,12190.95,12169.2,12477.1,12194.1,12190.95,2139600,-63550,21291,13049431280.0,12513
FUTIDX,MIDCPNIFTY,26-Aug-24,12465.3,12465.3,12161.05,12177.55,12169.85,12477.2,12194.1,12177.55,272650,52400,3746,2295293095.0,2390
FUTIDX,MIDCPNIFTY,30-Sep-24,12401.05,12426.5,12163.05,12188.05,12185.7,12492.4,12194.1,12188.05,9500,700,247,151864342.5,195
FUTIDX,NIFTY,25-Jul-24,24761.0,24837.0,24504.0,24529.1,24529.85,24809.05,24530.9,24529.1,14118050,-935725,320221,197231944967.5,126089
FUTIDX,NIFTY,29-Aug-24,24935.85,24950.0,24635.25,24657.2,24659.9,24924.15,24530.9,24657.2,3159475,389200,72298,44761894650.0,32861
FUTIDX,NIFTY,26-Sep-24,25067.95,25067.95,24775.0,24794.75,24795.0,25044.05,24530.9,24794.75,442850,42575,10467,6514203960.0,6356
FUTIDX,NIFTYNXT50,26-Jul-24,73170.2,73170.2,71422.05,71480.3,71423.0,73264.65,71353.0,71480.3,10530,1350,1383,996221664.5,1130
FUTIDX,NIFTYNXT50,30-Aug-24,73589.85,73589.85,71801.15,71911.6,71860.0,73561.35,71353.0,71911.6,2560,1080,257,186043001.5,213
FUTIDX,NIFTYNXT50,27-Sep-24,73559.05,73559.05,72250.0,72316.1,72250.0,73976.2,71353.0,72316.1,220,140,17,12353445.0,17
FUTSTK,AARTIIND,25-Jul-24,705.3,705.3,669.0,671.45,669.75,705.65,671.3,671.45,9622000,-1426000,5151,3519853050.0,3571
FUTSTK,AARTIIND,29-Aug-24,708.85,708.85,673.0,675.5,673.0,709.35,671.3,675.5,2749000,1847000,3190,2192668950.0,1940
FUTSTK,AARTIIND,26-Sep-24,710.0,710.0,678.0,680.25,678.5,714.0,671.3,680.25,148000,52000,140,97096250.0,129
FUTSTK,ABB,25-Jul-24,7905.0,7925.0,7604.1,7625.65,7605.5,7901.35,7620.45,7625.65,1428625,-44375,5106,4917544206.25,4516
FUTSTK,ABB,29-Aug-24,7981.9,7998.75,7663.25,7676.5,7665.0,7950.4,7620.45,7676.5,247500,61875,1864,1804558243.75,1703
FUTSTK,ABB,26-Sep-24,8007.25,8007.5,7720.3,7732.65,7720.3,8012.65,7620.45,7732.65,13000,1500,43,42013862.5,39
FUTSTK,ABBOTINDIA,25-Jul-24,28299.95,28394.55,27257.5,27387.8,27303.95,28395.6,27404.25,27387.8,138180,-14000,1859,1033919279.0,1754
FUTSTK,ABBOTINDIA,29-Aug-24,28451.45,28603.5,27462.65,27593.75,27532.55,28599.7,27404.25,27593.75,16100,8020,830,463946523.0,767
FUTSTK,ABBOTINDIA,26-Sep-24,28500.0,28500.0,27765.65,27802.9,27765.65,28723.65,27404.25,27802.9,580,40,7,3916362.0,7
FUTSTK,ABCAPITAL,25-Jul-24,223.0,223.57,215.01,215.67,215.64,223.58,215.62,215.67,61565400,-1620000,2730,3215199366.0,2525
FUTSTK,ABCAPITAL,29-Aug-24,224.97,224.98,216.55,217.18,217.36,224.81,215.62,217.18,11340000,2845800,1380,1638452610.0,1239
FUTSTK,ABCAPITAL,26-Sep-24,225.87,225.87,218.6,218.9,219.06,226.88,215.62,218.9,545400,135000,37,44201808.0,37
FUTSTK,ABFRL,25-Jul-24,322.45,323.45,313.5,316.8,316.75,324.35,315.6,316.8,32065800,-1245400,7441,6144286070.0,6052
FUTSTK,ABFRL,29-Aug-24,321.9,322.05,313.0,316.8,317.45,323.75,315.6,316.8,11408800,3294200,3027,2497261780.0,2188
FUTSTK,ABFRL,26-Sep-24,318.0,318.0,312.9,315.0,316.15,320.25,315.6,315.0,278200,10400,24,19702800.0,23
FUTSTK,ACC,25-Jul-24,2682.7,2686.9,2596.0,2617.75,2610.0,2694.45,2619.85,2617.75,4093500,-318000,5053,3985733985.0,4195
FUTSTK,ACC,29-Aug-24,2700.05,2705.0,2614.0,2636.2,2627.55,2712.05,2619.85,2636.2,621300,306900,1815,1440024570.0,1264
FUTSTK,ACC,26-Sep-24,2681.3,2686.5,2638.7,2654.0,2654.0,2728.0,2619.85,2654.0,20700,3600,24,19122345.0,23
FUTSTK,ADANIENT,25-Jul-24,3100.1,3100.1,2997.3,3003.4,3004.55,3097.75,3005.7,3003.4,15064800,-1119300,11433,10421742225.0,8339
FUTSTK,ADANIENT,29-Aug-24,3113.95,3122.1,3020.0,3024.8,3025.0,3119.0,3005.7,3024.8,2564700,901800,5709,5238070125.0,3913
FUTSTK,ADANIENT,26-Sep-24,3138.0,3138.0,3046.5,3049.45,3052.7,3143.45,3005.7,3049.45,100200,39000,170,157571625.0,150
FUTSTK,ADANIPORTS,25-Jul-24,1495.2,1503.7,1464.15,1467.05,1466.3,1496.85,1469.3,1467.05,24014800,-2057200,13465,7970718360.0,8789
FUTSTK,ADANIPORTS,29-Aug-24,1503.85,1513.4,1475.0,1477.45,1477.0,1506.95,1469.3,1477.45,3881200,1790000,6492,3873382660.0,2970
FUTSTK,ADANIPORTS,26-Sep-24,1509.05,1524.7,1487.5,1488.65,1487.5,1516.6,1469.3,1488.65,118400,19200,102,61284760.0,93
FUTSTK,ALKEM,25-Jul-24,5276.6,5276.6,5124.05,5140.4,5145.0,5274.4,5133.65,5140.4,1317700,-182200,3866,2001506680.0,3348
FUTSTK,ALKEM,29-Aug-24,5277.65,5280.6,5155.6,5172.1,5179.7,5304.1,5133.65,5172.1,249700,203700,2507,1305613595.0,2056
FUTSTK,ALKEM,26-Sep-24,5215.95,5230.0,5156.5,5156.5,5156.5,5331.1,5133.65,5156.5,1300,200,3,1560245.0,3
FUTSTK,AMBUJACEM,25-Jul-24,691.45,691.45,671.65,677.25,677.75,691.7,677.9,677.25,30195900,-424800,8967,5484129975.0,7396
FUTSTK,AMBUJACEM,29-Aug-24,693.4,694.2,676.3,682.0,682.25,696.2,677.9,682.0,2852100,1270800,2625,1614827385.0,2287
FUTSTK,AMBUJACEM,26-Sep-24,693.4,698.7,681.3,686.15,686.5,699.95,677.9,686.15,87300,11700,54,33432525.0,48
FUTSTK,APOLLOHOSP,25-Jul-24,6448.8,6529.35,6366.0,6381.8,6371.35,6518.45,6381.95,6381.8,1415750,-156750,3104,2489728000.0,2826
FUTSTK,APOLLOHOSP,29-Aug-24,6528.55,6532.9,6402.2,6415.35,6405.05,6552.95,6381.95,6415.35,117250,49375,731,589044956.25,656
FUTSTK,APOLLOHOSP,26-Sep-24,6516.0,6516.0,6450.0,6458.1,6460.1,6594.7,6381.95,6458.1,5125,625,11,8911043.75,9
FUTSTK,APOLLOTYRE,25-Jul-24,537.0,537.0,501.8,523.25,521.05,550.95,525.6,523.25,10793300,-3632900,13478,11911696680.0,11646
FUTSTK,APOLLOTYRE,29-Aug-24,550.0,550.0,504.4,522.65,520.95,554.15,525.6,522.65,2021300,812600,3462,3070568900.0,2995
FUTSTK,APOLLOTYRE,26-Sep-24,546.4,549.25,512.25,523.55,522.0,554.75,525.6,523.55,129200,45900,118,105562860.0,111
FUTSTK,ASHOKLEY,25-Jul-24,228.55,228.55,222.81,223.77,223.5,228.47,223.95,223.77,73560000,-5115000,5627,6355273600.0,5081
FUTSTK,ASHOKLEY,29-Aug-24,229.73,229.73,224.42,225.43,225.2,229.99,223.95,225.43,11205000,3470000,1760,2002574750.0,1615
FUTSTK,ASHOKLEY,26-Sep-24,230.0,231.0,226.41,227.16,226.74,232.5,223.95,227.16,1010000,35000,51,58330650.0,50
FUTSTK,ASIANPAINT,25-Jul-24,2931.0,2984.95,2924.2,2948.5,2950.4,2936.1,2946.05,2948.5,13423600,-532600,20223,11959870180.0,17029
FUTSTK,ASIANPAINT,29-Aug-24,2949.6,2998.4,2938.0,2963.15,2964.25,2950.75,2946.05,2963.15,2853800,352600,6846,4068691080.0,5862
FUTSTK,ASIANPAINT,26-Sep-24,2965.0,3012.0,2957.0,2978.85,2980.0,2967.65,2946.05,2978.85,129600,-2800,288,172115220.0,247
FUTSTK,ASTRAL,25-Jul-24,2248.65,2264.0,2225.05,2250.4,2250.0,2255.1,2272.1,2250.4,2975636,-3670,5094,4196800112.55,4463
FUTSTK,ASTRAL,29-Aug-24,2240.4,2261.95,2227.8,2248.15,2251.3,2258.1,2272.1,2248.15,445905,215796,1739,1433382761.7,1374
FUTSTK,ASTRAL,26-Sep-24,2246.95,2260.8,2234.95,2255.45,2255.0,2264.6,2272.1,2255.45,15047,3670,24,19748710.4,18
FUTSTK,ATUL,25-Jul-24,7150.0,7170.0,6863.0,6967.95,6890.0,7148.95,6948.1,6967.95,1023500,-26100,18231,12793003915.0,14213
FUTSTK,ATUL,29-Aug-24,7185.2,7198.6,6918.8,7020.55,6940.0,7186.15,6948.1,7020.55,291500,217200,4748,3349258635.0,3720
FUTSTK,ATUL,26-Sep-24,7195.0,7206.65,6975.3,7065.1,7042.65,7195.0,6948.1,7065.1,6900,1800,35,24869670.0,32
FUTSTK,AUBANK,25-Jul-24,635.55,638.1,627.0,634.5,635.0,635.7,633.65,634.5,22088000,-829000,6104,3864337950.0,5495
FUTSTK,AUBANK,29-Aug-24,625.0,625.0,615.0,621.25,622.0,623.6,633.65,621.25,5811000,1238000,2714,1684307850.0,2364
FUTSTK,AUBANK,26-Sep-24,619.0,619.9,611.0,618.55,619.65,617.95,633.65,618.55,492000,27000,88,54209250.0,73
FUTSTK,AUROPHARMA,25-Jul-24,1337.8,1353.5,1326.55,1331.1,1332.0,1339.1,1330.8,1331.1,13300650,-525250,5228,3850168850.0,4487
FUTSTK,AUROPHARMA,29-Aug-24,1328.0,1360.5,1328.0,1340.05,1338.65,1346.05,1330.8,1340.05,995500,364100,1907,1412642275.0,1696
FUTSTK,AUROPHARMA,26-Sep-24,1344.85,1360.65,1344.8,1346.5,1346.5,1352.9,1330.8,1346.5,35750,3850,38,28299150.0,30
FUTSTK,AXISBANK,25-Jul-24,1305.4,1307.8,1290.8,1294.3,1296.35,1311.45,1292.3,1294.3,42621250,-2128125,21389,17372548843.75,18104
FUTSTK,AXISBANK,29-Aug-24,1315.15,1316.0,1299.35,1302.7,1304.1,1320.45,1292.3,1302.7,4913125,1326250,5308,4338934093.75,4676
FUTSTK,AXISBANK,26-Sep-24,1317.9,1322.25,1308.0,1310.55,1311.85,1328.85,1292.3,1310.55,118125,-1250,68,55881906.25,59
FUTSTK,BAJAJ-AUTO,25-Jul-24,9635.05,9677.3,9332.2,9372.4,9333.2,9630.1,9386.05,9372.4,2108025,-111975,11403,8128839667.5,9572
FUTSTK,BAJAJ-AUTO,29-Aug-24,9689.25,9732.15,9400.0,9441.7,9400.0,9691.9,9386.05,9441.7,229800,79650,2578,1848694117.5,2021
FUTSTK,BAJAJ-AUTO,26-Sep-24,9780.0,9780.0,9486.95,9506.05,9486.95,9754.3,9386.05,9506.05,13725,1275,69,49711871.25,66
FUTSTK,BAJAJFINSV,25-Jul-24,1656.75,1658.75,1635.95,1639.4,1639.4,1651.45,1640.2,1639.4,11879000,-798000,7088,5832055925.0,6232
FUTSTK,BAJAJFINSV,29-Aug-24,1665.0,1669.65,1647.45,1650.45,1650.0,1662.8,1640.2,1650.45,983500,213500,1466,1214796100.0,1335
FUTSTK,BAJAJFINSV,26-Sep-24,1670.0,1679.0,1662.0,1662.55,1663.05,1672.85,1640.2,1662.55,60000,5000,63,52539725.0,55
FUTSTK,BAJFINANCE,25-Jul-24,7129.65,7129.65,6918.1,6933.7,6920.0,7128.05,6932.4,6933.7,8643875,-299000,15337,13419823881.25,12966
FUTSTK,BAJFINANCE,29-Aug-24,7157.95,7169.9,6963.45,6980.4,6970.0,7175.75,6932.4,6980.4,1375250,594375,7725,6806252262.5,6826
FUTSTK,BAJFINANCE,26-Sep-24,7224.4,7224.4,7020.0,7029.45,7023.2,7224.4,6932.4,7029.45,74875,18375,232,205492243.75,226
FUTSTK,BALKRISIND,25-Jul-24,3135.1,3170.9,3092.6,3137.75,3135.55,3169.05,3139.65,3137.75,2022900,-110700,2124,1995290610.0,1885
FUTSTK,BALKRISIND,29-Aug-24,3170.1,3185.85,3111.0,3157.85,3153.3,3184.85,3139.65,3157.85,180600,99600,628,593547885.0,535
FUTSTK,BALKRISIND,26-Sep-24,3163.95,3185.45,3130.0,3185.45,3185.45,3200.9,3139.65,3183.3,3300,900,9,8525640.0,9
FUTSTK,BALRAMCHIN,25-Jul-24,446.0,446.5,437.0,440.45,441.85,449.3,441.55,440.45,7275200,-550400,344,242905040.0,316
FUTSTK,BALRAMCHIN,29-Aug-24,449.05,449.5,442.0,443.15,444.1,452.0,441.55,443.15,2352000,-51200,32,22791360.0,31
FUTSTK,BALRAMCHIN,26-Sep-24,0.0,0.0,0.0,454.15,454.15,454.15,441.55,447.7,86400,0,0,0.0,0
FUTSTK,BANDHANBNK,25-Jul-24,195.5,196.49,188.2,191.88,190.5,196.16,192.46,191.88,74051600,-4572400,1714,923378288.0,1454
FUTSTK,BANDHANBNK,29-Aug-24,194.52,195.68,190.1,191.26,191.0,196.52,192.46,191.26,33208000,-551600,198,106587432.0,173
FUTSTK,BANDHANBNK,26-Sep-24,194.51,195.5,191.0,192.01,191.29,197.9,192.46,192.01,1288000,-53200,19,10251724.0,17
FUTSTK,BANKBARODA,25-Jul-24,255.95,257.55,248.55,250.35,248.85,256.4,250.6,250.35,149526000,-5996250,11617,8588214911.25,10074
FUTSTK,BANKBARODA,29-Aug-24,258.3,259.2,250.4,252.1,250.4,258.0,250.6,252.1,20524725,5814900,5022,3738642716.25,4428
FUTSTK,BANKBARODA,26-Sep-24,258.85,260.55,253.0,253.95,253.0,260.4,250.6,253.95,1409850,172575,111,83240966.25,106
FUTSTK,BATAINDIA,25-Jul-24,1532.05,1540.85,1517.95,1522.15,1521.0,1534.55,1523.75,1522.15,3137625,-238125,2808,1607608181.25,2476
FUTSTK,BATAINDIA,29-Aug-24,1530.65,1539.0,1516.1,1520.25,1517.0,1532.95,1523.75,1520.25,700875,116625,1208,690596062.5,998
FUTSTK,BATAINDIA,26-Sep-24,1538.05,1547.7,1525.35,1532.0,1532.0,1542.15,1523.75,1532.0,43125,375,27,15542493.75,25
FUTSTK,BEL,25-Jul-24,310.8,317.35,305.7,306.5,306.2,314.35,306.3,306.5,107128650,-7358700,21345,18846847650.0,18513
FUTSTK,BEL,29-Aug-24,312.2,318.7,307.1,307.95,307.7,315.85,306.3,307.95,44083800,8473050,9004,7985848770.0,8128
FUTSTK,BEL,26-Sep-24,314.55,320.6,309.5,310.3,310.3,318.25,306.3,310.3,3465600,330600,440,392503710.0,423
FUTSTK,BERGEPAINT,25-Jul-24,520.1,529.95,520.05,523.3,522.25,521.55,523.75,523.3,17924280,-502920,3744,2599143888.0,3471
FUTSTK,BERGEPAINT,29-Aug-24,518.5,526.0,518.0,519.7,518.15,518.4,523.75,519.7,2760120,551760,1621,1117734420.0,1470
FUTSTK,BERGEPAINT,26-Sep-24,519.5,522.5,517.4,517.7,517.7,516.25,523.75,517.7,232320,17160,41,28139562.0,40
FUTSTK,BHARATFORG,25-Jul-24,1617.45,1633.45,1576.35,1579.5,1579.9,1626.6,1579.4,1579.5,7480500,-452500,4460,3572434225.0,3979
FUTSTK,BHARATFORG,29-Aug-24,1634.75,1644.0,1587.05,1590.4,1592.5,1636.65,1579.4,1590.4,955000,345500,1353,1088475950.0,1198
FUTSTK,BHARATFORG,26-Sep-24,1646.75,1650.0,1598.05,1600.3,1599.3,1646.75,1579.4,1600.3,45000,6000,67,54350375.0,58
FUTSTK,BHARTIARTL,25-Jul-24,1477.55,1478.0,1455.0,1463.0,1465.0,1483.6,1461.75,1463.0,37262800,-2549800,16555,11510710363.75,13370
FUTSTK,BHARTIARTL,29-Aug-24,1475.9,1480.25,1456.9,1465.2,1468.0,1485.75,1461.75,1465.2,5413100,1717125,5904,4107467713.75,4332
FUTSTK,BHARTIARTL,26-Sep-24,1481.0,1489.5,1467.0,1474.15,1478.0,1494.4,1461.75,1474.15,88825,-950,59,41396986.25,56
FUTSTK,BHEL,25-Jul-24,307.3,308.35,292.65,293.8,293.15,309.2,294.1,293.8,67738125,-3990000,17688,13837261200.0,15348
FUTSTK,BHEL,29-Aug-24,308.75,310.1,294.6,295.8,295.3,311.3,294.1,295.8,16227750,4328625,6064,4778486606.25,5350
FUTSTK,BHEL,26-Sep-24,310.0,311.5,296.75,297.75,297.75,313.45,294.1,297.75,1808625,333375,359,284503800.0,353
FUTSTK,BIOCON,25-Jul-24,344.5,344.5,334.05,335.2,335.2,344.25,335.2,335.2,40707500,-1785000,4590,3889356000.0,3556
FUTSTK,BIOCON,29-Aug-24,344.65,346.4,336.9,337.7,337.65,346.35,335.2,337.7,10402500,2567500,2316,1976166875.0,1614
FUTSTK,BIOCON,26-Sep-24,346.6,348.8,339.4,339.7,339.6,349.25,335.2,339.7,627500,75000,99,85000375.0,90
FUTSTK,BOSCHLTD,25-Jul-24,34986.4,34996.75,33850.05,33973.15,33918.4,34943.3,34073.65,33973.15,276025,-6050,2178,1861152435.0,1869
FUTSTK,BOSCHLTD,29-Aug-24,34585.0,34585.0,33443.9,33536.5,33511.0,34549.45,34073.65,33536.5,44175,9475,1024,864431296.25,881
FUTSTK,BOSCHLTD,26-Sep-24,34050.0,34050.0,33301.0,33336.85,33750.15,34678.35,34073.65,33336.85,2325,450,43,36302663.75,33
FUTSTK,BPCL,25-Jul-24,317.25,319.0,302.35,304.05,305.1,318.15,303.8,304.05,57762000,-5808600,16318,9006988770.0,14003
FUTSTK,BPCL,29-Aug-24,318.6,319.7,304.5,306.05,307.3,320.15,303.8,306.05,15418800,4348800,6079,3387742920.0,5020
FUTSTK,BPCL,26-Sep-24,321.15,321.15,303.0,308.35,309.75,322.2,303.8,308.35,496800,135000,278,156150720.0,240
FUTSTK,BRITANNIA,25-Jul-24,5897.55,5973.9,5852.05,5877.65,5880.8,5890.95,5878.05,5877.65,2321800,-132200,3722,4399131670.0,3378
FUTSTK,BRITANNIA,29-Aug-24,5866.1,5935.0,5820.55,5844.5,5839.05,5852.8,5878.05,5844.5,250800,115200,1114,1307662610.0,1047
FUTSTK,BRITANNIA,26-Sep-24,5885.0,5955.0,5870.0,5888.7,5888.7,5882.25,5878.05,5888.7,14000,4400,53,62626070.0,46
FUTSTK,BSOFT,25-Jul-24,755.0,760.6,722.1,724.75,724.0,749.3,723.9,724.75,8836000,-1090000,6772,5022650600.0,6125
FUTSTK,BSOFT,29-Aug-24,763.0,764.0,726.7,729.75,729.65,753.65,723.9,729.75,1884000,467000,2308,1721454250.0,2109
FUTSTK,BSOFT,26-Sep-24,765.0,768.75,733.0,734.45,734.55,758.95,723.9,734.45,112000,44000,78,58567150.0,64
FUTSTK,CANBK,25-Jul-24,115.0,116.98,112.41,112.93,112.6,116.17,112.89,112.93,257708250,-20682000,11540,8891349682.5,10158
FUTSTK,CANBK,29-Aug-24,115.91,117.69,113.3,113.82,113.44,116.89,112.89,113.82,46905750,11974500,4842,3758348565.0,4355
FUTSTK,CANBK,26-Sep-24,116.56,117.34,114.12,114.53,114.22,117.62,112.89,114.53,2173500,357750,94,73298992.5,90
FUTSTK,CANFINHOME,25-Jul-24,876.45,882.2,843.35,848.75,850.95,878.0,849.3,848.75,5597475,-141375,3761,3140882062.5,3238
FUTSTK,CANFINHOME,29-Aug-24,882.7,885.8,849.0,853.7,854.0,883.35,849.3,853.7,723450,252525,839,705291746.25,787
FUTSTK,CANFINHOME,26-Sep-24,872.0,873.7,858.25,858.25,858.25,888.2,849.3,861.1,37050,15600,18,15248171.25,16
FUTSTK,CHAMBLFERT,25-Jul-24,514.55,518.65,487.85,490.65,491.55,513.55,490.65,490.65,8933800,-649800,3645,3468320990.0,3368
FUTSTK,CHAMBLFERT,29-Aug-24,516.6,519.4,489.65,492.45,494.0,514.3,490.65,492.45,1751800,353400,1245,1189387555.0,1135
FUTSTK,CHAMBLFERT,26-Sep-24,518.85,529.65,493.05,495.75,494.65,509.45,490.65,495.75,62700,0,16,15450325.0,16
FUTSTK,CHOLAFIN,25-Jul-24,1453.3,1456.0,1422.95,1426.2,1427.55,1450.8,1426.7,1426.2,7870000,-245000,2355,2112980250.0,2125
FUTSTK,CHOLAFIN,29-Aug-24,1462.9,1468.4,1432.0,1434.4,1436.15,1459.8,1426.7,1434.4,858750,158750,799,721697125.0,762
FUTSTK,CHOLAFIN,26-Sep-24,1467.1,1467.1,1438.0,1441.0,1438.0,1467.1,1426.7,1441.0,18125,5000,14,12712500.0,14
FUTSTK,CIPLA,25-Jul-24,1509.15,1509.15,1480.05,1484.65,1486.45,1511.3,1485.5,1484.65,9379500,-737100,3506,3395901957.5,2989
FUTSTK,CIPLA,29-Aug-24,1506.0,1506.0,1477.5,1481.45,1481.25,1507.85,1485.5,1481.45,1427400,672100,1580,1526602187.5,1280
FUTSTK,CIPLA,26-Sep-24,1508.5,1509.05,1488.0,1488.75,1490.0,1518.85,1485.5,1488.75,46150,15600,45,43747665.0,45
FUTSTK,COALINDIA,25-Jul-24,505.55,505.75,486.55,487.55,487.5,505.6,488.0,487.55,42795900,-3473400,9080,9397499580.0,7856
FUTSTK,COALINDIA,29-Aug-24,504.25,504.25,485.0,486.05,486.35,504.25,488.0,486.05,11392500,3011400,3054,3148779060.0,2694
FUTSTK,COALINDIA,26-Sep-24,502.0,503.75,488.6,489.15,489.55,507.15,488.0,489.15,354900,90300,123,127365210.0,119
FUTSTK,COFORGE,25-Jul-24,5977.55,6095.5,5905.2,5931.95,5908.1,5982.15,5983.6,5931.95,1821150,-55500,8243,7414063665.0,7049
FUTSTK,COFORGE,29-Aug-24,5978.15,6025.0,5828.5,5864.6,5834.05,5925.5,5983.6,5864.6,501450,95100,2595,2309940600.0,2402
FUTSTK,COFORGE,26-Sep-24,5948.0,5996.0,5825.15,5838.7,5825.15,5899.05,5983.6,5838.7,21450,1350,70,62065417.5,66
FUTSTK,COLPAL,25-Jul-24,3101.0,3158.85,3085.25,3120.0,3123.75,3132.85,3120.95,3120.0,3152800,-12250,2889,3155176552.5,2342
FUTSTK,COLPAL,29-Aug-24,3116.25,3171.65,3109.45,3138.5,3139.0,3148.5,3120.95,3138.5,501900,175350,904,992379132.5,675
FUTSTK,COLPAL,26-Sep-24,3160.0,3160.0,3160.0,3160.0,3160.0,3160.0,3120.95,3164.35,3500,350,1,1106000.0,1
FUTSTK,CONCOR,25-Jul-24,1043.7,1043.7,1007.55,1011.35,1008.5,1043.7,1010.95,1011.35,16680000,-1146000,5932,6073615250.0,5223
FUTSTK,CONCOR,29-Aug-24,1047.45,1047.45,1011.75,1015.45,1012.0,1047.45,1010.95,1015.45,4281000,1085000,2816,2893704250.0,2515
FUTSTK,CONCOR,26-Sep-24,1044.25,1051.0,1019.2,1020.25,1019.2,1053.35,1010.95,1020.25,226000,17000,86,88874600.0,79
FUTSTK,COROMANDEL,25-Jul-24,1591.8,1608.15,1560.4,1591.8,1591.1,1598.2,1595.4,1591.8,3596600,-144900,1709,1898263815.0,1566
FUTSTK,COROMANDEL,29-Aug-24,1570.0,1583.25,1537.0,1567.05,1568.95,1575.75,1595.4,1567.05,1377600,109900,564,617314985.0,535
FUTSTK,COROMANDEL,26-Sep-24,1550.95,1576.95,1545.9,1576.95,1576.95,1553.95,1595.4,1617.6,17500,3500,5,5457900.0,5
FUTSTK,CROMPTON,25-Jul-24,434.0,437.0,422.4,427.6,427.25,431.5,427.9,427.6,21990600,-2154600,4523,3494477430.0,4011
FUTSTK,CROMPTON,29-Aug-24,435.9,439.2,425.75,430.9,430.8,433.8,427.9,430.9,2194200,1074600,1549,1203136830.0,1283
FUTSTK,CROMPTON,26-Sep-24,435.75,436.1,430.0,432.0,432.0,437.2,427.9,433.85,77400,-1800,6,4681620.0,6
FUTSTK,CUB,25-Jul-24,156.48,158.71,154.31,155.59,155.6,159.16,155.69,155.59,20580000,-4145000,2282,1782074100.0,1883
FUTSTK,CUB,29-Aug-24,158.0,158.68,154.21,155.5,155.0,159.02,155.69,155.5,8990000,2750000,1072,836694900.0,763
FUTSTK,CUB,26-Sep-24,159.8,159.8,155.5,156.39,156.4,159.97,155.69,156.39,480000,25000,18,14135750.0,18
FUTSTK,CUMMINSIND,25-Jul-24,3801.55,3833.95,3556.55,3566.4,3560.0,3787.45,3559.45,3566.4,4571700,64500,7035,7720695570.0,6463
FUTSTK,CUMMINSIND,29-Aug-24,3818.25,3853.2,3577.0,3585.6,3581.5,3809.55,3559.45,3585.6,457500,186300,1975,2169900825.0,1814
FUTSTK,CUMMINSIND,26-Sep-24,3838.0,3838.0,3597.7,3600.95,3600.0,3800.0,3559.45,3600.95,30600,9300,75,82327605.0,67
FUTSTK,DABUR,25-Jul-24,644.6,646.75,633.3,634.2,634.25,644.15,632.9,634.2,15181250,-402500,2692,2150482875.0,2449
FUTSTK,DABUR,29-Aug-24,646.6,650.0,637.55,638.45,638.0,648.15,632.9,638.45,832500,252500,581,466921875.0,518
FUTSTK,DABUR,26-Sep-24,648.3,651.0,643.3,643.3,643.3,652.85,632.9,643.3,63750,-2500,17,13750937.5,14
FUTSTK,DALBHARAT,25-Jul-24,1945.0,1948.0,1802.0,1815.25,1807.45,1922.75,1818.7,1815.25,3458950,-804100,16213,8236708452.5,13728
FUTSTK,DALBHARAT,29-Aug-24,1938.0,1950.0,1815.15,1826.15,1820.0,1935.15,1818.7,1826.15,609400,392425,4731,2416898096.25,4082
FUTSTK,DALBHARAT,26-Sep-24,1953.0,1953.0,1831.0,1838.5,1834.0,1949.8,1818.7,1838.5,27775,10725,130,66897778.75,122
FUTSTK,DEEPAKNTR,25-Jul-24,2795.05,2852.0,2768.2,2787.8,2768.2,2831.6,2791.8,2787.8,1907700,-129000,3779,3182832180.0,3527
FUTSTK,DEEPAKNTR,29-Aug-24,2801.4,2857.9,2776.1,2790.25,2776.1,2839.75,2791.8,2790.25,223200,2400,774,653539305.0,740
FUTSTK,DEEPAKNTR,26-Sep-24,2834.45,2868.9,2800.0,2809.5,2800.0,2854.8,2791.8,2809.5,17400,900,36,30563130.0,35
FUTSTK,DIVISLAB,25-Jul-24,4599.65,4599.65,4499.95,4515.85,4514.15,4596.9,4519.8,4515.85,2471600,-95400,2926,2652810560.0,2545
FUTSTK,DIVISLAB,29-Aug-24,4598.45,4598.45,4503.0,4516.9,4513.35,4596.45,4519.8,4516.9,219600,58600,582,527955400.0,493
FUTSTK,DIVISLAB,26-Sep-24,4595.0,4595.0,4535.7,4559.75,4559.75,4626.05,4519.8,4582.65,15400,1200,21,19184490.0,21
FUTSTK,DIXON,25-Jul-24,11975.0,11975.0,11241.45,11293.6,11300.85,11989.65,11267.2,11293.6,1808200,-21600,11024,12643807345.0,9905
FUTSTK,DIXON,29-Aug-24,11984.7,11984.7,11315.1,11367.4,11379.3,12056.9,11267.2,11367.4,299700,131800,4427,5108007355.0,4090
FUTSTK,DIXON,26-Sep-24,11982.75,11982.75,11400.0,11431.5,11452.8,12126.2,11267.2,11431.5,27200,6100,186,215661415.0,168
FUTSTK,DLF,25-Jul-24,846.8,847.8,808.8,815.25,813.35,845.6,816.4,815.25,35786850,-1658250,13446,9124293213.75,11226
FUTSTK,DLF,29-Aug-24,846.95,847.4,809.4,816.0,813.95,846.45,816.4,816.0,6332700,2524500,6078,4124360872.5,5019
FUTSTK,DLF,26-Sep-24,850.0,850.0,815.15,821.1,820.8,851.8,816.4,821.1,155925,60225,119,81161808.75,109
FUTSTK,DRREDDY,25-Jul-24,6679.85,6709.5,6609.25,6621.45,6624.85,6679.75,6636.05,6621.45,2809375,-262750,5750,4784256337.5,4884
FUTSTK,DRREDDY,29-Aug-24,6658.65,6710.0,6604.0,6617.65,6613.85,6682.4,6636.05,6617.65,537250,199750,3066,2550627293.75,2648
FUTSTK,DRREDDY,26-Sep-24,6665.55,6719.6,6630.0,6631.45,6633.0,6699.0,6636.05,6631.45,20125,1625,53,44162318.75,42
FUTSTK,EICHERMOT,25-Jul-24,4900.0,4935.0,4818.35,4830.15,4835.9,4930.2,4850.7,4830.15,3315725,92575,5076,4303030821.25,4497
FUTSTK,EICHERMOT,29-Aug-24,4862.95,4873.65,4791.5,4803.15,4809.95,4903.35,4850.7,4803.15,389200,163450,1449,1220960921.25,1146
FUTSTK,EICHERMOT,26-Sep-24,4868.8,4880.0,4828.25,4828.25,4828.25,4937.5,4850.7,4828.25,10850,2975,23,19508886.25,23
FUTSTK,ESCORTS,25-Jul-24,4005.15,4028.9,3914.0,3923.35,3922.4,4005.15,3922.3,3923.35,1329075,-7975,2659,2898382107.5,2314
FUTSTK,ESCORTS,29-Aug-24,4027.5,4049.95,3938.1,3942.8,3946.2,4026.4,3922.3,3942.8,203500,51975,735,806687860.0,688
FUTSTK,ESCORTS,26-Sep-24,4022.0,4046.0,3985.0,3985.0,3985.0,4052.05,3922.3,3985.0,9350,-275,6,6631171.25,6
FUTSTK,EXIDEIND,25-Jul-24,553.4,563.95,536.75,539.15,537.4,554.2,540.5,539.15,23441400,-2232000,6734,6662351430.0,5920
FUTSTK,EXIDEIND,29-Aug-24,557.55,567.55,540.7,542.9,541.15,557.7,540.5,542.9,4624200,1575000,2514,2499861060.0,2029
FUTSTK,EXIDEIND,26-Sep-24,560.5,569.0,544.2,545.2,544.4,561.15,540.5,545.2,271800,73800,109,108783540.0,105
FUTSTK,FEDERALBNK,25-Jul-24,196.12,196.88,191.21,191.93,192.3,196.59,191.47,191.93,84000000,-2335000,5807,5616108550.0,5189
FUTSTK,FEDERALBNK,29-Aug-24,196.0,196.59,191.5,192.13,192.5,196.79,191.47,192.13,10620000,4300000,2086,2019641050.0,1865
FUTSTK,FEDERALBNK,26-Sep-24,198.0,198.0,192.9,193.41,193.69,197.7,191.47,193.41,800000,265000,124,121022450.0,113
FUTSTK,GAIL,25-Jul-24,228.0,228.62,218.95,219.57,219.19,229.54,219.76,219.57,107347800,-6569700,10833,11009584878.0,9817
FUTSTK,GAIL,29-Aug-24,231.0,231.0,220.6,221.21,220.89,230.98,219.76,221.21,20665275,6450750,4237,4338423410.25,3740
FUTSTK,GAIL,26-Sep-24,230.0,232.0,222.3,222.78,222.34,232.55,219.76,222.78,1216950,205875,138,142229521.5,137
FUTSTK,GLENMARK,25-Jul-24,1411.6,1419.8,1383.8,1412.5,1407.55,1411.0,1412.95,1412.5,4692925,-280575,1937,1969419507.5,1760
FUTSTK,GLENMARK,29-Aug-24,1419.65,1427.0,1392.95,1419.65,1416.15,1418.2,1412.95,1419.65,193575,67425,438,448414167.5,406
FUTSTK,GLENMARK,26-Sep-24,1405.0,1430.0,1400.0,1430.0,1430.0,1426.95,1412.95,1432.6,27550,5075,28,28774235.0,21
FUTSTK,GMRINFRA,25-Jul-24,95.39,95.39,91.5,91.99,91.6,95.9,91.93,91.99,192926250,-9821250,910,951669562.5,810
FUTSTK,GMRINFRA,29-Aug-24,94.39,94.97,92.59,92.79,92.59,96.61,91.93,92.79,20902500,-472500,43,45307237.5,43
FUTSTK,GMRINFRA,26-Sep-24,94.75,94.75,94.75,94.75,94.75,97.29,91.93,93.21,1620000,-11250,1,1065937.5,1
FUTSTK,GNFC,25-Jul-24,681.85,684.0,658.3,663.85,659.6,681.85,664.15,663.85,5954000,-200200,364,316793815.0,311
FUTSTK,GNFC,29-Aug-24,680.05,680.05,666.6,670.1,666.6,690.0,664.15,670.1,965900,-11700,11,9643465.0,11
FUTSTK,GNFC,26-Sep-24,0.0,0.0,0.0,678.0,678.0,678.0,664.15,673.4,53300,0,0,0.0,0
FUTSTK,GODREJCP,25-Jul-24,1467.15,1474.15,1433.95,1448.8,1447.2,1463.7,1451.9,1448.8,5380500,-176500,3264,2372461525.0,3024
FUTSTK,GODREJCP,29-Aug-24,1481.5,1482.0,1442.4,1456.9,1455.55,1471.5,1451.9,1456.9,418500,114000,577,421768550.0,567
FUTSTK,GODREJCP,26-Sep-24,1466.0,1466.0,1460.05,1460.05,1460.05,1465.0,1451.9,1460.05,8000,0,3,2193050.0,3
FUTSTK,GODREJPROP,25-Jul-24,3356.75,3362.1,3246.3,3252.15,3255.8,3361.0,3245.75,3252.15,3278475,900,5079,3757693983.75,4436
FUTSTK,GODREJPROP,29-Aug-24,3379.15,3379.15,3250.05,3270.5,3272.3,3379.15,3245.75,3270.5,404775,72450,1224,908960051.25,1073
FUTSTK,GODREJPROP,26-Sep-24,3350.0,3350.0,3290.05,3291.35,3290.05,3397.15,3245.75,3291.35,23850,900,33,24573622.5,27
FUTSTK,GRANULES,25-Jul-24,518.95,519.9,500.4,502.85,502.4,519.05,503.0,502.85,9648000,-628000,1492,1521209100.0,1375
FUTSTK,GRANULES,29-Aug-24,521.1,521.15,502.65,504.9,504.2,521.0,503.0,504.9,772000,168000,384,393283000.0,374
FUTSTK,GRANULES,26-Sep-24,519.9,521.25,509.7,509.7,509.7,523.95,503.0,509.7,82000,22000,21,21725800.0,21
FUTSTK,GRASIM,25-Jul-24,2801.85,2801.85,2741.45,2748.45,2751.4,2802.0,2743.15,2748.45,8545250,-289000,5275,3643056687.5,4586
FUTSTK,GRASIM,29-Aug-24,2799.2,2799.2,2744.3,2750.8,2755.75,2803.8,2743.15,2750.8,1563750,140000,1341,927218787.5,1103
FUTSTK,GRASIM,26-Sep-24,2799.3,2800.75,2760.0,2769.55,2770.9,2826.6,2743.15,2769.55,8250,1500,27,18756387.5,22
FUTSTK,GUJGASLTD,25-Jul-24,637.35,637.35,614.35,620.1,619.15,635.95,619.2,620.1,7692500,-668750,3292,2569269875.0,3084
FUTSTK,GUJGASLTD,29-Aug-24,620.65,620.7,600.9,606.25,606.95,621.65,619.2,606.25,3107500,378750,1021,778748562.5,948
FUTSTK,GUJGASLTD,26-Sep-24,608.0,608.0,585.6,596.0,596.0,610.0,619.2,627.8,167500,12500,19,14212687.5,19
FUTSTK,HAL,25-Jul-24,5000.05,5017.75,4761.25,4795.2,4791.5,5020.15,4800.3,4795.2,10053900,-1455600,5002,7316480955.0,4604
FUTSTK,HAL,29-Aug-24,5000.05,5031.0,4783.4,4805.65,4790.0,5043.45,4800.3,4805.65,4134300,-282300,948,1393204320.0,872
FUTSTK,HAL,26-Sep-24,4993.45,5051.0,4850.0,4851.0,4850.0,5075.75,4800.3,4851.0,358800,-18900,63,94114860.0,61
FUTSTK,HAVELLS,25-Jul-24,1881.05,1887.0,1765.1,1770.25,1766.35,1868.55,1768.5,1770.25,6984000,-813000,8147,7347988850.0,7047
FUTSTK,HAVELLS,29-Aug-24,1888.7,1895.0,1777.65,1782.35,1777.65,1879.75,1768.5,1782.35,1737000,872500,3430,3106276025.0,3131
FUTSTK,HAVELLS,26-Sep-24,1885.55,1885.55,1792.0,1795.0,1792.0,1881.05,1768.5,1795.0,20500,5000,28,25594400.0,26
FUTSTK,HCLTECH,25-Jul-24,1596.55,1603.75,1576.95,1581.35,1578.55,1582.75,1594.55,1581.35,16382100,-1123150,18231,10145038610.0,15783
FUTSTK,HCLTECH,29-Aug-24,1604.75,1613.75,1588.05,1591.55,1589.9,1593.45,1594.55,1591.55,1683150,571200,4520,2531565540.0,3620
FUTSTK,HCLTECH,26-Sep-24,1615.0,1622.0,1599.75,1602.65,1603.65,1604.95,1594.55,1602.65,56000,-12950,136,76718005.0,130
FUTSTK,HDFCAMC,25-Jul-24,4197.0,4209.05,4038.5,4059.35,4042.05,4169.75,4066.1,4059.35,2660700,-110850,6125,3757887787.5,5592
FUTSTK,HDFCAMC,29-Aug-24,4217.8,4222.45,4065.0,4087.1,4069.7,4195.6,4066.1,4087.1,514650,41400,1201,740888017.5,990
FUTSTK,HDFCAMC,26-Sep-24,4160.0,4160.0,4089.7,4098.05,4089.7,4205.5,4066.1,4098.05,12900,4350,36,22286985.0,34
FUTSTK,HDFCBANK,25-Jul-24,1608.0,1628.25,1605.2,1608.7,1606.7,1620.35,1607.3,1608.7,152235050,-7950800,56049,49721610620.0,46291
FUTSTK,HDFCBANK,29-Aug-24,1626.9,1637.35,1616.0,1619.3,1617.8,1630.9,1607.3,1619.3,21451100,6295300,20411,18221180917.5,15819
FUTSTK,HDFCBANK,26-Sep-24,1640.0,1645.5,1625.1,1627.55,1626.0,1639.95,1607.3,1627.55,2193400,133650,595,534429940.0,556
FUTSTK,HDFCLIFE,25-Jul-24,646.5,648.0,635.9,637.0,636.45,650.7,635.9,637.0,26569400,-249700,4663,3283903205.0,4209
FUTSTK,HDFCLIFE,29-Aug-24,653.0,654.9,640.35,641.4,641.35,654.9,635.9,641.4,2898500,831600,1894,1342544830.0,1743
FUTSTK,HDFCLIFE,26-Sep-24,654.0,654.25,645.35,645.75,645.35,659.1,635.9,645.75,173800,36300,65,46355320.0,51
FUTSTK,HEROMOTOCO,25-Jul-24,5535.2,5535.2,5376.25,5427.75,5421.95,5520.2,5427.65,5427.75,3738300,-171150,5703,4646237235.0,4776
FUTSTK,HEROMOTOCO,29-Aug-24,5525.05,5531.65,5375.0,5424.9,5417.2,5515.5,5427.65,5424.9,513450,120000,1801,1465867252.5,1548
FUTSTK,HEROMOTOCO,26-Sep-24,5493.0,5516.75,5416.0,5469.0,5469.0,5560.75,5427.65,5469.0,31350,600,39,31961415.0,38
FUTSTK,HINDALCO,25-Jul-24,690.05,690.05,658.65,662.3,661.8,691.65,663.0,662.3,38015600,-2205000,13312,12458492900.0,10989
FUTSTK,HINDALCO,29-Aug-24,686.0,686.65,660.1,663.3,662.0,692.75,663.0,663.3,4557000,2305800,3720,3487769390.0,3106
FUTSTK,HINDALCO,26-Sep-24,690.25,691.25,665.0,667.85,666.7,697.1,663.0,667.85,145600,60200,72,67831540.0,71
FUTSTK,HINDCOPPER,25-Jul-24,315.0,317.55,307.0,307.6,308.0,321.1,307.8,307.6,31524400,-1770200,669,549473657.5,596
FUTSTK,HINDCOPPER,29-Aug-24,317.0,319.8,307.3,309.1,309.2,323.05,307.8,309.1,5779650,-164300,62,51347327.5,62
FUTSTK,HINDCOPPER,26-Sep-24,321.05,321.05,311.15,314.8,314.8,325.05,307.8,312.1,392200,-15900,6,5007042.5,6
FUTSTK,HINDPETRO,25-Jul-24,358.4,359.2,341.0,342.15,342.4,358.7,341.65,342.15,44292825,-2399625,8035,5671437851.25,6772
FUTSTK,HINDPETRO,29-Aug-24,359.9,360.7,343.2,344.4,344.85,361.05,341.65,344.4,8468550,3100275,3112,2204665188.75,2531
FUTSTK,HINDPETRO,26-Sep-24,358.0,362.0,345.9,346.5,346.6,363.4,341.65,346.5,267300,36450,70,50093640.0,61
FUTSTK,HINDUNILVR,25-Jul-24,2735.0,2746.45,2717.3,2724.75,2729.25,2739.45,2726.95,2724.75,15987600,-1026000,10981,8992747875.0,9068
FUTSTK,HINDUNILVR,29-Aug-24,2762.2,2764.3,2738.45,2744.1,2748.6,2758.3,2726.95,2744.1,1512600,683100,3559,2934065280.0,2791
FUTSTK,HINDUNILVR,26-Sep-24,2775.55,2779.75,2757.85,2762.15,2771.3,2775.05,2726.95,2762.15,42000,6600,63,52322535.0,53
FUTSTK,ICICIBANK,25-Jul-24,1247.4,1250.8,1242.1,1249.1,1248.2,1251.8,1248.6,1249.1,55638800,-4883900,29842,26052249825.0,25616
FUTSTK,ICICIBANK,29-Aug-24,1244.85,1247.7,1239.75,1245.9,1244.8,1249.2,1248.6,1245.9,34826400,2555700,8207,7147979790.0,6090
FUTSTK,ICICIBANK,26-Sep-24,1252.1,1254.5,1248.0,1253.55,1254.5,1256.55,1248.6,1253.55,119000,10500,90,78847860.0,86
FUTSTK,ICICIGI,25-Jul-24,1899.0,1915.25,1871.75,1884.05,1888.85,1916.85,1881.4,1884.05,4498000,-105500,3227,3052258575.0,2837
FUTSTK,ICICIGI,29-Aug-24,1919.6,1926.7,1885.0,1896.85,1900.8,1929.7,1881.4,1896.85,415500,153000,786,747732475.0,721
FUTSTK,ICICIGI,26-Sep-24,1920.55,1920.55,1907.0,1907.0,1907.0,1901.7,1881.4,1907.0,2500,500,3,2869025.0,3
FUTSTK,ICICIPRULI,25-Jul-24,650.5,652.9,638.8,643.95,643.5,656.4,643.4,643.95,10462500,-448500,2355,2279186700.0,2086
FUTSTK,ICICIPRULI,29-Aug-24,653.0,655.3,643.6,647.8,646.5,659.55,643.4,647.8,1431000,412500,627,610193625.0,523
FUTSTK,ICICIPRULI,26-Sep-24,652.0,652.0,650.75,650.75,650.75,655.0,643.4,650.75,28500,0,3,2932125.0,3
FUTSTK,IDEA,25-Jul-24,16.35,16.44,15.84,15.88,15.85,16.3,15.87,15.88,2653720000,-382120000,20497,13155806400.0,11104
FUTSTK,IDEA,29-Aug-24,16.55,16.55,15.97,16.01,16.0,16.43,15.87,16.01,1832760000,350280000,11732,7586949600.0,4972
FUTSTK,IDEA,26-Sep-24,16.59,16.59,16.11,16.12,16.13,16.54,15.87,16.12,59720000,2000000,135,87858000.0,130
FUTSTK,IDFC,25-Jul-24,115.6,115.84,113.14,113.41,113.25,115.79,113.44,113.41,92030000,-5755000,3315,1888594850.0,2267
FUTSTK,IDFC,29-Aug-24,116.72,116.72,114.0,114.23,114.05,116.65,113.44,114.23,25010000,7285000,2036,1168955550.0,1103
FUTSTK,IDFC,26-Sep-24,116.24,116.5,114.8,115.07,114.8,117.6,113.44,115.07,1860000,120000,31,17891500.0,30
FUTSTK,IDFCFIRSTB,25-Jul-24,77.7,77.7,75.82,75.98,75.96,77.75,76.02,75.98,377595000,-10110000,12628,7242753300.0,10400
FUTSTK,IDFCFIRSTB,29-Aug-24,78.0,78.0,76.15,76.3,76.24,78.02,76.02,76.3,88140000,20302500,5834,3358211775.0,4278
FUTSTK,IDFCFIRSTB,26-Sep-24,78.06,78.06,76.44,76.54,76.46,78.23,76.02,76.54,11715000,2437500,570,329100450.0,500
FUTSTK,IEX,25-Jul-24,173.63,173.81,168.4,169.01,168.84,173.8,169.06,169.01,59032500,-5175000,4647,2975903175.0,3878
FUTSTK,IEX,29-Aug-24,174.5,174.81,169.61,170.21,170.13,175.0,169.06,170.21,15386250,1631250,2099,1353006862.5,1547
FUTSTK,IEX,26-Sep-24,174.5,175.5,171.0,171.73,171.0,176.34,169.06,171.73,993750,112500,101,65443500.0,92
FUTSTK,IGL,25-Jul-24,535.2,537.75,524.0,528.45,528.5,533.8,528.85,528.45,9835375,-668250,2831,2060106400.0,2465
FUTSTK,IGL,29-Aug-24,536.5,537.4,526.55,530.9,530.2,535.8,528.85,530.9,1430000,288750,877,640792556.25,753
FUTSTK,IGL,26-Sep-24,530.15,535.0,528.0,532.0,532.0,536.5,528.85,532.0,178750,6875,21,15303543.75,20
FUTSTK,INDHOTEL,25-Jul-24,584.8,584.8,572.35,578.15,576.65,584.05,577.9,578.15,19574000,-1177000,8597,4966514650.0,7311
FUTSTK,INDHOTEL,29-Aug-24,582.1,586.7,575.9,582.2,580.2,587.95,577.9,582.2,3099000,854000,2153,1251022600.0,1792
FUTSTK,INDHOTEL,26-Sep-24,587.7,589.5,581.9,585.4,585.0,592.05,577.9,585.4,158000,15000,50,29250950.0,50
FUTSTK,INDIACEM,25-Jul-24,345.05,354.0,338.65,348.4,345.5,346.05,347.0,348.4,13180500,-1693600,589,586572705.0,545
FUTSTK,INDIACEM,29-Aug-24,341.1,356.85,341.1,349.65,350.0,348.55,347.0,349.65,15799200,-388600,135,136014060.0,125
FUTSTK,INDIAMART,25-Jul-24,2930.5,2947.95,2785.0,2802.35,2813.85,2928.35,2798.3,2802.35,1529400,-137100,4088,3496950315.0,3548
FUTSTK,INDIAMART,29-Aug-24,2916.05,2933.0,2780.75,2796.85,2800.0,2912.9,2798.3,2796.85,287400,117000,1340,1143691905.0,1182
FUTSTK,INDIAMART,26-Sep-24,2920.0,2927.85,2793.9,2798.05,2793.9,2906.0,2798.3,2798.05,21600,1200,30,25699395.0,28
FUTSTK,INDIGO,25-Jul-24,4441.0,4441.0,4254.45,4284.85,4280.0,4417.8,4281.35,4284.85,6966300,-312600,7353,9512352810.0,6337
FUTSTK,INDIGO,29-Aug-24,4433.9,4433.9,4287.0,4314.05,4309.4,4446.25,4281.35,4314.05,815400,329700,2810,3659193690.0,2438
FUTSTK,INDIGO,26-Sep-24,4428.0,4435.75,4320.55,4338.45,4338.45,4480.65,4281.35,4338.45,35400,8700,50,65546220.0,49
FUTSTK,INDUSINDBK,25-Jul-24,1454.35,1454.35,1430.4,1433.0,1431.0,1457.5,1432.45,1433.0,25131500,-1270500,11946,8591094725.0,10073
FUTSTK,INDUSINDBK,29-Aug-24,1458.95,1461.7,1440.0,1442.95,1441.5,1467.65,1432.45,1442.95,4286000,1292000,4326,3130822900.0,3431
FUTSTK,INDUSINDBK,26-Sep-24,1469.6,1469.65,1452.2,1453.5,1452.5,1477.5,1432.45,1453.5,179000,18500,108,78690750.0,93
FUTSTK,INDUSTOWER,25-Jul-24,419.25,424.35,405.55,409.75,410.0,419.25,409.5,409.75,34666400,-5052400,6769,9496792280.0,5711
FUTSTK,INDUSTOWER,29-Aug-24,424.3,427.75,408.35,412.8,413.0,422.3,409.5,412.8,53743800,4964000,4698,6625975930.0,3911
FUTSTK,INDUSTOWER,26-Sep-24,425.95,429.3,412.1,416.0,415.55,426.05,409.5,416.0,1465400,221000,106,151207520.0,89
FUTSTK,INFY,25-Jul-24,1819.8,1836.5,1789.1,1795.65,1793.85,1762.15,1792.95,1795.65,41716800,-9940000,117955,85528281840.0,91756
FUTSTK,INFY,29-Aug-24,1843.85,1848.95,1801.55,1807.4,1805.25,1773.15,1792.95,1807.4,10626000,5700000,32225,23500234200.0,26101
FUTSTK,INFY,26-Sep-24,1854.55,1861.8,1815.0,1818.4,1816.45,1783.7,1792.95,1818.4,225600,82000,784,575154500.0,710
FUTSTK,IOC,25-Jul-24,169.9,170.34,165.2,165.63,165.34,170.01,165.49,165.63,130723125,-11885250,9887,8051678310.0,7990
FUTSTK,IOC,29-Aug-24,170.9,171.58,166.4,166.79,166.4,171.21,165.49,166.79,32803875,8467875,4442,3642147941.25,4009
FUTSTK,IOC,26-Sep-24,171.9,172.55,167.79,167.97,167.79,172.55,165.49,167.97,1662375,546000,189,156162922.5,171
FUTSTK,IPCALAB,25-Jul-24,1217.05,1221.75,1190.25,1194.85,1197.05,1223.35,1193.8,1194.85,2196350,-222300,1396,1091747670.0,1273
FUTSTK,IPCALAB,29-Aug-24,1212.45,1219.3,1187.2,1191.55,1195.1,1221.9,1193.8,1191.55,375700,153400,705,550126980.0,633
FUTSTK,IPCALAB,26-Sep-24,1208.0,1208.0,1195.0,1194.8,1195.0,1224.6,1193.8,1194.8,23400,3900,13,10177927.5,9
FUTSTK,IRCTC,25-Jul-24,1015.1,1016.3,984.15,988.1,985.95,1011.1,989.1,988.1,17990000,-1358000,7653,6667778337.5,6858
FUTSTK,IRCTC,29-Aug-24,1016.7,1020.0,988.25,991.75,990.0,1015.25,989.1,991.75,4492250,1317750,3773,3302823475.0,3439
FUTSTK,IRCTC,26-Sep-24,1015.0,1022.7,995.0,997.15,995.3,1022.1,989.1,997.15,256375,37625,174,153145300.0,168
FUTSTK,ITC,25-Jul-24,470.6,479.85,469.7,475.25,474.0,471.55,474.55,475.25,124614400,-5880000,22806,17347111440.0,19145
FUTSTK,ITC,29-Aug-24,474.7,483.05,473.5,478.75,477.25,474.8,474.55,478.75,27299200,9113600,9733,7454395120.0,8297
FUTSTK,ITC,26-Sep-24,476.7,485.0,476.05,480.45,479.95,476.9,474.55,480.45,689600,30400,260,200145280.0,207
FUTSTK,JINDALSTEL,25-Jul-24,991.0,991.0,944.2,946.05,944.45,992.1,946.35,946.05,15275000,-741250,9102,5462745906.25,7457
FUTSTK,JINDALSTEL,29-Aug-24,987.75,989.85,949.25,951.1,950.0,996.9,946.35,951.1,2220625,1025000,3601,2170204718.75,2872
FUTSTK,JINDALSTEL,26-Sep-24,994.0,994.0,957.05,957.95,957.05,1003.45,946.35,957.95,58750,16875,55,33290062.5,49
FUTSTK,JKCEMENT,25-Jul-24,4398.25,4398.25,4195.85,4226.8,4218.3,4388.1,4284.35,4226.8,581375,-42250,2425,1297829343.75,2047
FUTSTK,JKCEMENT,29-Aug-24,4386.0,4386.0,4179.75,4210.2,4199.0,4401.7,4284.35,4210.2,43750,13125,532,285132468.75,496
FUTSTK,JKCEMENT,26-Sep-24,4309.0,4319.0,4225.65,4225.65,4225.65,4399.9,4284.35,4225.65,2875,375,8,4283512.5,8
FUTSTK,JSWSTEEL,25-Jul-24,926.7,926.7,888.6,890.5,889.05,931.4,889.45,890.5,16409250,-518400,13295,8117582973.75,11159
FUTSTK,JSWSTEEL,29-Aug-24,930.2,930.45,894.4,896.35,895.25,937.65,889.45,896.35,2438775,1404000,4780,2939909006.25,3883
FUTSTK,JSWSTEEL,26-Sep-24,937.25,937.25,902.2,903.8,902.2,945.1,889.45,903.8,49950,13500,77,47543557.5,71
FUTSTK,JUBLFOOD,25-Jul-24,567.35,579.5,560.3,561.45,561.9,569.5,560.15,561.45,18116250,-915000,4956,3527658187.5,4366
FUTSTK,JUBLFOOD,29-Aug-24,557.1,567.9,549.6,551.0,551.6,559.0,560.15,551.0,5623750,690000,1665,1163175625.0,1435
FUTSTK,JUBLFOOD,26-Sep-24,558.3,564.05,543.1,544.0,544.0,552.5,560.15,567.95,197500,30000,34,23419250.0,33
FUTSTK,KOTAKBANK,25-Jul-24,1815.8,1830.75,1806.05,1819.5,1816.1,1825.0,1821.6,1819.5,33939600,-943600,28187,20510468120.0,23998
FUTSTK,KOTAKBANK,29-Aug-24,1829.05,1843.45,1818.1,1831.5,1828.7,1837.0,1821.6,1831.5,4691200,962800,6008,4400331240.0,4795
FUTSTK,KOTAKBANK,26-Sep-24,1849.15,1854.9,1830.55,1842.6,1839.65,1850.35,1821.6,1842.6,145200,6000,73,53821840.0,72
FUTSTK,LALPATHLAB,25-Jul-24,2970.0,3015.05,2957.6,2986.95,2984.75,2995.45,2993.8,2986.95,877200,-174900,1987,1779852900.0,1822
FUTSTK,LALPATHLAB,29-Aug-24,2990.0,3020.0,2968.45,2984.2,2986.0,3007.7,2993.8,2984.2,123600,26100,575,516020910.0,506
FUTSTK,LALPATHLAB,26-Sep-24,3025.0,3025.0,2991.35,2992.3,2991.35,3021.65,2993.8,2992.3,5700,1500,14,12630720.0,13
FUTSTK,LAURUSLABS,25-Jul-24,457.6,458.65,439.25,440.55,440.5,458.0,440.4,440.55,16894600,-447100,3309,2512069175.0,2852
FUTSTK,LAURUSLABS,29-Aug-24,460.9,461.6,442.0,443.35,444.25,460.9,440.4,443.35,2624800,535500,1243,949598665.0,1015
FUTSTK,LAURUSLABS,26-Sep-24,459.75,459.75,445.35,445.55,446.0,464.2,440.4,445.55,192100,23800,61,46768360.0,50
FUTSTK,LICHSGFIN,25-Jul-24,795.4,798.4,769.2,771.75,771.9,797.85,771.6,771.75,23735000,-1395000,7058,5520214200.0,5568
FUTSTK,LICHSGFIN,29-Aug-24,792.85,795.0,766.25,768.35,768.3,795.9,771.6,768.35,3684000,869000,3558,2773737500.0,2527
FUTSTK,LICHSGFIN,26-Sep-24,797.95,797.95,771.25,773.2,772.0,799.8,771.6,773.2,181000,35000,96,75157250.0,92
FUTSTK,LT,25-Jul-24,3665.0,3665.0,3609.05,3617.0,3617.15,3662.5,3618.5,3617.0,13980750,-1756950,24879,13555752105.0,17436
FUTSTK,LT,29-Aug-24,3679.2,3687.5,3634.45,3640.7,3643.0,3687.5,3618.5,3640.7,2186850,1260000,11171,6125695650.0,5515
FUTSTK,LT,26-Sep-24,3695.0,3713.9,3663.0,3668.6,3672.5,3712.0,3618.5,3668.6,67800,12150,155,85706197.5,142
FUTSTK,LTF,25-Jul-24,184.44,185.39,174.6,175.7,175.0,184.66,175.93,175.7,53976814,-7433692,6227,4974872185.64,5036
FUTSTK,LTF,29-Aug-24,185.66,186.06,175.91,176.97,176.34,185.95,175.93,176.97,29797236,4805574,2456,1971732902.04,1996
FUTSTK,LTF,26-Sep-24,187.52,187.52,178.03,178.53,178.03,187.39,175.93,178.53,1387682,263258,110,89446813.7,108
FUTSTK,LTIM,25-Jul-24,5797.9,5888.9,5736.85,5772.45,5759.0,5776.25,5762.65,5772.45,3203100,-126450,11083,9642637215.0,9720
FUTSTK,LTIM,29-Aug-24,5820.0,5928.0,5775.0,5808.95,5800.0,5811.25,5762.65,5808.95,523950,162000,3537,3098298615.0,3019
FUTSTK,LTIM,26-Sep-24,5865.0,5952.0,5806.65,5838.55,5838.55,5848.85,5762.65,5838.55,15300,-600,87,76658115.0,77
FUTSTK,LTTS,25-Jul-24,4720.05,4984.7,4705.0,4888.15,4866.9,4736.8,4880.1,4888.15,1012200,-538900,28555,13855370340.0,22577
FUTSTK,LTTS,29-Aug-24,4689.65,4884.95,4689.65,4786.45,4781.95,4681.1,4880.1,4786.45,597500,131600,11861,5676561470.0,9006
FUTSTK,LTTS,26-Sep-24,4715.0,4847.85,4690.0,4749.75,4728.1,4663.95,4880.1,4749.75,45700,-1300,407,194014815.0,306
FUTSTK,LUPIN,25-Jul-24,1815.9,1825.15,1780.55,1785.4,1785.85,1823.4,1786.65,1785.4,9740575,-549950,5553,4234653590.0,4816
FUTSTK,LUPIN,29-Aug-24,1829.7,1830.0,1793.0,1797.55,1799.9,1835.4,1786.65,1797.55,1130500,198900,1379,1057670873.75,1207
FUTSTK,LUPIN,26-Sep-24,1835.0,1835.0,1804.0,1807.1,1809.0,1844.95,1786.65,1807.1,59075,850,45,34765892.5,39
FUTSTK,M&M,25-Jul-24,2810.7,2822.0,2749.25,2752.8,2752.9,2819.95,2749.4,2752.8,12829600,-488250,9330,9077111697.5,8350
FUTSTK,M&M,29-Aug-24,2837.35,2840.0,2768.0,2771.05,2774.0,2837.85,2749.4,2771.05,2106650,447300,3548,3469140657.5,3341
FUTSTK,M&M,26-Sep-24,2850.0,2854.0,2785.15,2787.5,2786.75,2855.4,2749.4,2787.5,85400,-1050,112,110635227.5,98
FUTSTK,M&MFIN,25-Jul-24,293.5,295.45,287.85,289.65,288.5,294.7,290.25,289.65,34924000,-2084000,3139,1827074400.0,2661
FUTSTK,M&MFIN,29-Aug-24,288.6,288.95,282.5,283.75,282.85,289.3,290.25,283.75,15314000,680000,1205,688345700.0,986
FUTSTK,M&MFIN,26-Sep-24,283.15,283.2,280.05,280.65,281.3,285.85,290.25,280.65,550000,24000,22,12413500.0,17
FUTSTK,MANAPPURAM,25-Jul-24,229.76,230.0,216.25,216.98,217.3,228.35,216.58,216.98,42231000,-4296000,6789,4508638110.0,5357
FUTSTK,MANAPPURAM,29-Aug-24,230.0,231.29,217.07,217.67,218.4,229.12,216.58,217.67,11673000,1602000,2479,1651602870.0,2098
FUTSTK,MANAPPURAM,26-Sep-24,229.32,229.39,219.0,219.12,219.1,230.59,216.58,219.12,219000,-24000,31,20761230.0,30
FUTSTK,MARICO,25-Jul-24,680.0,685.55,667.05,668.1,667.1,684.6,668.65,668.1,10470000,-1105200,2886,2332492920.0,2580
FUTSTK,MARICO,29-Aug-24,685.0,689.45,670.9,672.0,670.9,688.65,668.65,672.0,1476000,542400,1204,977958240.0,1068
FUTSTK,MARICO,26-Sep-24,691.8,691.8,675.1,676.0,676.0,691.9,668.65,676.0,82800,1200,15,12310560.0,15
FUTSTK,MARUTI,25-Jul-24,12707.3,12729.05,12490.0,12516.35,12537.65,12661.95,12524.0,12516.35,3032000,-239250,18301,11523274085.0,14252
FUTSTK,MARUTI,29-Aug-24,12600.9,12690.0,12450.0,12479.75,12499.95,12625.65,12524.0,12479.75,465650,163150,5128,3217697317.5,4142
FUTSTK,MARUTI,26-Sep-24,12660.0,12750.0,12550.0,12555.2,12550.0,12711.6,12524.0,12555.2,9350,50,47,29684362.5,45
FUTSTK,MCX,25-Jul-24,4042.05,4050.35,3801.1,3819.45,3817.85,4082.65,3824.15,3819.45,2190200,-182800,7628,5909082920.0,6815
FUTSTK,MCX,29-Aug-24,4134.9,4134.9,3826.8,3845.4,3841.85,4107.7,3824.15,3845.4,245000,68600,2417,1883572440.0,2200
FUTSTK,MCX,26-Sep-24,4050.0,4050.0,3850.0,3854.9,3858.65,4117.55,3824.15,3854.9,17400,2000,83,65202850.0,77
FUTSTK,METROPOLIS,25-Jul-24,2020.6,2031.05,1976.6,1983.0,1979.0,2040.45,1977.6,1983.0,1535200,23600,1629,1304100780.0,1517
FUTSTK,METROPOLIS,29-Aug-24,2034.5,2036.05,1986.0,1993.95,1986.0,2049.95,1977.6,1993.95,318000,86400,618,497986380.0,496
FUTSTK,METROPOLIS,26-Sep-24,2035.0,2035.0,1990.15,1991.45,1990.15,2046.0,1977.6,1991.45,10800,800,5,4010760.0,5
FUTSTK,MFSL,25-Jul-24,1022.9,1036.0,1006.0,1011.7,1012.55,1037.65,1013.3,1011.7,3555200,-159200,1810,1473358720.0,1537
FUTSTK,MFSL,29-Aug-24,1029.2,1041.6,1014.1,1019.0,1017.3,1043.95,1013.3,1019.0,350400,205600,501,410185160.0,428
FUTSTK,MFSL,26-Sep-24,0.0,0.0,0.0,990.0,0.0,990.0,1013.3,1027.4,0,0,0,0.0,0
FUTSTK,MGL,25-Jul-24,1720.4,1727.3,1693.4,1701.5,1701.0,1733.4,1697.95,1701.5,2360800,-66400,2695,1841879360.0,2338
FUTSTK,MGL,29-Aug-24,1707.5,1718.2,1687.05,1693.25,1694.0,1722.15,1697.95,1693.25,344400,12800,827,563024940.0,765
FUTSTK,MGL,26-Sep-24,1701.2,1710.0,1690.0,1694.55,1694.15,1709.2,1697.95,1694.55,48800,-400,35,23778100.0,32
FUTSTK,MOTHERSON,25-Jul-24,205.26,206.32,191.8,192.44,192.4,205.26,192.2,192.44,103049400,-2669600,8585,11987890062.0,7794
FUTSTK,MOTHERSON,29-Aug-24,206.75,206.76,192.41,193.16,193.0,205.77,192.2,193.16,19752200,7092900,3533,4944115459.0,3212
FUTSTK,MOTHERSON,26-Sep-24,206.45,206.45,193.5,194.04,194.0,206.45,192.2,194.04,1569100,376300,135,189337688.0,132
FUTSTK,MPHASIS,25-Jul-24,2877.3,2923.0,2832.45,2866.7,2840.25,2836.4,2873.6,2866.7,3305225,-836275,18777,14840463343.75,16977
FUTSTK,MPHASIS,29-Aug-24,2890.0,2934.9,2850.0,2881.05,2858.0,2852.05,2873.6,2881.05,749650,331375,4366,3467965105.0,3796
FUTSTK,MPHASIS,26-Sep-24,2916.15,2930.0,2875.0,2886.7,2875.0,2871.95,2873.6,2886.7,22825,1925,47,37590355.0,43
FUTSTK,MRF,25-Jul-24,131921.05,131921.05,127244.5,127756.05,127370.0,132584.35,128118.4,127756.05,59120,-3590,7492,4812784020.25,6570
FUTSTK,MRF,29-Aug-24,132367.0,132367.0,128000.0,128311.9,128001.0,133289.3,128118.4,128311.9,12165,4580,2403,1551149967.5,2045
FUTSTK,MRF,26-Sep-24,130622.0,130839.95,128830.35,129008.3,128830.35,134100.0,128118.4,129008.3,700,270,79,51237115.75,77
FUTSTK,MUTHOOTFIN,25-Jul-24,1858.2,1858.2,1812.9,1842.25,1836.45,1855.3,1841.25,1842.25,4840550,-112200,2646,2669741580.0,2337
FUTSTK,MUTHOOTFIN,29-Aug-24,1851.0,1859.0,1823.3,1853.45,1847.6,1861.3,1841.25,1853.45,507650,354750,951,964821467.5,777
FUTSTK,MUTHOOTFIN,26-Sep-24,1850.0,1853.0,1834.85,1853.0,1853.0,1864.6,1841.25,1853.0,6050,0,7,7121977.5,6
FUTSTK,NATIONALUM,25-Jul-24,191.0,191.0,183.6,185.92,185.1,192.15,186.33,185.92,53587500,-4117500,7625,5332182187.5,6445
FUTSTK,NATIONALUM,29-Aug-24,191.75,191.97,185.05,187.43,186.65,193.5,186.33,187.43,8700000,2231250,1735,1222238737.5,1438
FUTSTK,NATIONALUM,26-Sep-24,190.5,191.14,186.0,188.51,188.62,194.14,186.33,188.51,596250,82500,42,29687250.0,41
FUTSTK,NAUKRI,25-Jul-24,7020.15,7066.4,6791.25,6818.15,6792.55,6951.85,6827.35,6818.15,1028400,-23100,2748,2855097577.5,2491
FUTSTK,NAUKRI,29-Aug-24,7070.0,7098.6,6824.35,6851.1,6825.7,6983.65,6827.35,6851.1,91050,34350,847,884937630.0,800
FUTSTK,NAUKRI,26-Sep-24,7125.0,7125.0,6891.6,6891.6,6891.6,7013.3,6827.35,6922.25,4200,300,11,11576062.5,11
FUTSTK,NAVINFLUOR,25-Jul-24,3655.8,3670.6,3541.65,3554.35,3544.0,3675.45,3545.05,3554.35,1323875,-54075,3774,2372247115.0,2754
FUTSTK,NAVINFLUOR,29-Aug-24,3667.1,3680.25,3563.2,3574.95,3563.2,3691.95,3545.05,3574.95,582225,189700,1620,1021188201.25,925
FUTSTK,NAVINFLUOR,26-Sep-24,3674.0,3674.0,3580.65,3580.65,3580.65,3702.4,3545.05,3580.65,3675,175,6,3810852.5,6
FUTSTK,NESTLEIND,25-Jul-24,2635.0,2648.55,2590.3,2599.95,2604.1,2635.65,2597.95,2599.95,6601400,-214400,7163,3748375900.0,6184
FUTSTK,NESTLEIND,29-Aug-24,2653.9,2665.0,2608.0,2618.05,2622.95,2651.75,2597.95,2618.05,696600,195200,2233,1176349770.0,1919
FUTSTK,NESTLEIND,26-Sep-24,2670.0,2681.4,2630.0,2633.0,2633.0,2670.0,2597.95,2633.0,15800,3600,33,17493860.0,30
FUTSTK,NMDC,25-Jul-24,241.69,241.69,227.79,228.7,227.8,241.88,228.75,228.7,81855000,-8608500,10908,11405897640.0,9034
FUTSTK,NMDC,29-Aug-24,243.28,243.29,229.31,230.33,229.31,243.43,228.75,230.33,26311500,11772000,5183,5445716940.0,3965
FUTSTK,NMDC,26-Sep-24,242.9,242.9,229.72,230.56,229.72,243.9,228.75,230.56,1566000,297000,180,189837270.0,175
FUTSTK,NTPC,25-Jul-24,378.7,378.7,363.15,364.45,364.35,378.8,364.65,364.45,89148000,-9258000,19076,10615759800.0,12694
FUTSTK,NTPC,29-Aug-24,378.05,378.05,362.65,364.4,363.95,378.25,364.65,364.4,23071500,12177000,11127,6191575500.0,5872
FUTSTK,NTPC,26-Sep-24,377.0,380.25,365.2,366.35,366.5,380.85,364.65,366.35,576000,105000,156,87030750.0,144
FUTSTK,OBEROIRLTY,25-Jul-24,1719.0,1720.0,1643.05,1670.65,1670.0,1718.15,1671.3,1670.65,6871900,-295400,4593,5368285020.0,4011
FUTSTK,OBEROIRLTY,29-Aug-24,1732.35,1732.35,1654.0,1681.25,1680.3,1727.9,1671.3,1681.25,653100,191100,1173,1380027530.0,1026
FUTSTK,OBEROIRLTY,26-Sep-24,1725.0,1725.0,1666.0,1690.0,1690.0,1731.15,1671.3,1690.0,22400,3500,7,8301265.0,7
FUTSTK,OFSS,25-Jul-24,11127.25,11239.0,10691.45,10808.05,10801.9,10996.45,10822.05,10808.05,1726900,-170600,8217,8959170025.0,7125
FUTSTK,OFSS,29-Aug-24,11175.9,11231.0,10777.0,10880.95,10886.55,11054.8,10822.05,10880.95,149600,45000,1603,1756992825.0,1489
FUTSTK,OFSS,26-Sep-24,11166.0,11166.0,10842.45,10842.45,10842.45,11099.7,10822.05,10972.45,8900,200,60,65770755.0,51
FUTSTK,ONGC,25-Jul-24,333.0,333.15,317.85,319.5,320.25,331.9,319.65,319.5,74947950,-11205425,27186,16933834610.0,22594
FUTSTK,ONGC,29-Aug-24,333.05,333.15,317.6,319.3,320.25,331.65,319.65,319.3,20984425,4140675,7962,4953613761.25,6766
FUTSTK,ONGC,26-Sep-24,332.35,332.35,319.8,321.5,322.0,333.5,319.65,321.5,510125,19250,273,170867331.25,253
FUTSTK,PAGEIND,25-Jul-24,40440.65,40772.4,39897.9,40562.15,40565.4,40198.65,40505.1,40562.15,183405,-10980,3232,1955806924.5,2838
FUTSTK,PAGEIND,29-Aug-24,39598.85,40091.3,39274.55,39877.1,39880.0,39608.95,40505.1,39877.1,30705,6015,1172,698290780.5,1001
FUTSTK,PAGEIND,26-Sep-24,39535.1,39799.9,39177.75,39799.9,39799.9,39519.4,40505.1,39799.9,1500,135,18,10662988.5,17
FUTSTK,PEL,25-Jul-24,950.0,951.0,920.0,928.7,928.7,962.7,928.95,928.7,12451500,-502500,672,470731912.5,658
FUTSTK,PEL,29-Aug-24,950.0,950.0,928.35,932.85,934.0,967.65,928.95,932.85,1761000,-37500,51,35842725.0,49
FUTSTK,PEL,26-Sep-24,0.0,0.0,0.0,964.9,964.9,964.9,928.95,941.9,53250,0,0,0.0,0
FUTSTK,PERSISTENT,25-Jul-24,4790.0,4790.0,4531.6,4591.4,4577.15,4904.6,4583.35,4591.4,2052800,-162200,19735,18212825100.0,17255
FUTSTK,PERSISTENT,29-Aug-24,4843.2,4843.2,4563.4,4613.25,4605.0,4922.75,4583.35,4613.25,466800,250600,4966,4604339020.0,4426
FUTSTK,PERSISTENT,26-Sep-24,4874.0,4874.0,4585.0,4628.25,4625.0,4920.0,4583.35,4628.25,20800,9200,157,146092610.0,145
FUTSTK,PETRONET,25-Jul-24,346.2,346.2,338.95,342.6,342.95,348.0,342.9,342.6,23064000,-2082000,3054,3136216500.0,2813
FUTSTK,PETRONET,29-Aug-24,347.55,348.0,341.5,345.0,344.95,350.15,342.9,345.0,4524000,1506000,980,1013514600.0,873
FUTSTK,PETRONET,26-Sep-24,350.0,350.0,344.0,347.15,347.15,351.7,342.9,347.15,228000,87000,54,56181900.0,45
FUTSTK,PFC,25-Jul-24,544.2,553.0,531.8,533.4,532.95,548.35,533.7,533.4,38834900,-3621800,15607,10946938470.0,12867
FUTSTK,PFC,29-Aug-24,544.05,554.1,532.9,534.65,533.95,549.5,533.7,534.65,10259600,2247700,5741,4030353405.0,5008
FUTSTK,PFC,26-Sep-24,545.0,555.7,536.0,537.2,536.5,551.75,533.7,537.2,536900,33800,223,157342315.0,201
FUTSTK,PIDILITIND,25-Jul-24,3204.0,3224.7,3107.15,3117.7,3108.95,3178.85,3134.7,3117.7,2001000,-73500,3162,2504462062.5,2912
FUTSTK,PIDILITIND,29-Aug-24,3205.0,3244.65,3130.0,3139.3,3131.0,3199.6,3134.7,3139.3,685750,89250,876,696884237.5,810
FUTSTK,PIDILITIND,26-Sep-24,3246.7,3252.0,3156.0,3166.5,3166.5,3229.0,3134.7,3166.5,5000,1250,10,7996750.0,10
FUTSTK,PIIND,25-Jul-24,3919.95,3923.95,3822.75,3832.2,3823.05,3909.75,3835.3,3832.2,1458250,-169000,2256,2178159937.5,2062
FUTSTK,PIIND,29-Aug-24,3930.8,3935.4,3836.1,3847.55,3839.2,3926.55,3835.3,3847.55,179250,87750,757,733107750.0,628
FUTSTK,PIIND,26-Sep-24,3900.0,3900.0,3900.0,3900.0,3900.0,3956.0,3835.3,3888.6,4000,500,2,1950000.0,2
FUTSTK,PNB,25-Jul-24,118.92,119.89,116.1,116.45,116.23,119.21,116.51,116.45,226792000,-12872000,9156,8608359120.0,8053
FUTSTK,PNB,29-Aug-24,119.48,120.61,116.91,117.2,116.92,119.95,116.51,117.2,47264000,10328000,3165,2993725200.0,2691
FUTSTK,PNB,26-Sep-24,120.0,121.3,117.72,117.89,117.8,120.75,116.51,117.89,4112000,824000,172,163878320.0,166
FUTSTK,POLYCAB,25-Jul-24,6525.0,6544.45,6260.05,6336.35,6312.7,6568.75,6350.3,6336.35,3107125,-139500,17163,13697344243.75,14341
FUTSTK,POLYCAB,29-Aug-24,6612.95,6612.95,6300.0,6379.65,6354.0,6610.4,6350.3,6379.65,452250,175500,4315,3467054168.75,3840
FUTSTK,POLYCAB,26-Sep-24,6615.0,6615.0,6362.4,6426.6,6411.0,6654.0,6350.3,6426.6,26125,6250,121,97906762.5,114
FUTSTK,POWERGRID,25-Jul-24,337.6,342.6,332.0,332.85,332.45,342.15,332.2,332.85,60930000,-3859200,6553,7927039260.0,6018
FUTSTK,POWERGRID,29-Aug-24,338.6,342.05,331.45,332.3,332.15,341.65,332.2,332.3,12312000,5407200,2989,3612632940.0,2764
FUTSTK,POWERGRID,26-Sep-24,338.6,340.7,332.3,333.4,334.0,343.5,332.2,333.4,226800,39600,21,25531740.0,21
FUTSTK,PVRINOX,25-Jul-24,1404.85,1419.0,1381.7,1389.85,1387.45,1401.55,1402.55,1389.85,4518921,-266178,4409,2513815760.5,3753
FUTSTK,PVRINOX,29-Aug-24,1400.05,1412.0,1375.55,1383.75,1378.05,1395.5,1402.55,1383.75,1447699,176231,2014,1143748693.45,1694
FUTSTK,PVRINOX,26-Sep-24,1397.65,1410.0,1376.65,1387.0,1380.4,1397.65,1402.55,1387.0,173789,6105,62,35250921.2,59
FUTSTK,RAMCOCEM,25-Jul-24,785.3,785.3,767.15,776.45,775.8,785.95,777.8,776.45,9289650,-841500,3900,2571638747.5,3416
FUTSTK,RAMCOCEM,29-Aug-24,790.0,790.0,769.0,776.5,774.85,787.65,777.8,776.5,2167500,443700,1791,1182274775.0,1545
FUTSTK,RAMCOCEM,26-Sep-24,777.0,786.45,775.0,780.25,780.45,791.9,777.8,780.25,79050,6800,22,14601725.0,20
FUTSTK,RBLBANK,25-Jul-24,241.5,245.5,238.0,240.45,239.2,242.9,240.35,240.45,48932500,-2372500,957,579264625.0,687
FUTSTK,RBLBANK,29-Aug-24,242.1,245.2,239.3,241.2,239.6,244.8,240.35,241.2,12585000,-707500,283,172014250.0,106
FUTSTK,RBLBANK,26-Sep-24,248.05,248.05,242.3,243.4,242.3,252.1,240.35,243.4,492500,-17500,7,4290750.0,7
FUTSTK,RECLTD,25-Jul-24,609.6,622.0,597.3,599.05,598.5,611.95,598.4,599.05,48084000,766000,13586,16492652300.0,12166
FUTSTK,RECLTD,29-Aug-24,608.9,624.25,599.2,600.8,600.5,613.95,598.4,600.8,8910000,2754000,4872,5929013900.0,4419
FUTSTK,RECLTD,26-Sep-24,615.5,627.45,603.75,604.5,604.2,617.7,598.4,604.5,630000,60000,156,190373400.0,151
FUTSTK,RELIANCE,25-Jul-24,3156.0,3183.7,3111.85,3116.85,3123.55,3182.15,3110.15,3116.85,25720750,-826250,40072,31404441437.5,33219
FUTSTK,RELIANCE,29-Aug-24,3187.95,3187.95,3122.15,3127.0,3133.0,3192.95,3110.15,3127.0,10648000,1398000,11805,9279521225.0,10718
FUTSTK,RELIANCE,26-Sep-24,3201.0,3201.0,3146.0,3148.9,3154.35,3213.9,3110.15,3148.9,142750,34000,351,277838262.5,343
FUTSTK,SAIL,25-Jul-24,147.81,147.81,140.01,141.65,140.01,147.81,141.82,141.65,114232000,-11272000,2828,1620913560.0,2638
FUTSTK,SAIL,29-Aug-24,147.69,147.9,141.57,142.17,142.37,148.71,141.82,142.17,55916000,-1396000,351,201695160.0,309
FUTSTK,SAIL,26-Sep-24,146.45,146.95,140.0,142.15,140.0,148.97,141.82,142.15,2284000,-56000,14,8080560.0,13
FUTSTK,SBICARD,25-Jul-24,731.95,732.0,716.15,717.95,717.55,731.85,718.6,717.95,18057600,-650400,4958,2863014240.0,4146
FUTSTK,SBICARD,29-Aug-24,727.4,727.4,712.0,713.8,712.85,726.6,718.6,713.8,4488000,869600,2733,1568636480.0,2375
FUTSTK,SBICARD,26-Sep-24,723.35,724.85,710.35,712.45,711.3,725.5,718.6,712.45,887200,134400,334,191516600.0,312
FUTSTK,SBILIFE,25-Jul-24,1658.7,1658.9,1637.3,1646.45,1644.25,1658.95,1647.7,1646.45,7374750,-265125,3654,2257380975.0,3340
FUTSTK,SBILIFE,29-Aug-24,1656.2,1670.0,1647.75,1656.15,1654.8,1669.8,1647.7,1656.15,414750,221625,1084,673657931.25,946
FUTSTK,SBILIFE,26-Sep-24,1667.8,1667.8,1665.0,1665.0,1665.0,1675.45,1647.7,1665.0,11625,0,2,1249800.0,2
FUTSTK,SBIN,25-Jul-24,892.8,898.9,883.35,888.95,889.5,893.6,889.35,888.95,84299250,-4434750,42972,28697667450.0,34294
FUTSTK,SBIN,29-Aug-24,898.25,904.5,889.25,894.9,895.5,899.4,889.35,894.9,7980000,2175750,9256,6222686737.5,8321
FUTSTK,SBIN,26-Sep-24,904.7,909.5,896.0,900.3,900.9,904.7,889.35,900.3,365250,27000,406,274759275.0,375
FUTSTK,SHREECEM,25-Jul-24,27992.35,27992.35,27031.95,27189.6,27161.7,28043.1,27283.85,27189.6,215675,-9775,2318,1589975066.25,2091
FUTSTK,SHREECEM,29-Aug-24,28012.05,28012.05,27193.6,27294.8,27385.95,28226.4,27283.85,27294.8,18525,8425,870,600249138.75,723
FUTSTK,SHREECEM,26-Sep-24,27875.55,28000.0,27455.0,27572.1,27500.0,28380.0,27283.85,27572.1,650,25,16,11096632.5,16
FUTSTK,SHRIRAMFIN,25-Jul-24,2850.25,2859.5,2778.35,2791.55,2780.85,2853.5,2810.8,2791.55,7431000,-237600,5310,4472837145.0,4746
FUTSTK,SHRIRAMFIN,29-Aug-24,2848.65,2878.05,2796.85,2811.6,2806.35,2872.05,2810.8,2811.6,613500,239400,1547,1312899405.0,1308
FUTSTK,SHRIRAMFIN,26-Sep-24,2860.0,2868.55,2818.0,2821.0,2818.0,2889.1,2810.8,2821.0,19200,900,25,21327495.0,25
FUTSTK,SIEMENS,25-Jul-24,7117.45,7160.7,6828.2,6847.2,6835.0,7134.05,6850.1,6847.2,1771950,-146100,6234,6491811075.0,5561
FUTSTK,SIEMENS,29-Aug-24,7150.0,7203.0,6880.0,6892.05,6884.6,7183.45,6850.1,6892.05,378600,145200,2407,2526062325.0,2221
FUTSTK,SIEMENS,26-Sep-24,7212.0,7218.0,6930.85,6952.85,6930.85,7235.8,6850.1,6952.85,12450,2700,57,60236670.0,57
FUTSTK,SRF,25-Jul-24,2400.85,2405.85,2332.75,2339.5,2332.75,2406.75,2342.6,2339.5,4447500,-279375,4558,4042368393.75,3874
FUTSTK,SRF,29-Aug-24,2411.6,2411.6,2342.35,2345.25,2342.5,2414.65,2342.6,2345.25,788625,311625,1778,1580730712.5,1542
FUTSTK,SRF,26-Sep-24,2421.6,2421.6,2359.0,2361.0,2359.0,2428.45,2342.6,2361.0,40500,4125,19,16987687.5,19
FUTSTK,SUNPHARMA,25-Jul-24,1589.25,1589.25,1565.55,1567.75,1569.6,1595.1,1568.6,1567.75,15419250,-1295000,9816,5415409335.0,8009
FUTSTK,SUNPHARMA,29-Aug-24,1598.2,1598.6,1576.7,1578.55,1580.95,1606.55,1568.6,1578.55,1326500,620550,2725,1513037610.0,2044
FUTSTK,SUNPHARMA,26-Sep-24,1603.5,1605.85,1586.85,1586.85,1586.85,1616.6,1568.6,1586.85,13300,350,10,5600525.0,10
FUTSTK,SUNTV,25-Jul-24,796.25,799.05,784.85,787.25,784.85,801.75,785.3,787.25,5944500,-313500,1094,1297477200.0,966
FUTSTK,SUNTV,29-Aug-24,795.15,799.75,787.4,789.2,788.0,803.6,785.3,789.2,687000,192000,331,393577200.0,274
FUTSTK,SUNTV,26-Sep-24,793.8,797.45,792.4,791.6,792.4,801.15,785.3,791.6,25500,6000,13,15499050.0,11
FUTSTK,SYNGENE,25-Jul-24,746.4,747.65,722.3,729.45,729.4,742.25,750.1,729.45,6666000,35000,4329,3160322600.0,3938
FUTSTK,SYNGENE,29-Aug-24,733.0,733.0,701.05,711.75,712.0,726.6,750.1,711.75,2764000,812000,2521,1794526650.0,2229
FUTSTK,SYNGENE,26-Sep-24,705.0,706.3,690.0,701.6,700.7,718.4,750.1,701.6,179000,33000,53,37047700.0,45
FUTSTK,TATACHEM,25-Jul-24,1061.5,1062.0,1037.6,1042.85,1041.0,1061.15,1044.25,1042.85,8884700,-992750,6574,3778736720.0,5747
FUTSTK,TATACHEM,29-Aug-24,1065.15,1065.4,1042.0,1046.2,1045.15,1064.0,1044.25,1046.2,2380950,513700,2753,1588534062.5,2326
FUTSTK,TATACHEM,26-Sep-24,1065.0,1066.0,1048.0,1050.85,1050.0,1068.55,1044.25,1050.85,111100,22550,76,44081207.5,73
FUTSTK,TATACOMM,25-Jul-24,1870.0,1885.0,1779.65,1786.85,1782.1,1872.85,1788.4,1786.85,6600500,-535500,7061,6429436250.0,6010
FUTSTK,TATACOMM,29-Aug-24,1878.2,1898.9,1791.0,1799.2,1793.6,1888.3,1788.4,1799.2,997500,434000,2942,2693188000.0,2474
FUTSTK,TATACOMM,26-Sep-24,1897.5,1905.0,1808.0,1808.85,1809.15,1899.3,1788.4,1808.85,40000,8500,47,43017250.0,45
FUTSTK,TATACONSUM,25-Jul-24,1180.0,1199.8,1180.0,1186.75,1185.95,1193.3,1188.0,1186.75,9010800,-427950,6285,3369423397.5,5366
FUTSTK,TATACONSUM,29-Aug-24,1195.0,1207.2,1188.7,1194.2,1192.95,1200.95,1188.0,1194.2,1274850,377100,2065,1114707330.0,1758
FUTSTK,TATACONSUM,26-Sep-24,1207.8,1210.85,1199.0,1201.05,1201.95,1207.8,1188.0,1201.05,45900,3150,62,33654195.0,60
FUTSTK,TATAMOTORS,25-Jul-24,1025.0,1029.0,988.35,990.65,991.0,1027.25,990.0,990.65,53493000,-1116500,26784,14807950575.0,21495
FUTSTK,TATAMOTORS,29-Aug-24,1031.4,1032.3,995.0,997.15,997.4,1034.05,990.0,997.15,9607400,2756050,10793,6003880355.0,9012
FUTSTK,TATAMOTORS,26-Sep-24,1034.05,1035.0,1002.0,1003.25,1004.4,1040.05,990.0,1003.25,517550,107800,459,256441432.5,429
FUTSTK,TATAPOWER,25-Jul-24,431.1,431.1,412.6,413.9,413.9,430.05,414.15,413.9,77643900,-6513750,20285,11471738805.0,17057
FUTSTK,TATAPOWER,29-Aug-24,431.3,432.4,415.4,416.85,416.9,433.15,414.15,416.85,18458550,5098950,8516,4853079495.0,7233
FUTSTK,TATAPOWER,26-Sep-24,433.0,434.4,418.6,419.95,420.15,436.5,414.15,419.95,908550,221400,443,254168077.5,425
FUTSTK,TATASTEEL,25-Jul-24,166.5,166.5,157.43,157.74,157.85,166.82,157.77,157.74,219642500,-11440000,22934,20235912950.0,18646
FUTSTK,TATASTEEL,29-Aug-24,167.75,167.75,158.6,158.85,158.99,167.95,157.77,158.85,67859000,30272000,10244,9102714775.0,8213
FUTSTK,TATASTEEL,26-Sep-24,168.04,168.04,159.91,160.1,160.18,169.17,157.77,160.1,3481500,1270500,431,385636460.0,422
FUTSTK,TCS,25-Jul-24,4315.0,4357.0,4285.35,4301.2,4301.65,4307.55,4302.45,4301.2,16228625,-1605275,33203,25101374655.0,27736
FUTSTK,TCS,29-Aug-24,4347.35,4384.8,4315.0,4330.05,4330.65,4336.15,4302.45,4330.05,2141300,712250,9260,7049235156.25,6776
FUTSTK,TCS,26-Sep-24,4393.0,4409.45,4334.75,4356.25,4358.3,4361.55,4302.45,4356.25,85050,3325,180,137831400.0,178
FUTSTK,TECHM,25-Jul-24,1561.0,1561.0,1487.45,1490.0,1490.45,1544.4,1491.4,1490.0,15231600,-1263600,12125,10954403910.0,10001
FUTSTK,TECHM,29-Aug-24,1554.4,1554.4,1498.35,1500.4,1500.15,1554.35,1491.4,1500.4,1965000,523800,2436,2218153320.0,2031
FUTSTK,TECHM,26-Sep-24,1554.65,1554.65,1509.0,1510.5,1511.5,1564.05,1491.4,1510.5,37200,3000,63,57675570.0,61
FUTSTK,TITAN,25-Jul-24,3263.4,3283.25,3242.65,3255.95,3248.5,3263.65,3258.95,3255.95,8364300,-629825,12139,6931210903.75,10494
FUTSTK,TITAN,29-Aug-24,3286.7,3304.4,3265.0,3278.2,3270.05,3286.7,3258.95,3278.2,1356600,282625,3696,2125153966.25,2949
FUTSTK,TITAN,26-Sep-24,3290.0,3325.0,3290.0,3299.75,3295.05,3309.55,3258.95,3299.75,118125,-14875,213,123472387.5,189
FUTSTK,TORNTPHARM,25-Jul-24,3060.9,3062.7,2934.85,2943.8,2947.6,3054.7,2946.4,2943.8,1058500,-113500,1737,1291897362.5,1591
FUTSTK,TORNTPHARM,29-Aug-24,3061.9,3062.15,2953.2,2960.45,2962.6,3075.25,2946.4,2960.45,102750,72500,547,409079200.0,500
FUTSTK,TORNTPHARM,26-Sep-24,3031.45,3031.45,3031.45,3031.45,3031.45,3094.15,2946.4,2987.35,2000,0,1,757862.5,1
FUTSTK,TRENT,25-Jul-24,5256.75,5305.95,5114.7,5166.0,5155.0,5323.05,5166.35,5166.0,2682400,-126000,6231,6457380050.0,5485
FUTSTK,TRENT,29-Aug-24,5326.8,5332.7,5151.5,5203.0,5190.0,5358.7,5166.35,5203.0,406600,137400,2300,2398558940.0,2134
FUTSTK,TRENT,26-Sep-24,5350.0,5350.0,5191.75,5236.2,5228.8,5402.6,5166.35,5236.2,29600,4600,79,83042240.0,72
FUTSTK,TVSMOTOR,25-Jul-24,2417.7,2418.4,2372.35,2401.8,2402.4,2413.85,2404.55,2401.8,4474750,-220850,3913,3279448480.0,3590
FUTSTK,TVSMOTOR,29-Aug-24,2437.5,2437.5,2388.5,2417.9,2415.7,2429.2,2404.55,2417.9,567350,141400,1169,986120187.5,1003
FUTSTK,TVSMOTOR,26-Sep-24,2428.0,2433.0,2405.0,2431.75,2432.0,2443.5,2404.55,2431.75,59150,7350,223,189175140.0,165
FUTSTK,UBL,25-Jul-24,2076.1,2097.55,2027.95,2033.75,2027.95,2086.75,2040.85,2033.75,2230000,-94800,2111,1734825040.0,1761
FUTSTK,UBL,29-Aug-24,2071.0,2096.0,2005.0,2013.7,2005.0,2072.15,2040.85,2013.7,409200,125200,837,684018220.0,723
FUTSTK,UBL,26-Sep-24,2061.0,2061.0,2013.0,2014.65,2014.65,2060.35,2040.85,2014.65,19600,4000,11,8957440.0,10
FUTSTK,ULTRACEMCO,25-Jul-24,11684.3,11684.3,11237.6,11275.5,11272.0,11684.3,11259.15,11275.5,2050700,-118500,19237,21898936700.0,16182
FUTSTK,ULTRACEMCO,29-Aug-24,11558.0,11591.65,11250.3,11281.0,11275.0,11684.75,11259.15,11281.0,590500,73900,3329,3793545660.0,3076
FUTSTK,ULTRACEMCO,26-Sep-24,11570.7,11570.7,11310.1,11332.2,11325.0,11722.7,11259.15,11332.2,11200,4300,98,112341245.0,75
FUTSTK,UNITDSPR,25-Jul-24,1299.1,1315.95,1288.2,1300.75,1298.7,1300.8,1297.75,1300.75,12035100,-254800,8145,7443555630.0,5671
FUTSTK,UNITDSPR,29-Aug-24,1308.35,1324.9,1299.0,1308.25,1308.9,1309.7,1297.75,1308.25,1766100,877800,2160,1986650680.0,1370
FUTSTK,UNITDSPR,26-Sep-24,1309.0,1331.1,1309.0,1324.0,1324.0,1315.6,1297.75,1315.8,46900,4200,14,12988010.0,14
FUTSTK,UPL,25-Jul-24,559.3,560.6,541.2,542.2,542.6,560.35,542.6,542.2,32110000,-1582100,6771,4829635200.0,5581
FUTSTK,UPL,29-Aug-24,560.5,563.8,544.85,545.7,546.8,563.65,542.6,545.7,6635200,1749800,2586,1855108840.0,2232
FUTSTK,UPL,26-Sep-24,560.0,566.3,548.6,549.15,549.5,567.45,542.6,549.15,527800,98800,149,107433690.0,132
FUTSTK,VEDL,25-Jul-24,453.3,454.0,436.65,439.75,440.95,452.45,439.8,439.75,141836400,-5204900,2476,2527702875.0,2033
FUTSTK,VEDL,29-Aug-24,453.9,453.9,441.15,442.2,441.2,455.7,439.8,442.2,13988600,-292100,130,133873685.0,108
FUTSTK,VEDL,26-Sep-24,0.0,0.0,0.0,455.9,455.9,455.9,439.8,445.95,446200,0,0,0.0,0
FUTSTK,VOLTAS,25-Jul-24,1504.5,1509.0,1471.15,1475.75,1472.95,1498.3,1477.6,1475.75,7051800,-494400,5068,4517923500.0,4552
FUTSTK,VOLTAS,29-Aug-24,1505.1,1516.15,1480.7,1485.1,1482.75,1506.75,1477.6,1485.1,643200,351000,1535,1377362430.0,1339
FUTSTK,VOLTAS,26-Sep-24,1505.8,1510.0,1490.0,1491.2,1491.2,1514.05,1477.6,1491.2,29400,-1800,49,44112810.0,36
FUTSTK,WIPRO,25-Jul-24,576.95,579.7,554.6,556.8,556.3,573.45,557.2,556.8,50980500,-4932000,23723,20076329100.0,20443
FUTSTK,WIPRO,29-Aug-24,582.0,582.0,558.0,560.05,559.7,576.4,557.2,560.05,8667000,3097500,6725,5717093250.0,6359
FUTSTK,WIPRO,26-Sep-24,583.25,584.0,561.0,562.95,562.5,578.75,557.2,562.95,571500,40500,327,278816400.0,295
FUTSTK,ZYDUSLIFE,25-Jul-24,1174.2,1174.25,1138.75,1145.85,1143.05,1186.5,1144.45,1145.85,15300900,-460800,6118,6365978730.0,5252
FUTSTK,ZYDUSLIFE,29-Aug-24,1172.75,1177.15,1144.1,1151.45,1149.7,1191.05,1144.45,1151.45,1415700,1054800,2386,2492907165.0,2114
FUTSTK,ZYDUSLIFE,26-Sep-24,1177.8,1179.5,1155.0,1157.9,1155.0,1197.25,1144.45,1157.9,54000,12600,48,50489775.0,37
